OBJECTID,Station_ID,Sample_Year,Waterbody_Name,Sample_Type,Fish_Species,Municipality,Subregional_Basin_Code,Sample_ID,Quantity,County,x,y
11,14141,1994,Bonemill Brook,Quantified_Electrofishing_all_species_cencus,"Brook Trout, Wild",TOLLAND,3100,141411994,136,Tolland,-72.3162,41.9249
55,14129,1991,Beacon Hill Brook,Quantified_Electrofishing_all_species_cencus,"Brook Trout, Wild",BEACON FALLS,6918,141291991,6,New Haven,-73.0501,41.4684
79,14129,2016,Beacon Hill Brook,Quantified_Electrofishing_all_species_cencus,"Brook Trout, Wild",BEACON FALLS,6918,141292016,2,New Haven,-73.0501,41.4684
98,14133,2011,Blackberry River,Quantified_Electrofishing_all_species_cencus,"Brook Trout, Wild",NORFOLK,6100,141332011,1,Litchfield,-73.2184,42.0007000000001
125,19183,1999,Birge Pond Brook,Quantified_Electrofishing_all_species_cencus,"Brook Trout, Wild",BRISTOL,4315,191831999,42,Hartford,-72.95122,41.6964600000001
1897,14135,2011,Blackberry River,Quantified_Electrofishing_all_species_cencus,"Brook Trout, Wild",NORFOLK,6100,141352011,1,Litchfield,-73.2196,42.0009000000001
1910,14139,2017,Bladens River (Bladdens River),Quantified_Electrofishing_all_species_cencus,"Brook Trout, Wild",SEYMOUR,6919,141392017,3,New Haven,-73.0608,41.3958000000001
1920,14166,1991,Deep Brook,Quantified_Electrofishing_all_species_cencus,"Brook Trout, Wild",NEWTOWN,6019,141661991,10,Fairfield,-73.294,41.4040000000001
1928,14247,1998,Hollenbeck River,Quantified_Electrofishing_all_species_cencus,"Brook Trout, Wild",CANAAN,6200,142471998,3,Litchfield,-73.3058,41.9431000000001
1939,14263,2012,Kahn Brook,Quantified_Electrofishing_all_species_cencus,"Brook Trout, Wild",BOZRAH,3900,142632012,28,New London,-72.1702,41.5681000000001
1981,14407,1997,Pootatuck River,Quantified_Electrofishing_all_species_cencus,"Brook Trout, Wild",NEWTOWN,6020,144071997,12,Fairfield,-73.2823,41.4142000000001
2081,14725,2003,Seth Williams Brook,Quantified_Electrofishing_all_species_cencus,"Brook Trout, Wild",LEDYARD,2103,147252003,2,New London,-71.9573,41.4257000000001
2088,14753,1995,Willow Brook,Quantified_Electrofishing_all_species_cencus,"Brook Trout, Wild",CHESHIRE,5301,147531995,2,New Haven,-72.9231,41.4766000000001
2338,15159,2010,"Morgan Brook, No name tributary to",Quantified_Electrofishing_all_species_cencus,"Brook Trout, Wild",BARKHAMSTED,4305,151592010,17,Litchfield,-73.0031999999999,41.9007
2341,15175,1993,Green Fall River,Quantified_Electrofishing_all_species_cencus,"Brook Trout, Wild",NORTH STONINGTON,1002,151751993,4,New London,-71.8165999999999,41.4560000000001
2426,15187,1999,Dayton Brook,Quantified_Electrofishing_all_species_cencus,"Brook Trout, Wild",SOUTHINGTON,5201,151871999,42,Hartford,-72.9045,41.6053000000001
2465,15259,2004,Whitford Brook,Quantified_Electrofishing_all_species_cencus,"Brook Trout, Wild",STONINGTON,2104,152592004,102,New London,-71.9603,41.395
2469,15264,1997,Laurel Brook,Quantified_Electrofishing_all_species_cencus,"Brook Trout, Wild",MIDDLETOWN,4607,152641997,1,Middlesex,-72.6781,41.5339000000001
2472,15268,2000,Fox Brook,Quantified_Electrofishing_all_species_cencus,"Brook Trout, Wild",MONTVILLE,3004,152682000,14,New London,-72.1683,41.4597000000001
2543,15591,1997,"Old Tannery Brook, No name tributary to tributary",Quantified_Electrofishing_all_species_cencus,"Brook Trout, Wild",WOLCOTT,6914,155911997,43,New Haven,-73.0013999999999,41.575
2557,15692,1988,Owens Brook,Quantified_Electrofishing_all_species_cencus,"Brook Trout, Wild",SIMSBURY,4300,156921988,46,Hartford,-72.7993999999999,41.8853
2558,15694,2000,Roaring Brook,Quantified_Electrofishing_all_species_cencus,"Brook Trout, Wild",GLASTONBURY,4009,156942000,1,Hartford,-72.5861,41.6639000000001
2584,15759,2005,Whitford Brook,Quantified_Electrofishing_all_species_cencus,"Brook Trout, Wild",STONINGTON,2104,157592005,12,New London,-71.9605,41.3909
2615,15838,1994,Wappoquia Brook,Quantified_Electrofishing_all_species_cencus,"Brook Trout, Wild",POMFRET,3709,158381994,23,Windham,-71.9603519999999,41.8689570000001
2626,15882,2016,Mill Brook,Quantified_Electrofishing_all_species_cencus,"Brook Trout, Wild",SHARON,6302,158822016,5,Litchfield,-73.4691,41.8584000000001
2631,15900,2010,Chatfield Hollow Brook,Quantified_Electrofishing_all_species_cencus,"Brook Trout, Wild",KILLINGWORTH,5105,159002010,16,Middlesex,-72.592586,41.372873
2663,16087,2004,Morgan Brook,Quantified_Electrofishing_all_species_cencus,"Brook Trout, Wild",BARKHAMSTED,4305,160872004,6,Litchfield,-73.0312,41.8955
2725,16282,2002,Farmill River,Quantified_Electrofishing_all_species_cencus,"Brook Trout, Wild",SHELTON,6025,162822002,1,Fairfield,-73.1729999999999,41.2930000000001
2733,16310,1989,Broad Brook,Quantified_Electrofishing_all_species_cencus,"Brook Trout, Wild",ELLINGTON,4206,163101989,54,Tolland,-72.4979999999999,41.9192
2778,16466,2009,"Burrs Brook, No name tributary to",Quantified_Electrofishing_all_species_cencus,"Brook Trout, Wild",NORTH BRANFORD,5112,164662009,1,New Haven,-72.802,41.3293
2788,16608,2006,Deming Brook,Quantified_Electrofishing_all_species_cencus,"Brook Trout, Wild",CANAAN,6202,166082006,0,Litchfield,-73.3013999999999,41.9644000000001
2791,16823,1988,Mad River,Quantified_Electrofishing_all_species_cencus,"Brook Trout, Wild",WINCHESTER,4302,168231988,11,Litchfield,-73.0977999999999,41.9342
2820,16959,1992,Pequonnock River,Quantified_Electrofishing_all_species_cencus,"Brook Trout, Wild",TRUMBULL,7105,169591992,80,Fairfield,-73.2132999999999,41.2603
2848,17101,1993,Tankerhoosen River (Pond),Quantified_Electrofishing_all_species_cencus,"Brook Trout, Wild",VERNON,4503,171011993,2,Tolland,-72.4474999999999,41.8308000000001
2857,17102,1993,Rickenback Brook (Hatch Brook),Quantified_Electrofishing_all_species_cencus,"Brook Trout, Wild",VERNON,4503,171021993,30,Tolland,-72.4458,41.8328000000001
2860,17213,1993,Yantic River,Quantified_Electrofishing_all_species_cencus,"Brook Trout, Wild",BOZRAH,3900,172131993,1,New London,-72.2117069999999,41.571126
2915,17410,1995,Sawmill Brook,Quantified_Electrofishing_all_species_cencus,"Brook Trout, Wild",WINDHAM,3208,174101995,2,Windham,-72.1999,41.7278000000001
2921,17466,2016,Giffords Brook,Quantified_Electrofishing_all_species_cencus,"Brook Trout, Wild",COLUMBIA,3109,174662016,1,Tolland,-72.2911,41.6940000000001
2935,17549,2004,Bonemill Brook,Quantified_Electrofishing_all_species_cencus,"Brook Trout, Wild",TOLLAND,3100,175492004,94,Tolland,-72.30743,41.9239400000001
2940,17607,1995,Willow Brook,Quantified_Electrofishing_all_species_cencus,"Brook Trout, Wild",CHESHIRE,5301,176071995,1,New Haven,-72.9209499999999,41.466664
2948,17607,2017,Willow Brook,Quantified_Electrofishing_all_species_cencus,"Brook Trout, Wild",CHESHIRE,5301,176072017,7,New Haven,-72.9209499999999,41.466664
2958,17608,2004,Race Brook,Quantified_Electrofishing_all_species_cencus,"Brook Trout, Wild",ORANGE,5307,176082004,10,New Haven,-73.027463,41.291565
2987,17645,2008,Lassell's Brook,Quantified_Electrofishing_all_species_cencus,"Brook Trout, Wild",STONINGTON,1000,176452008,16,New London,-71.851171,41.3973530000001
3016,17748,2015,Jericho Brook,Quantified_Electrofishing_all_species_cencus,"Brook Trout, Wild",WATERTOWN,6900,177482015,58,Litchfield,-73.0808749999999,41.6320380000001
3018,17757,2013,Poplar Swamp Brook,Quantified_Electrofishing_all_species_cencus,"Brook Trout, Wild",FARMINGTON,4300,177572013,121,Hartford,-72.845533,41.74875
3035,17774,2000,Gillettes Brook,Quantified_Electrofishing_all_species_cencus,"Brook Trout, Wild",SOMERS,4202,177742000,17,Tolland,-72.42761,41.99643
3040,17774,2010,Gillettes Brook,Quantified_Electrofishing_all_species_cencus,"Brook Trout, Wild",SOMERS,4202,177742010,10,Tolland,-72.42761,41.99643
3051,17893,2017,Hubbard Brook,Quantified_Electrofishing_all_species_cencus,"Brook Trout, Wild",MIDDLETOWN,4000,178932017,29,Middlesex,-72.5649999999999,41.5290000000001
3070,17971,2001,Railroad Brook,Quantified_Electrofishing_all_species_cencus,"Brook Trout, Wild",BOLTON,4503,179712001,4,Tolland,-72.4529899999999,41.7922
3076,17971,2002,Railroad Brook,Quantified_Electrofishing_all_species_cencus,"Brook Trout, Wild",BOLTON,4503,179712002,1,Tolland,-72.4529899999999,41.7922
3092,17984,2017,Hope Valley Brook,Quantified_Electrofishing_all_species_cencus,"Brook Trout, Wild",HEBRON,4705,179842017,1,Tolland,-72.3781,41.6336000000001
3105,18207,2012,Mine Brook,Quantified_Electrofishing_all_species_cencus,"Brook Trout, Wild",EAST HAMPTON,4000,182072012,46,Middlesex,-72.5487009999999,41.5619320000001
3107,18272,2012,"West Branch Farmington River, Tributary to",Quantified_Electrofishing_all_species_cencus,"Brook Trout, Wild",BARKHAMSTED,4300,182722012,20,Litchfield,-73.003188,41.9257470000001
3128,18404,1999,Broad Brook,Quantified_Electrofishing_all_species_cencus,"Brook Trout, Wild",CHESHIRE,5204,184041999,24,New Haven,-72.8601199999999,41.5245560000001
3176,18462,2010,Whetstone Brook,Quantified_Electrofishing_all_species_cencus,"Brook Trout, Wild",KILLINGLY,3404,184622010,29,Windham,-71.8762,41.8313600000001
3209,18500,1993,Cranberry Meadow Brook,Quantified_Electrofishing_all_species_cencus,"Brook Trout, Wild",EAST LYME,2202,185001993,127,New London,-72.2288399999999,41.408102
3216,18500,2010,Cranberry Meadow Brook,Quantified_Electrofishing_all_species_cencus,"Brook Trout, Wild",EAST LYME,2202,185002010,67,New London,-72.2288399999999,41.408102
3222,18507,2016,Mad River,Quantified_Electrofishing_all_species_cencus,"Brook Trout, Wild",WOLCOTT,6914,185072016,49,New Haven,-72.985688,41.6116860000001
3226,18513,2005,Womenshenuck Brook (Womenshenuk Brook),Quantified_Electrofishing_all_species_cencus,"Brook Trout, Wild",KENT,6016,185132005,182,Litchfield,-73.4658699999999,41.712841
3284,18620,2010,Choggam Brook,Quantified_Electrofishing_all_species_cencus,"Brook Trout, Wild",KENT,6000,186202010,18,Litchfield,-73.46935,41.7448370000001
3286,18622,2012,"Pond Brook, Unnamed Tributary to",Quantified_Electrofishing_all_species_cencus,"Brook Trout, Wild",NEWTOWN,6018,186222012,6,Fairfield,-73.34153,41.4508430000001
3308,18655,2007,Cedar Pond Brook,Quantified_Electrofishing_all_species_cencus,"Brook Trout, Wild",LYME,4803,186552007,11,New London,-72.307,41.414
3317,18711,2014,Bobbin Mill Brook,Quantified_Electrofishing_all_species_cencus,"Brook Trout, Wild",NORWICH,3900,187112014,5,New London,-72.0925099999999,41.5466650000001
3346,18805,2014,"West Branch Salmon Brook, No Name Tributary",Quantified_Electrofishing_all_species_cencus,"Brook Trout, Wild",GRANBY,4319,188052014,25,Hartford,-72.88362,41.95509
3349,18834,2005,Muddy River,Quantified_Electrofishing_all_species_cencus,"Brook Trout, Wild",WALLINGFORD,5208,188342005,81,New Haven,-72.7691399999999,41.4447500000001
3357,18837,1989,Porter Brook,Quantified_Electrofishing_all_species_cencus,"Brook Trout, Wild",MANCHESTER,4504,188371989,41,Hartford,-72.5055379999999,41.764864
3359,18837,1991,Porter Brook,Quantified_Electrofishing_all_species_cencus,"Brook Trout, Wild",MANCHESTER,4504,188371991,33,Hartford,-72.5055379999999,41.764864
3371,18853,2008,Mountain Brook,Quantified_Electrofishing_all_species_cencus,"Brook Trout, Wild",GRANBY,4319,188532008,11,Hartford,-72.8826,41.95302
3373,18853,2009,Mountain Brook,Quantified_Electrofishing_all_species_cencus,"Brook Trout, Wild",GRANBY,4319,188532009,1,Hartford,-72.8826,41.95302
3378,18853,2014,Mountain Brook,Quantified_Electrofishing_all_species_cencus,"Brook Trout, Wild",GRANBY,4319,188532014,2,Hartford,-72.8826,41.95302
3380,18855,2014,Ratlum Brook,Quantified_Electrofishing_all_species_cencus,"Brook Trout, Wild",NEW HARTFORD,4308,188552014,23,Litchfield,-72.9479499999999,41.88271
3382,18855,2016,Ratlum Brook,Quantified_Electrofishing_all_species_cencus,"Brook Trout, Wild",NEW HARTFORD,4308,188552016,11,Litchfield,-72.9479499999999,41.88271
3385,18859,2004,Mill Brook,Quantified_Electrofishing_all_species_cencus,"Brook Trout, Wild",WINCHESTER,4302,188592004,15,Litchfield,-73.11322,41.94552
3410,18924,2015,"East Branch Shepaug River, Unnamed tributary to",Quantified_Electrofishing_all_species_cencus,"Brook Trout, Wild",GOSHEN,6700,189242015,1,Litchfield,-73.28623,41.78135
3413,18956,1994,Blackwell Brook,Quantified_Electrofishing_all_species_cencus,"Brook Trout, Wild",CANTERBURY,3711,189561994,2,Windham,-71.949527,41.735804
3436,18963,2017,Birch Mountain Brook,Quantified_Electrofishing_all_species_cencus,"Brook Trout, Wild",MANCHESTER,4504,189632017,375,Hartford,-72.4810899999999,41.766826
3444,18984,1998,Willeys Brook (Christopher Brook),Quantified_Electrofishing_all_species_cencus,"Brook Trout, Wild",EAST HAMPTON,4709,189841998,3,Middlesex,-72.520381,41.5957070000001
3498,19030,2016,"Roaring Brook, No name tributary to",Quantified_Electrofishing_all_species_cencus,"Brook Trout, Wild",NORFOLK,6100,190302016,23,Litchfield,-73.2284,41.99672
3509,19064,2016,Tadma Brook,Quantified_Electrofishing_all_species_cencus,"Brook Trout, Wild",BOZRAH,3001,190642016,1,New London,-72.164157,41.5122930000001
3529,19068,2016,Falls Brook,Quantified_Electrofishing_all_species_cencus,"Brook Trout, Wild",MONTVILLE,3005,190682016,3,New London,-72.1394079999999,41.477406
3530,19069,2005,mcAlpine Brook,Quantified_Electrofishing_all_species_cencus,"Brook Trout, Wild",MONTVILLE,3004,190692005,5,New London,-72.17362,41.4789250000001
3532,19069,2016,mcAlpine Brook,Quantified_Electrofishing_all_species_cencus,"Brook Trout, Wild",MONTVILLE,3004,190692016,13,New London,-72.17362,41.4789250000001
3537,19076,2016,Cedar Swamp Brook,Quantified_Electrofishing_all_species_cencus,"Brook Trout, Wild",HAMPTON,3805,190762016,2,Windham,-72.05671,41.7666850000001
3542,19078,2016,"Sherman Brook, No name tributary to",Quantified_Electrofishing_all_species_cencus,"Brook Trout, Wild",COLCHESTER,3903,190782016,8,New London,-72.276934,41.568607
3545,19082,2016,"Sherman Brook, No name tributary to",Quantified_Electrofishing_all_species_cencus,"Brook Trout, Wild",COLCHESTER,3903,190822016,40,New London,-72.277008,41.5693400000001
3546,19084,2016,"Sherman Brook, No name tributary to",Quantified_Electrofishing_all_species_cencus,"Brook Trout, Wild",COLCHESTER,3903,190842016,33,New London,-72.295048,41.5747650000001
3547,19085,2016,"Sherman Brook, No name tributary to",Quantified_Electrofishing_all_species_cencus,"Brook Trout, Wild",COLCHESTER,3903,190852016,11,New London,-72.294415,41.574595
3549,19086,2011,"Lyman Brook, Unnamed tributary to",Quantified_Electrofishing_all_species_cencus,"Brook Trout, Wild",MARLBOROUGH,4707,190862011,19,Hartford,-72.449226,41.6284140000001
3551,19086,2012,"Lyman Brook, Unnamed tributary to",Quantified_Electrofishing_all_species_cencus,"Brook Trout, Wild",MARLBOROUGH,4707,190862012,16,Hartford,-72.449226,41.6284140000001
3553,19086,2013,"Lyman Brook, Unnamed tributary to",Quantified_Electrofishing_all_species_cencus,"Brook Trout, Wild",MARLBOROUGH,4707,190862013,33,Hartford,-72.449226,41.6284140000001
3554,19086,2016,"Lyman Brook, Unnamed tributary to",Quantified_Electrofishing_all_species_cencus,"Brook Trout, Wild",MARLBOROUGH,4707,190862016,25,Hartford,-72.449226,41.6284140000001
3573,19100,2016,Conant Brook,Quantified_Electrofishing_all_species_cencus,"Brook Trout, Wild",MANSFIELD,3207,191002016,11,Tolland,-72.202255,41.8068730000001
3576,19101,2016,Conant Brook,Quantified_Electrofishing_all_species_cencus,"Brook Trout, Wild",MANSFIELD,3207,191012016,1,Tolland,-72.19694,41.79524
3587,19110,2016,Flat Brook,Quantified_Electrofishing_all_species_cencus,"Brook Trout, Wild",MARLBOROUGH,4707,191102016,72,Hartford,-72.470026,41.681854
3589,19111,2016,"Dickinson Creek, Unnamed tributary to",Quantified_Electrofishing_all_species_cencus,"Brook Trout, Wild",MARLBOROUGH,4708,191112016,20,Hartford,-72.495131,41.65018
3590,19112,2016,"Dickinson Creek, Unnamed tributary to",Quantified_Electrofishing_all_species_cencus,"Brook Trout, Wild",MARLBOROUGH,4708,191122016,21,Hartford,-72.500324,41.6522640000001
3592,19113,2016,"Merrick Brook, Unnamed tributary to",Quantified_Electrofishing_all_species_cencus,"Brook Trout, Wild",HAMPTON,3803,191132016,5,Windham,-72.084552,41.7390720000001
3597,19115,2016,Merrick Brook,Quantified_Electrofishing_all_species_cencus,"Brook Trout, Wild",HAMPTON,3803,191152016,8,Windham,-72.0954419999999,41.7606400000001
3600,19118,2016,"Judd Brook, Unnamed tributary to",Quantified_Electrofishing_all_species_cencus,"Brook Trout, Wild",COLCHESTER,4702,191182016,3,New London,-72.3355129999999,41.5987240000001
3632,19132,2016,"Little River, No name tributary to",Quantified_Electrofishing_all_species_cencus,"Brook Trout, Wild",CANTERBURY,3805,191322016,4,Windham,-72.05015,41.6864850000001
3635,19139,2003,Plum Gully Brook,Quantified_Electrofishing_all_species_cencus,"Brook Trout, Wild",SOUTH WINDSOR,4004,191392003,5,Hartford,-72.556698,41.8216560000001
3640,19140,2005,Pine Brook,Quantified_Electrofishing_all_species_cencus,"Brook Trout, Wild",BROOKLYN,3700,191402005,12,Windham,-71.923424,41.759039
3645,19143,2016,Brown Brook,Quantified_Electrofishing_all_species_cencus,"Brook Trout, Wild",UNION,3701,191432016,23,Tolland,-72.1665819999999,42.0293320000001
3650,19144,2016,"Brown Brook, No name tributary to",Quantified_Electrofishing_all_species_cencus,"Brook Trout, Wild",UNION,3701,191442016,52,Tolland,-72.172161,42.0093600000001
3673,19160,2016,Guinea Brook,Quantified_Electrofishing_all_species_cencus,"Brook Trout, Wild",SHARON,6011,191602016,4,Litchfield,-73.4255429999999,41.825278
3677,19160,2017,Guinea Brook,Quantified_Electrofishing_all_species_cencus,"Brook Trout, Wild",SHARON,6011,191602017,5,Litchfield,-73.4255429999999,41.825278
3692,19177,2012,Beaver Brook,Quantified_Electrofishing_all_species_cencus,"Brook Trout, Wild",SCOTLAND,3802,191772012,7,Windham,-72.108888,41.6795240000001
3703,19178,2011,Beaver Meadow Brook,Quantified_Electrofishing_all_species_cencus,"Brook Trout, Wild",HADDAM,4015,191782011,1,Middlesex,-72.5260029999999,41.457723
3707,19179,2000,Bigelow Brook,Quantified_Electrofishing_all_species_cencus,"Brook Trout, Wild",ASHFORD,3203,191792000,2,Windham,-72.152503,41.9577370000001
3709,19181,1994,"Bigelow Brook,No name tributary to",Quantified_Electrofishing_all_species_cencus,"Brook Trout, Wild",UNION,3203,191811994,17,Tolland,-72.125659,41.994606
3711,19182,2010,Bindloss Brook,Quantified_Electrofishing_all_species_cencus,"Brook Trout, Wild",GROTON,2106,191822010,11,New London,-71.974541,41.3697030000001
3744,19187,2011,Burnap Brook,Quantified_Electrofishing_all_species_cencus,"Brook Trout, Wild",ANDOVER,3107,191872011,1,Tolland,-72.397327,41.746341
3747,19188,2003,Burnham Brook,Quantified_Electrofishing_all_species_cencus,"Brook Trout, Wild",EAST HADDAM,4800,191882003,59,Middlesex,-72.314715,41.476301
3748,19189,2006,Burton Brook,Quantified_Electrofishing_all_species_cencus,"Brook Trout, Wild",SALISBURY,6005,191892006,45,Litchfield,-73.4744699999999,42.0009820000001
3764,19202,2009,Cold Brook,Quantified_Electrofishing_all_species_cencus,"Brook Trout, Wild",FRANKLIN,3800,192022009,2,New London,-72.151181,41.657002
3768,19203,2009,Cold Brook,Quantified_Electrofishing_all_species_cencus,"Brook Trout, Wild",FRANKLIN,3800,192032009,3,New London,-72.150953,41.6572860000001
3794,19209,2009,Cory Brook,Quantified_Electrofishing_all_species_cencus,"Brook Trout, Wild",CANTERBURY,3715,192092009,8,Windham,-72.008042,41.6708760000001
3810,19225,2008,West Branch Farmington River,Quantified_Electrofishing_all_species_cencus,"Brook Trout, Wild",BARKHAMSTED,4300,192252008,7,Litchfield,-73.018044,41.9708810000001
3832,19234,2010,Farmington River,Quantified_Electrofishing_all_species_cencus,"Brook Trout, Wild",NEW HARTFORD,4300,192342010,2,Litchfield,-72.9578759999999,41.868458
3844,19235,2012,Farmington River,Quantified_Electrofishing_all_species_cencus,"Brook Trout, Wild",BARKHAMSTED,4300,192352012,1,Litchfield,-73.016735,41.9456700000001
3854,19254,2003,Jordan Brook,Quantified_Electrofishing_all_species_cencus,"Brook Trout, Wild",WATERFORD,2201,192542003,17,New London,-72.1599189999999,41.387547
3888,19266,2007,West Branch Salmon Brook,Quantified_Electrofishing_all_species_cencus,"Brook Trout, Wild",HARTLAND,4319,192662007,1032,Hartford,-72.88724,41.9741960000001
3893,19267,2011,"Lyman Brook, Unnamed tributary to",Quantified_Electrofishing_all_species_cencus,"Brook Trout, Wild",MARLBOROUGH,4707,192672011,34,Hartford,-72.446969,41.6299680000001
3897,19267,2012,"Lyman Brook, Unnamed tributary to",Quantified_Electrofishing_all_species_cencus,"Brook Trout, Wild",MARLBOROUGH,4707,192672012,93,Hartford,-72.446969,41.6299680000001
3900,19267,2013,"Lyman Brook, Unnamed tributary to",Quantified_Electrofishing_all_species_cencus,"Brook Trout, Wild",MARLBOROUGH,4707,192672013,59,Hartford,-72.446969,41.6299680000001
3907,19280,1995,Willow Brook,Quantified_Electrofishing_all_species_cencus,"Brook Trout, Wild",CHESHIRE,5301,192801995,5,New Haven,-72.919027,41.4863300000001
3914,19280,2017,Willow Brook,Quantified_Electrofishing_all_species_cencus,"Brook Trout, Wild",CHESHIRE,5301,192802017,1,New Haven,-72.919027,41.4863300000001
3947,19289,2012,Tankerhoosen River,Quantified_Electrofishing_all_species_cencus,"Brook Trout, Wild",VERNON,4503,192892012,39,Tolland,-72.431541,41.8458910000001
3971,19389,2009,Fenton River,Quantified_Electrofishing_all_species_cencus,"Brook Trout, Wild",WILLINGTON,3207,193892009,3,Tolland,-72.227205,41.9046080000001
3975,19390,1994,Conant Brook,Quantified_Electrofishing_all_species_cencus,"Brook Trout, Wild",MANSFIELD,3207,193901994,4,Tolland,-72.2037789999999,41.785111
3985,19394,2000,Flat Brook,Quantified_Electrofishing_all_species_cencus,"Brook Trout, Wild",CORNWALL,6200,193942000,39,Litchfield,-73.304525,41.915754
3990,19395,2007,Flat Brook,Quantified_Electrofishing_all_species_cencus,"Brook Trout, Wild",EAST HAMPTON,4700,193952007,17,Middlesex,-72.468135,41.568006
3993,19396,1993,Flat Brook,Quantified_Electrofishing_all_species_cencus,"Brook Trout, Wild",LEDYARD,3000,193961993,42,New London,-72.082012,41.411252
4002,19402,2012,Gages Brook,Quantified_Electrofishing_all_species_cencus,"Brook Trout, Wild",VERNON,4503,194022012,3,Tolland,-72.428505,41.8511580000001
4012,19408,2009,Gillettes Brook,Quantified_Electrofishing_all_species_cencus,"Brook Trout, Wild",SOMERS,4203,194082009,5,Tolland,-72.4159519999999,42.010091
4028,19409,2005,Great Brook,Quantified_Electrofishing_all_species_cencus,"Brook Trout, Wild",LEDYARD,2107,194092005,6,New London,-72.0396919999999,41.3912980000001
4034,19410,1993,Thompson Brook,Quantified_Electrofishing_all_species_cencus,"Brook Trout, Wild",LEDYARD,2107,194101993,148,New London,-72.041387,41.398042
4038,19418,1999,North Branch Hamlin Brook,Quantified_Electrofishing_all_species_cencus,"Brook Trout, Wild",SOUTHINGTON,5201,194181999,26,Hartford,-72.929584,41.5958910000001
4039,19419,1999,South Branch Hamlin Brook,Quantified_Electrofishing_all_species_cencus,"Brook Trout, Wild",SOUTHINGTON,5201,194191999,95,Hartford,-72.927374,41.5915430000001
4046,19427,2017,Hemlock Brook,Quantified_Electrofishing_all_species_cencus,"Brook Trout, Wild",GUILFORD,4607,194272017,3,New Haven,-72.69686,41.42292
4051,19428,1989,Hemlock Valley Brook,Quantified_Electrofishing_all_species_cencus,"Brook Trout, Wild",EAST HADDAM,4016,194281989,2,Middlesex,-72.421824,41.436064
4060,19430,2005,Higley Brook,Quantified_Electrofishing_all_species_cencus,"Brook Trout, Wild",GRANBY,4319,194302005,13,Hartford,-72.852852,41.96212
4062,19430,2006,Higley Brook,Quantified_Electrofishing_all_species_cencus,"Brook Trout, Wild",GRANBY,4319,194302006,20,Hartford,-72.852852,41.96212
4065,19430,2007,Higley Brook,Quantified_Electrofishing_all_species_cencus,"Brook Trout, Wild",GRANBY,4319,194302007,8,Hartford,-72.852852,41.96212
4068,19431,1991,Hitchcock Mill Brook,Quantified_Electrofishing_all_species_cencus,"Brook Trout, Wild",BRIDGEWATER,6000,194311991,29,Litchfield,-73.372879,41.5075160000001
4076,19437,2003,Hockanum River,Quantified_Electrofishing_all_species_cencus,"Brook Trout, Wild",ELLINGTON,4500,194372003,2,Tolland,-72.477493,41.8783980000001
4114,19447,2010,Falls Hill Brook,Quantified_Electrofishing_all_species_cencus,"Brook Trout, Wild",SALISBURY,6000,194472010,169,Litchfield,-73.373691,41.952275
4117,19449,2010,"Housatonic River, No name tributary to",Quantified_Electrofishing_all_species_cencus,"Brook Trout, Wild",SHARON,6000,194492010,18,Litchfield,-73.3973559999999,41.8035540000001
4120,19450,2001,"Hubbard Brook, Unnamed tributary to",Quantified_Electrofishing_all_species_cencus,"Brook Trout, Wild",GLASTONBURY,4007,194502001,38,Hartford,-72.5903059999999,41.6993440000001
4126,19453,1999,Judd Brook,Quantified_Electrofishing_all_species_cencus,"Brook Trout, Wild",SOUTHINGTON,5202,194531999,34,Hartford,-72.931677,41.575412
4137,19468,1993,Latimer Brook,Quantified_Electrofishing_all_species_cencus,"Brook Trout, Wild",MONTVILLE,2202,194681993,13,New London,-72.221932,41.4451120000001
4144,19475,2016,Belden Brook,Quantified_Electrofishing_all_species_cencus,"Brook Trout, Wild",GRANBY,4320,194752016,14,Hartford,-72.844982,42.004401
4147,19475,2017,Belden Brook,Quantified_Electrofishing_all_species_cencus,"Brook Trout, Wild",GRANBY,4320,194752017,15,Hartford,-72.844982,42.004401
4152,19482,1998,Lovers Lane Brook,Quantified_Electrofishing_all_species_cencus,"Brook Trout, Wild",TORRINGTON,6903,194821998,35,Litchfield,-73.1555549999999,41.8175180000001
4155,19483,1998,"Lovers Lane Brook, No name tributary to",Quantified_Electrofishing_all_species_cencus,"Brook Trout, Wild",TORRINGTON,6903,194831998,3,Litchfield,-73.17281,41.811677
4158,19489,2010,Mauwee Brook,Quantified_Electrofishing_all_species_cencus,"Brook Trout, Wild",KENT,6000,194892010,24,Litchfield,-73.4427209999999,41.753635
4178,19498,2005,Mine Brook,Quantified_Electrofishing_all_species_cencus,"Brook Trout, Wild",EAST HAMPTON,4000,194982005,22,Middlesex,-72.55252,41.5519100000001
4185,19503,1990,"Mount Misery Brook, No name tributary to",Quantified_Electrofishing_all_species_cencus,"Brook Trout, Wild",VOLUNTOWN,3602,195031990,1,New London,-71.86927,41.6150050000001
4186,19503,2011,"Mount Misery Brook, No name tributary to",Quantified_Electrofishing_all_species_cencus,"Brook Trout, Wild",VOLUNTOWN,3602,195032011,42,New London,-71.86927,41.6150050000001
4210,19513,1992,Nybls Brook,Quantified_Electrofishing_all_species_cencus,"Brook Trout, Wild",LITCHFIELD,6705,195131992,9,Litchfield,-73.265142,41.688615
4219,19514,2004,"Bladens River (Bladdens River), Unnamed tributary to",Quantified_Electrofishing_all_species_cencus,"Brook Trout, Wild",SEYMOUR,6919,195142004,18,New Haven,-73.05114,41.4001410000001
4224,19514,2005,"Bladens River (Bladdens River), Unnamed tributary to",Quantified_Electrofishing_all_species_cencus,"Brook Trout, Wild",SEYMOUR,6919,195142005,138,New Haven,-73.05114,41.4001410000001
4228,19515,2004,"Bladens River (Bladdens River), Unnamed tributary to",Quantified_Electrofishing_all_species_cencus,"Brook Trout, Wild",SEYMOUR,6919,195152004,126,New Haven,-73.0525959999999,41.4039050000001
4231,19515,2005,"Bladens River (Bladdens River), Unnamed tributary to",Quantified_Electrofishing_all_species_cencus,"Brook Trout, Wild",SEYMOUR,6919,195152005,129,New Haven,-73.0525959999999,41.4039050000001
4233,19516,2010,"Burr Brook, No name tributary to Trib",Quantified_Electrofishing_all_species_cencus,"Brook Trout, Wild",CHESTER,4017,195162010,25,Middlesex,-72.5185279999999,41.3847050000001
4235,19519,2003,"Eagleville Brook, No name tributary to",Quantified_Electrofishing_all_species_cencus,"Brook Trout, Wild",MANSFIELD,3100,195192003,1,Tolland,-72.265451,41.7995770000001
4245,19522,1992,"East Branch Naugatuck River, No name tributary to",Quantified_Electrofishing_all_species_cencus,"Brook Trout, Wild",TORRINGTON,6905,195221992,19,Litchfield,-73.1253,41.85891
4253,19523,1992,"East Branch Naugatuck River, No name tributary to",Quantified_Electrofishing_all_species_cencus,"Brook Trout, Wild",TORRINGTON,6905,195231992,64,Litchfield,-73.123683,41.8663090000001
4263,19525,2009,"Conant Brook, No name tributary to",Quantified_Electrofishing_all_species_cencus,"Brook Trout, Wild",WILLINGTON,3100,195252009,18,Tolland,-72.297342,41.8558770000001
4265,19526,2009,"Conant Brook, No name tributary to",Quantified_Electrofishing_all_species_cencus,"Brook Trout, Wild",WILLINGTON,3100,195262009,24,Tolland,-72.285119,41.851386
4269,19535,2009,"Scantic River, No name tributary to",Quantified_Electrofishing_all_species_cencus,"Brook Trout, Wild",ENFIELD,4200,195352009,1,Hartford,-72.544594,41.957998
4282,19547,2017,"Bunnell Brook North Branch, Unnamed tributary to",Quantified_Electrofishing_all_species_cencus,"Brook Trout, Wild",BURLINGTON,4311,195472017,3,Hartford,-72.989977,41.7783920000001
4297,19549,2010,Pattaconk Brook,Quantified_Electrofishing_all_species_cencus,"Brook Trout, Wild",CHESTER,4017,195492010,1,Middlesex,-72.4853919999999,41.3999220000001
4301,19550,2002,Patterson Brook,Quantified_Electrofishing_all_species_cencus,"Brook Trout, Wild",EASTON,7108,195502002,15,Fairfield,-73.290959,41.2895990000001
4313,19564,1997,Pootatuck River,Quantified_Electrofishing_all_species_cencus,"Brook Trout, Wild",NEWTOWN,6020,195641997,33,Fairfield,-73.269166,41.38354
4319,19565,2013,Post Brook,Quantified_Electrofishing_all_species_cencus,"Brook Trout, Wild",ANDOVER,3108,195652013,38,Tolland,-72.360763,41.710269
4323,19566,1994,Quanduck Brook,Quantified_Electrofishing_all_species_cencus,"Brook Trout, Wild",STERLING,3501,195661994,5,Windham,-71.844419,41.718376
4371,19582,1990,Race Brook,Quantified_Electrofishing_all_species_cencus,"Brook Trout, Wild",ORANGE,5307,195821990,65,New Haven,-73.013817,41.315272
4378,19585,1990,Rimmon Brook,Quantified_Electrofishing_all_species_cencus,"Brook Trout, Wild",SEYMOUR,6900,195851990,63,New Haven,-73.0616029999999,41.418916
4379,19592,1994,"Roaring Brook, No name tributary to",Quantified_Electrofishing_all_species_cencus,"Brook Trout, Wild",WILLINGTON,3104,195921994,30,Tolland,-72.283376,41.9054550000001
4395,19609,2003,Shunock River,Quantified_Electrofishing_all_species_cencus,"Brook Trout, Wild",NORTH STONINGTON,1004,196092003,14,New London,-71.908559,41.4617440000001
4404,19612,2004,Shunway Brook,Quantified_Electrofishing_all_species_cencus,"Brook Trout, Wild",THOMPSON,3700,196122004,26,Windham,-71.912475,42.0221510000001
4407,19614,1990,Skokorat Brook,Quantified_Electrofishing_all_species_cencus,"Brook Trout, Wild",SEYMOUR,6900,196141990,89,New Haven,-73.056904,41.424402
4412,19618,2001,Smith Brook,Quantified_Electrofishing_all_species_cencus,"Brook Trout, Wild",GLASTONBURY,4007,196182001,47,Hartford,-72.59897,41.689778
4416,19619,2005,Smith Brook,Quantified_Electrofishing_all_species_cencus,"Brook Trout, Wild",GLASTONBURY,4007,196192005,47,Hartford,-72.58701,41.6838890000001
4418,19620,2005,Smith Brook,Quantified_Electrofishing_all_species_cencus,"Brook Trout, Wild",GLASTONBURY,4007,196202005,2,Hartford,-72.569198,41.692372
4423,19626,2012,McMahon Brook,Quantified_Electrofishing_all_species_cencus,"Brook Trout, Wild",NEW MILFORD,6600,196262012,11,Litchfield,-73.416668,41.5411
4443,19634,2002,Tatetuck Brook,Quantified_Electrofishing_all_species_cencus,"Brook Trout, Wild",EASTON,7108,196342002,1,Fairfield,-73.290492,41.291117
4444,19636,1998,"Mixville Brook, No name tributary to",Quantified_Electrofishing_all_species_cencus,"Brook Trout, Wild",PROSPECT,5202,196361998,4,New Haven,-72.945152,41.5087580000001
4445,19637,1998,"Tenmile River, No name tributary to",Quantified_Electrofishing_all_species_cencus,"Brook Trout, Wild",CHESHIRE,5202,196371998,2,New Haven,-72.924596,41.538016
4446,19641,2012,"Shepaug River, Unnamed Tributary to",Quantified_Electrofishing_all_species_cencus,"Brook Trout, Wild",WASHINGTON,6700,196412012,46,Litchfield,-73.328863,41.604633
4462,19653,2003,Rock Brook,Quantified_Electrofishing_all_species_cencus,"Brook Trout, Wild",HARWINTON,6908,196532003,35,Litchfield,-73.048664,41.753609
4491,19664,2010,Culver Brook,Quantified_Electrofishing_all_species_cencus,"Brook Trout, Wild",PUTNAM,3700,196642010,3,Windham,-71.879878,41.8952150000001
4493,19666,2008,Miller Brook,Quantified_Electrofishing_all_species_cencus,"Brook Trout, Wild",PRESTON,3716,196662008,1,New London,-71.939364,41.533758
4496,19667,2010,Choggam Brook,Quantified_Electrofishing_all_species_cencus,"Brook Trout, Wild",KENT,6000,196672010,6,Litchfield,-73.4689279999999,41.74215
4502,19669,2000,Cuff Brook,Quantified_Electrofishing_all_species_cencus,"Brook Trout, Wild",CHESHIRE,5202,196692000,134,New Haven,-72.925395,41.537317
4512,19685,2016,Thorne Brook,Quantified_Electrofishing_all_species_cencus,"Brook Trout, Wild",HARTLAND,4300,196852016,37,Hartford,-73.01489,41.9946600000001
4516,19686,2016,Beach Brook,Quantified_Electrofishing_all_species_cencus,"Brook Trout, Wild",HARTLAND,4300,196862016,4,Hartford,-73.00269,41.98679
4521,19688,2016,Cherry Brook,Quantified_Electrofishing_all_species_cencus,"Brook Trout, Wild",CANTON,4309,196882016,32,Hartford,-72.89969,41.9102100000001
4528,19691,2016,Fox Brook,Quantified_Electrofishing_all_species_cencus,"Brook Trout, Wild",HARTLAND,4320,196912016,69,Hartford,-72.88435,42.0339900000001
4537,19718,2017,Martin Brook,Quantified_Electrofishing_all_species_cencus,"Brook Trout, Wild",ELLINGTON,4501,197182017,35,Tolland,-72.3888029999999,41.925444
4545,19721,2005,Ball Brook,Quantified_Electrofishing_all_species_cencus,"Brook Trout, Wild",SALISBURY,6006,197212005,168,Litchfield,-73.439452,42.022227
4548,19721,2016,Ball Brook,Quantified_Electrofishing_all_species_cencus,"Brook Trout, Wild",SALISBURY,6006,197212016,24,Litchfield,-73.439452,42.022227
4551,19722,2016,Brassie Brook,Quantified_Electrofishing_all_species_cencus,"Brook Trout, Wild",SALISBURY,6006,197222016,19,Litchfield,-73.441,42.0239
4552,19723,2016,Bingham Pond Brook,Quantified_Electrofishing_all_species_cencus,"Brook Trout, Wild",SALISBURY,6006,197232016,9,Litchfield,-73.4401,42.0201000000001
4553,19726,2016,"Ball Brook, Unnamed tributary to",Quantified_Electrofishing_all_species_cencus,"Brook Trout, Wild",SALISBURY,6006,197262016,10,Litchfield,-73.4315999999999,42.0135000000001
4559,19728,2016,"Guinea Brook, Unnamed tributary to",Quantified_Electrofishing_all_species_cencus,"Brook Trout, Wild",SHARON,6011,197282016,10,Litchfield,-73.40917,41.8178600000001
4561,19729,2016,"Mill Brook, Unnamed tributary to",Quantified_Electrofishing_all_species_cencus,"Brook Trout, Wild",SHARON,6302,197292016,5,Litchfield,-73.4644,41.8595500000001
4566,19731,2016,"Mill Brook, Unnamed tributary to",Quantified_Electrofishing_all_species_cencus,"Brook Trout, Wild",SHARON,6302,197312016,2,Litchfield,-73.50492,41.82358
4572,19732,2016,Macedonia Brook,Quantified_Electrofishing_all_species_cencus,"Brook Trout, Wild",SHARON,6015,197322016,11,Litchfield,-73.47433,41.80906
4575,19734,2016,"Furnace Brook, Unnamed tributary to",Quantified_Electrofishing_all_species_cencus,"Brook Trout, Wild",CORNWALL,6010,197342016,1,Litchfield,-73.34245,41.8479800000001
4577,19735,2016,Walker Brook,Quantified_Electrofishing_all_species_cencus,"Brook Trout, Wild",WASHINGTON,6700,197352016,3,Litchfield,-73.3500999999999,41.60778
4580,19736,2016,Walker Brook,Quantified_Electrofishing_all_species_cencus,"Brook Trout, Wild",WASHINGTON,6700,197362016,1,Litchfield,-73.35286,41.61647
4584,19738,2016,Punch Brook,Quantified_Electrofishing_all_species_cencus,"Brook Trout, Wild",BURLINGTON,4311,197382016,94,Hartford,-72.93969,41.7622200000001
4592,19755,2017,Conant Brook,Quantified_Electrofishing_all_species_cencus,"Brook Trout, Wild",WILLINGTON,3100,197552017,2,Tolland,-72.2810449999999,41.885002
4594,19756,2017,Conant Brook,Quantified_Electrofishing_all_species_cencus,"Brook Trout, Wild",WILLINGTON,3100,197562017,3,Tolland,-72.268342,41.8960200000001
4595,19757,2017,Frink Brook,Quantified_Electrofishing_all_species_cencus,"Brook Trout, Wild",WILLINGTON,3104,197572017,4,Tolland,-72.2655149999999,41.909297
4603,19763,2017,Stocking Brook,Quantified_Electrofishing_all_species_cencus,"Brook Trout, Wild",PORTLAND,4012,197632017,73,Middlesex,-72.567148,41.5988840000001
4624,19785,2017,Ruby Brook,Quantified_Electrofishing_all_species_cencus,"Brook Trout, Wild",WILLINGTON,3104,197852017,11,Tolland,-72.259408,41.9220530000001
4629,19786,2017,Ruby Brook,Quantified_Electrofishing_all_species_cencus,"Brook Trout, Wild",WILLINGTON,3104,197862017,3,Tolland,-72.249803,41.926545
4632,19787,2017,Norwichtown Brook,Quantified_Electrofishing_all_species_cencus,"Brook Trout, Wild",NORWICH,3900,197872017,16,New London,-72.1046249999999,41.5548920000001
4636,19788,2017,Hammar Brook,Quantified_Electrofishing_all_species_cencus,"Brook Trout, Wild",NORWICH,3900,197882017,38,New London,-72.104564,41.555213
4645,19791,2017,Punch Brook,Quantified_Electrofishing_all_species_cencus,"Brook Trout, Wild",BURLINGTON,4311,197912017,20,Hartford,-72.930035,41.771873
4649,19793,2017,Russell Brook,Quantified_Electrofishing_all_species_cencus,"Brook Trout, Wild",SIMSBURY,4300,197932017,32,Hartford,-72.8131999999999,41.8417000000001
4671,19804,2017,"Hubbard Brook, No name tributary to",Quantified_Electrofishing_all_species_cencus,"Brook Trout, Wild",MIDDLETOWN,4000,198042017,13,Middlesex,-72.565145,41.5252620000001
4678,19807,2017,Paulk Hill Brook,Quantified_Electrofishing_all_species_cencus,"Brook Trout, Wild",TOLLAND,3106,198072017,21,Tolland,-72.373284,41.8693450000001
4679,19808,2017,Marsh Meadow Brook,Quantified_Electrofishing_all_species_cencus,"Brook Trout, Wild",TOLLAND,3106,198082017,2,Tolland,-72.3709929999999,41.8654220000001
4681,19809,2017,"Gages Brook, No name tributary to",Quantified_Electrofishing_all_species_cencus,"Brook Trout, Wild",VERNON,4503,198092017,61,Tolland,-72.419359,41.855693
4687,19822,2017,"Asmun Brook, Unnamed tributary to",Quantified_Electrofishing_all_species_cencus,"Brook Trout, Wild",DURHAM,4606,198222017,2,Middlesex,-72.7271249999999,41.4749100000001
4693,19826,2017,Poland River,Quantified_Electrofishing_all_species_cencus,"Brook Trout, Wild",HARWINTON,4313,198262017,8,Litchfield,-73.0139119999999,41.726814
4696,19827,2017,"East Branch Leadmine Brook, No name tributary to",Quantified_Electrofishing_all_species_cencus,"Brook Trout, Wild",HARWINTON,6908,198272017,1,Litchfield,-73.058802,41.790017
4699,19831,2017,Wilson Pond Brook,Quantified_Electrofishing_all_species_cencus,"Brook Trout, Wild",HARWINTON,6907,198312017,5,Litchfield,-73.041702,41.7384860000001
4717,19834,2015,Ivy Brook,Quantified_Electrofishing_all_species_cencus,"Brook Trout, Wild",SHELTON,6000,198342015,3,Fairfield,-73.0887719999999,41.2943890000001
4727,19840,2017,Roaring Brook,Quantified_Electrofishing_all_species_cencus,"Brook Trout, Wild",GLASTONBURY,4009,198402017,1,Hartford,-72.476102,41.733096
4728,19841,2017,"Roaring Brook, No name tributary to",Quantified_Electrofishing_all_species_cencus,"Brook Trout, Wild",GLASTONBURY,4009,198412017,5,Hartford,-72.4680729999999,41.7302510000001
4732,19847,2016,"Falls Brook, No name tributary to",Quantified_Electrofishing_all_species_cencus,"Brook Trout, Wild",HARTLAND,4308,198472016,12,Hartford,-72.963042,42.022816
4736,19850,2016,Gulf Stream,Quantified_Electrofishing_all_species_cencus,"Brook Trout, Wild",TORRINGTON,6900,198502016,16,Litchfield,-73.163709,41.7825350000001
4742,19851,2016,"East Branch Salmon Brook, Unnamed Tributary to",Quantified_Electrofishing_all_species_cencus,"Brook Trout, Wild",GRANBY,4320,198512016,99,Hartford,-72.842012,42.018919
4749,19855,2017,"West Branch Salmon Brook, No Name Tributary",Quantified_Electrofishing_all_species_cencus,"Brook Trout, Wild",HARTLAND,4319,198552017,4,Hartford,-72.911897,41.9859010000001
4799,19864,2016,Beaver Pond Brook,Quantified_Electrofishing_all_species_cencus,"Brook Trout, Wild",WATERBURY,6913,198642016,1,New Haven,-72.998571,41.539588
4813,19870,2016,"Muddy Brook, No name tributary to",Quantified_Electrofishing_all_species_cencus,"Brook Trout, Wild",GRANBY,4320,198702016,4,Hartford,-72.75803,41.9533020000001
4828,19881,2016,West Brook,Quantified_Electrofishing_all_species_cencus,"Brook Trout, Wild",WINDSOR,4300,198812016,45,Hartford,-72.7308199999999,41.9030980000001
4830,19882,2016,Roaring Brook,Quantified_Electrofishing_all_species_cencus,"Brook Trout, Wild",NORFOLK,6100,198822016,20,Litchfield,-73.228667,41.997375
4833,19883,1995,"Rock Brook, No name tributary to",Quantified_Electrofishing_all_species_cencus,"Brook Trout, Wild",HARWINTON,6907,198831995,3,Litchfield,-73.048794,41.7353850000001
4841,19888,2017,Crow Hill Brook,Quantified_Electrofishing_all_species_cencus,"Brook Trout, Wild",STAFFORD,3102,198882017,2,Tolland,-72.322571,42.0180020000001
4846,19892,2017,"West Branch Salmon Brook, No Name Tributary",Quantified_Electrofishing_all_species_cencus,"Brook Trout, Wild",HARTLAND,4319,198922017,1,Hartford,-72.917603,41.962903
4876,19916,2017,"Nonnewaug River, No Name Tributary to",Quantified_Electrofishing_all_species_cencus,"Brook Trout, Wild",WOODBURY,6802,199162017,22,Litchfield,-73.1867,41.5448000000001
4883,19917,2017,Little River,Quantified_Electrofishing_all_species_cencus,"Brook Trout, Wild",CANTERBURY,3805,199172017,1,Windham,-72.054862,41.7026300000001
4911,19958,2017,Tankerhoosen River,Quantified_Electrofishing_all_species_cencus,"Brook Trout, Wild",VERNON,4503,199582017,2,Tolland,-72.43731,41.8428040000001
4914,19959,2017,"Beaver Brook, Unnamed tributary to",Quantified_Electrofishing_all_species_cencus,"Brook Trout, Wild",SPRAGUE,3804,199592017,11,New London,-72.1000769999999,41.6169410000001
4922,19975,2017,Stiles Brook,Quantified_Electrofishing_all_species_cencus,"Brook Trout, Wild",SOUTHBURY,6800,199752017,8,New Haven,-73.2058059999999,41.5022060000001
4933,19983,2017,"Nonnewaug River, No Name Tributary to",Quantified_Electrofishing_all_species_cencus,"Brook Trout, Wild",WOODBURY,6802,199832017,4,Litchfield,-73.1863,41.5617
4943,20004,1999,Cussgutter Brook,Quantified_Electrofishing_all_species_cencus,"Brook Trout, Wild",CHESHIRE,5201,200041999,80,New Haven,-72.9263759999999,41.644529
4946,20005,1999,Dingle Brook,Quantified_Electrofishing_all_species_cencus,"Brook Trout, Wild",NEWTOWN,6018,200051999,15,Fairfield,-73.331105,41.4622210000001
4992,20024,1997,North Branch Pootatuck River,Quantified_Electrofishing_all_species_cencus,"Brook Trout, Wild",NEWTOWN,6020,200241997,12,Fairfield,-73.273307,41.3763240000001
4996,20025,2012,"Deep Brook, No name tributary to",Quantified_Electrofishing_all_species_cencus,"Brook Trout, Wild",NEWTOWN,6019,200252012,24,Fairfield,-73.322807,41.3919740000001
5009,20028,2004,Quinnatisset Brook,Quantified_Electrofishing_all_species_cencus,"Brook Trout, Wild",THOMPSON,3300,200282004,1,Windham,-71.880175,41.942263
5013,20030,1989,East Branch Mount Hope River,Quantified_Electrofishing_all_species_cencus,"Brook Trout, Wild",ASHFORD,3206,200301989,3,Windham,-72.161278,41.9010850000001
5017,20031,2011,Theims Brook,Quantified_Electrofishing_all_species_cencus,"Brook Trout, Wild",COVENTRY,3108,200312011,4,Tolland,-72.310488,41.738678
5019,20034,2002,Ivy Mountain Brook,Quantified_Electrofishing_all_species_cencus,"Brook Trout, Wild",GOSHEN,6705,200342002,24,Litchfield,-73.217652,41.8712620000001
5050,20036,2007,Murphy Brook,Quantified_Electrofishing_all_species_cencus,"Brook Trout, Wild",HAMPTON,3805,200362007,5,Windham,-72.0427099999999,41.7797780000001
5067,20119,2000,"Deep Brook, No name tributary to",Quantified_Electrofishing_all_species_cencus,"Brook Trout, Wild",NEWTOWN,6020,201192000,11,Fairfield,-73.285855,41.409614
5138,14551,2024,Coginchaug River,Quantified_Electrofishing_all_species_cencus,"Brook Trout, Wild",DURHAM,4607,36044,5,Middlesex,-72.6881999999999,41.4435
5264,14880,2024,Sages Ravine Brook,Quantified_Electrofishing_all_species_cencus,"Brook Trout, Wild",SALISBURY,6001,36095,118,Litchfield,-73.4301,42.0495000000001
5267,15014,2024,Clark Creek,Quantified_Electrofishing_all_species_cencus,"Brook Trout, Wild",HADDAM,4000,36428,16,Middlesex,-72.4734999999999,41.4425000000001
5270,15042,2024,Mill Brook,Quantified_Electrofishing_all_species_cencus,"Brook Trout, Wild",CORNWALL,6008,36051,1,Litchfield,-73.3634,41.8720000000001
5281,15986,2024,Sanford Brook,Quantified_Electrofishing_all_species_cencus,"Brook Trout, Wild",CHESHIRE,5301,36437,10,New Haven,-72.9363999999999,41.4723000000001
5380,16111,2024,Beaver Meadow Brook,Quantified_Electrofishing_all_species_cencus,"Brook Trout, Wild",HADDAM,4015,36429,9,Middlesex,-72.5287999999999,41.4552
5393,16139,2024,Brown Brook,Quantified_Electrofishing_all_species_cencus,"Brook Trout, Wild",CANAAN,6201,36130,3,Litchfield,-73.2798999999999,41.9267
5580,16522,2024,Bliven Brook,Quantified_Electrofishing_all_species_cencus,"Brook Trout, Wild",VOLUNTOWN,3600,36214,29,New London,-71.8244,41.5733000000001
5581,16525,2024,Bonney Brook,Quantified_Electrofishing_all_species_cencus,"Brook Trout, Wild",CORNWALL,6000,36003,20,Litchfield,-73.3733,41.8133
5605,16594,2024,Cranberry Meadow Brook,Quantified_Electrofishing_all_species_cencus,"Brook Trout, Wild",EAST LYME,2202,36435,35,New London,-72.2257079999999,41.405177
5610,16597,2019,Crooked Brook,Quantified_Electrofishing_all_species_cencus,"Brook Trout, Wild",NORTH BRANFORD,5111,165972019,30,New Haven,-72.7655999999999,41.3717
5612,16609,2024,Denison Brook,Quantified_Electrofishing_all_species_cencus,"Brook Trout, Wild",VOLUNTOWN,3603,36216,61,New London,-71.8421999999999,41.5486000000001
5647,16697,2018,Goodwin Brook,Quantified_Electrofishing_all_species_cencus,"Brook Trout, Wild",CHAPLIN,3200,166972018,51,Windham,-72.0977999999999,41.8225
5657,16710,2024,Guinea Brook,Quantified_Electrofishing_all_species_cencus,"Brook Trout, Wild",SHARON,6011,36028,28,Litchfield,-73.3831,41.8208000000001
5666,16717,2024,Haleys Brook,Quantified_Electrofishing_all_species_cencus,"Brook Trout, Wild",GROTON,2105,36225,1,New London,-71.9680999999999,41.3867000000001
5669,16736,2001,Hesseky Brook,Quantified_Electrofishing_all_species_cencus,"Brook Trout, Wild",WOODBURY,6805,167362001,3,Litchfield,-73.2227999999999,41.5411
5677,16761,2018,"Hubbard Brook, Unnamed tributary to",Quantified_Electrofishing_all_species_cencus,"Brook Trout, Wild",MIDDLETOWN,4000,167612018,39,Middlesex,-72.569018,41.5224650000001
5681,16819,2024,Lowden Brook,Quantified_Electrofishing_all_species_cencus,"Brook Trout, Wild",VOLUNTOWN,3602,36219,46,New London,-71.8655689999999,41.602805
5684,16821,2024,Macedonia Brook,Quantified_Electrofishing_all_species_cencus,"Brook Trout, Wild",KENT,6015,36103,28,Litchfield,-73.4947,41.7753000000001
5698,16849,2024,Mill River,Quantified_Electrofishing_all_species_cencus,"Brook Trout, Wild",STAMFORD,7404,36047,4,Fairfield,-73.5542,41.1781
5745,17009,2024,Roaring Brook,Quantified_Electrofishing_all_species_cencus,"Brook Trout, Wild",WILLINGTON,3104,36124,6,Tolland,-72.2825,41.9047
5760,17013,2024,Rose Brook,Quantified_Electrofishing_all_species_cencus,"Brook Trout, Wild",LEDYARD,3002,36224,11,New London,-72.0119,41.4797
5784,17097,2024,Tankerhoosen River,Quantified_Electrofishing_all_species_cencus,"Brook Trout, Wild",VERNON,4503,36229,4,Tolland,-72.453675,41.829893
5793,17119,2024,Todd Hollow Brook,Qualitative_electrofishing_presence indicated,"Brook Trout, Wild",PLYMOUTH,6911,36415,1,Litchfield,-73.0361,41.6522000000001
5802,17122,2024,Towantic Brook,Quantified_Electrofishing_all_species_cencus,"Brook Trout, Wild",OXFORD,6920,36089,16,New Haven,-73.1043999999999,41.4408
5818,17167,2024,Wachocastinook Creek,Quantified_Electrofishing_all_species_cencus,"Brook Trout, Wild",SALISBURY,6005,36094,8,Litchfield,-73.4435999999999,41.9983
5822,17183,2024,West Branch Leadmine Brook,Quantified_Electrofishing_all_species_cencus,"Brook Trout, Wild",HARWINTON,6908,36406,3,Litchfield,-73.0796999999999,41.7942
5831,17283,2019,Chalker Brook,Quantified_Electrofishing_all_species_cencus,"Brook Trout, Wild",DURHAM,4607,172832019,6,Middlesex,-72.6799999999999,41.4536000000001
5835,17318,2024,Jordan Brook,Quantified_Electrofishing_all_species_cencus,"Brook Trout, Wild",WATERFORD,2201,36434,45,New London,-72.1509,41.3683
5843,17380,2024,Little River,Quantified_Electrofishing_all_species_cencus,"Brook Trout, Wild",OXFORD,6920,36088,2,New Haven,-73.0984999999999,41.4098000000001
5855,17384,2024,Macedonia Brook,Qualitative_electrofishing_presence indicated,"Brook Trout, Wild",KENT,6015,36105,11,Litchfield,-73.4885,41.7844000000001
5860,17436,2024,Wachocastinook Creek,Qualitative_electrofishing_presence indicated,"Brook Trout, Wild",SALISBURY,6005,36075,5,Litchfield,-73.4417,41.9967
5864,17471,2024,Rufus brook,Quantified_Electrofishing_all_species_cencus,"Brook Trout, Wild",COVENTRY,3108,36060,24,Tolland,-72.3242,41.7393000000001
5866,17639,2024,Kent Falls Brook,Quantified_Electrofishing_all_species_cencus,"Brook Trout, Wild",KENT,6012,36090,24,Litchfield,-73.4131869999999,41.7726030000001
5889,17920,2024,Bible Rock Brook,Quantified_Electrofishing_all_species_cencus,"Brook Trout, Wild",HADDAM,4014,36426,3,Middlesex,-72.57289,41.5038700000001
5896,18001,2024,Gunn Brook,Quantified_Electrofishing_all_species_cencus,"Brook Trout, Wild",CORNWALL,6000,36004,31,Litchfield,-73.3609999999999,41.789
5902,18017,2024,Kent Falls Brook,Quantified_Electrofishing_all_species_cencus,"Brook Trout, Wild",KENT,6012,36092,47,Litchfield,-73.40939,41.7655530000001
5906,18018,2024,Kent Falls Brook,Quantified_Electrofishing_all_species_cencus,"Brook Trout, Wild",KENT,6012,36093,1,Litchfield,-73.408382,41.7644980000001
5914,18125,2024,Beacon Hill Brook,Quantified_Electrofishing_all_species_cencus,"Brook Trout, Wild",NAUGATUCK,6918,36069,1,New Haven,-73.02861,41.4675
6046,18393,2024,Stony Brook,Quantified_Electrofishing_all_species_cencus,"Brook Trout, Wild",WATERFORD,2204,36433,13,New London,-72.173108,41.368992
6059,18545,2024,Merryall Brook,Quantified_Electrofishing_all_species_cencus,"Brook Trout, Wild",NEW MILFORD,6501,36066,27,Litchfield,-73.44391,41.675302
6065,18627,2024,Reed Brook,Quantified_Electrofishing_all_species_cencus,"Brook Trout, Wild",CORNWALL,6000,36050,2,Litchfield,-73.36058,41.9173200000001
6071,18671,2019,Strongs Brook,Quantified_Electrofishing_all_species_cencus,"Brook Trout, Wild",EAST HADDAM,4800,186712019,46,Middlesex,-72.328,41.4450000000001
6073,18683,2024,Green Fall River,Quantified_Electrofishing_all_species_cencus,"Brook Trout, Wild",VOLUNTOWN,1002,36217,4,New London,-71.8091719999999,41.5228260000001
6074,18684,2024,Pegmill Brook,Quantified_Electrofishing_all_species_cencus,"Brook Trout, Wild",VOLUNTOWN,1002,36218,2,New London,-71.804752,41.524567
6078,18799,2024,Little River,Quantified_Electrofishing_all_species_cencus,"Brook Trout, Wild",OXFORD,6920,36086,70,New Haven,-73.1361699999999,41.4469300000001
6089,18800,2024,Little River,Quantified_Electrofishing_all_species_cencus,"Brook Trout, Wild",OXFORD,6920,36087,5,New Haven,-73.1110199999999,41.4292100000001
6099,18802,2024,"Housatonic River, Unnamed tributary to (POWERHOUSE  BROOK)",Quantified_Electrofishing_all_species_cencus,"Brook Trout, Wild",NEW MILFORD,6000,36024,1,Litchfield,-73.49382,41.66164
6151,18993,2024,East Meadow Brook,Quantified_Electrofishing_all_species_cencus,"Brook Trout, Wild",WOODBURY,6802,36208,1,Litchfield,-73.197062,41.5550910000001
6158,19014,2024,Barrett Ledge Brook,Quantified_Electrofishing_all_species_cencus,"Brook Trout, Wild",POMFRET,3710,36061,49,Windham,-71.9355199999999,41.8330300000001
6299,19503,2024,Mount Misery Brook Trib,Quantified_Electrofishing_all_species_cencus,"Brook Trout, Wild",VOLUNTOWN,3602,36220,62,New London,-71.86927,41.6150050000001
6301,19523,2024,East Branch Naugatuck River Trib,Quantified_Electrofishing_all_species_cencus,"Brook Trout, Wild",TORRINGTON,6905,36031,7,Litchfield,-73.123683,41.8663090000001
6335,19629,2024,Stonehouse Brook Trib.,Quantified_Electrofishing_all_species_cencus,"Brook Trout, Wild",CHAPLIN,3204,36010,28,Windham,-72.1495629999999,41.777384
6339,19785,2024,Ruby Brook,Quantified_Electrofishing_all_species_cencus,"Brook Trout, Wild",WILLINGTON,3104,36606,6,Tolland,-72.259408,41.9220530000001
6350,20031,2024,Theims Brook,Quantified_Electrofishing_all_species_cencus,"Brook Trout, Wild",COVENTRY,3108,36058,11,Tolland,-72.310488,41.738678
6352,20048,2024,Elisha Brook,Quantified_Electrofishing_all_species_cencus,"Brook Trout, Wild",NORWICH,3900,36414,16,New London,-72.11637,41.5737930000001
6365,20065,2024,Roaring Brook,Quantified_Electrofishing_all_species_cencus,"Brook Trout, Wild",WILLINGTON,3104,36129,6,Tolland,-72.2631019999999,41.924358
6375,20085,2024,Sprain Brook,Quantified_Electrofishing_all_species_cencus,"Brook Trout, Wild",WOODBURY,6803,36205,4,Litchfield,-73.231703,41.571109
6396,20105,2024,East Branch Salmon Brook,Quantified_Electrofishing_all_species_cencus,"Brook Trout, Wild",GRANBY,4320,201052024,1,Hartford,-72.8033,41.97101
6412,20114,2024,Macedonia Brook,Quantified_Electrofishing_all_species_cencus,"Brook Trout, Wild",KENT,6015,36104,3,Litchfield,-73.49055,41.781389
6420,20221,2019,Clark Brook,Quantified_Electrofishing_all_species_cencus,"Brook Trout, Wild",WOODBURY,6802,202212019,62,Litchfield,-73.1886249999999,41.567597
6426,20243,2019,"Strongs Brook, NNT to",Quantified_Electrofishing_all_species_cencus,"Brook Trout, Wild",EAST HADDAM,4800,202432019,89,Middlesex,-72.328,41.446
6493,20532,2024,Brainard Brook,Quantified_Electrofishing_all_species_cencus,"Brook Trout, Wild",COLCHESTER,3904,205322024,11,New London,-72.255119,41.53666
6494,20542,2024,Turkey Hill Brook,Quantified_Electrofishing_all_species_cencus,"Brook Trout, Wild",WATERBURY,6913,36131,6,New Haven,-72.9959059999999,41.5342190000001
6498,20543,2024,Turkey Hill Brook,Quantified_Electrofishing_all_species_cencus,"Brook Trout, Wild",WATERBURY,6913,36132,7,New Haven,-72.9959059999999,41.5343960000001
6500,20777,2024,Falls Brook,Quantified_Electrofishing_all_species_cencus,"Brook Trout, Wild",HARTLAND,4308,207772024,70,Hartford,-72.9573129999999,42.0205070000001
6502,20778,2024,"Colebrook River Lake, NNT to",Quantified_Electrofishing_all_species_cencus,"Brook Trout, Wild",COLEBROOK,4300,207782024,41,Litchfield,-73.0391789999999,42.0354790000001
6508,20779,2024,"Hubbard Brook, NNT to",Quantified_Electrofishing_all_species_cencus,"Brook Trout, Wild",MIDDLETOWN,4000,207792024,4,Middlesex,-72.564895,41.525828
6540,20871,2024,Gillettes Brook,Quantified_Electrofishing_all_species_cencus,"Brook Trout, Wild",SOMERS,4202,208712024,39,Tolland,-72.4537809999999,42.003387
6549,20872,2024,Cherry Brook,Quantified_Electrofishing_all_species_cencus,"Brook Trout, Wild",CANTON,4309,208722024,9,Hartford,-72.903578,41.8818190000001
6566,20874,2024,Clark Brook,Quantified_Electrofishing_all_species_cencus,"Brook Trout, Wild",TOLLAND,3100,208742024,49,Tolland,-72.3174779999999,41.838401
6568,14141,2018,Bonemill Brook,Quantified_Electrofishing_all_species_cencus,"Brook Trout, Wild",TOLLAND,3100,141412018,37,Tolland,-72.3162,41.9249
6585,14146,1990,Branford River,Quantified_Electrofishing_all_species_cencus,"Brook Trout, Wild",NORTH BRANFORD,5111,141461990,3,New Haven,-72.7648,41.3072000000001
6662,14147,1999,Broad Brook,Quantified_Electrofishing_all_species_cencus,"Brook Trout, Wild",EAST WINDSOR,4206,141471999,1,Hartford,-72.549,41.9147
6673,14147,2008,Broad Brook,Quantified_Electrofishing_all_species_cencus,"Brook Trout, Wild",EAST WINDSOR,4206,141472008,1,Hartford,-72.549,41.9147
7026,15128,2019,Kirby Brook,Quantified_Electrofishing_all_species_cencus,"Brook Trout, Wild",WASHINGTON,6700,151282019,24,Litchfield,-73.3226999999999,41.6173000000001
7038,15193,2024,Honeypot Brook,Quantified_Electrofishing_all_species_cencus,"Brook Trout, Wild",CHESHIRE,5200,36422,30,New Haven,-72.8789,41.5396000000001
7045,15213,2024,Little River,Quantified_Electrofishing_all_species_cencus,"Brook Trout, Wild",OXFORD,6920,152132024,1,New Haven,-73.0993999999999,41.4136
7052,15244,2024,Cobble Brook,Quantified_Electrofishing_all_species_cencus,"Brook Trout, Wild",KENT,6013,36025,7,Litchfield,-73.4571999999999,41.7217000000001
7068,15284,2024,Mill River,Qualitative_electrofishing_presence indicated,"Brook Trout, Wild",FAIRFIELD,7108,36127,1,Fairfield,-73.2558,41.2218
7076,15505,2024,Sages Ravine Brook,Quantified_Electrofishing_all_species_cencus,"Brook Trout, Wild",SALISBURY,6001,36096,153,Litchfield,-73.4245,42.0497
7083,15507,2024,Guinea Brook,Quantified_Electrofishing_all_species_cencus,"Brook Trout, Wild",SHARON,6011,36027,22,Litchfield,-73.3769,41.8144
7086,15509,2024,Gunn Brook,Quantified_Electrofishing_all_species_cencus,"Brook Trout, Wild",CORNWALL,6000,36054,23,Litchfield,-73.3903,41.806
7096,15525,2024,Macedonia Brook,Quantified_Electrofishing_all_species_cencus,"Brook Trout, Wild",KENT,6015,36102,20,Litchfield,-73.4949999999999,41.7670000000001
7107,15551,2024,Roaring Brook,Quantified_Electrofishing_all_species_cencus,"Brook Trout, Wild",WILLINGTON,3104,36121,11,Tolland,-72.2612999999999,41.9353
7116,15558,2024,Roaring Brook,Quantified_Electrofishing_all_species_cencus,"Brook Trout, Wild",WILLINGTON,3104,36128,4,Tolland,-72.2655999999999,41.9152
7127,15576,2024,Lee Brook,Quantified_Electrofishing_all_species_cencus,"Brook Trout, Wild",SOUTHBURY,6000,36211,8,New Haven,-73.2289,41.4334000000001
7176,15699,2024,Nepaug River,Quantified_Electrofishing_all_species_cencus,"Brook Trout, Wild",NEW HARTFORD,4310,36404,3,Litchfield,-73.0271,41.8382
7192,15818,2024,Willow Brook,Quantified_Electrofishing_all_species_cencus,"Brook Trout, Wild",HAMDEN,5301,36440,3,New Haven,-72.9183,41.4597000000001
7222,14129,1999,Beacon Hill Brook,Qualitative_electrofishing_presence indicated,"Brook Trout, Wild",BEACON FALLS,6918,141291999,7,New Haven,-73.0501,41.4684
7238,14129,2001,Beacon Hill Brook,Qualitative_electrofishing_presence indicated,"Brook Trout, Wild",BEACON FALLS,6918,141292001,4,New Haven,-73.0501,41.4684
7285,14152,2007,Clarke Brook,Quantified_Electrofishing_all_species_cencus,"Brook Trout, Wild",TOLLAND,3100,141522007,28,Tolland,-72.3248,41.8447
7337,14162,1993,Copps Brook,Quantified_Electrofishing_all_species_cencus,"Brook Trout, Wild",STONINGTON,2102,141621993,6,New London,-71.9340999999999,41.3611000000001
7359,14168,2011,Deep Brook,Quantified_Electrofishing_all_species_cencus,"Brook Trout, Wild",NEWTOWN,6019,141682011,2,Fairfield,-73.2855,41.4096000000001
7549,14184,2015,East Swamp Brook,Quantified_Electrofishing_all_species_cencus,"Brook Trout, Wild",BETHEL,6605,141842015,2,Fairfield,-73.3984,41.3859
7559,14186,1991,Eightmile Brook,Quantified_Electrofishing_all_species_cencus,"Brook Trout, Wild",OXFORD,6023,141861991,1,New Haven,-73.1648,41.3885000000001
7612,14187,2009,Eightmile River,Quantified_Electrofishing_all_species_cencus,"Brook Trout, Wild",LYME,4800,141872009,7,New London,-72.3376,41.4312
7661,14193,2018,Farm River,Quantified_Electrofishing_all_species_cencus,"Brook Trout, Wild",NORTH BRANFORD,5112,141932018,4,New Haven,-72.7941,41.3818000000001
7775,14199,2009,Fenton River,Quantified_Electrofishing_all_species_cencus,"Brook Trout, Wild",WILLINGTON,3207,141992009,2,Tolland,-72.2402,41.8630000000001
7784,14199,2014,Fenton River,Quantified_Electrofishing_all_species_cencus,"Brook Trout, Wild",WILLINGTON,3207,141992014,3,Tolland,-72.2402,41.8630000000001
7847,14209,2006,Fulling Mill Brook,Quantified_Electrofishing_all_species_cencus,"Brook Trout, Wild",NAUGATUCK,6915,142092006,12,New Haven,-73.0470999999999,41.5021
7870,14209,2016,Fulling Mill Brook,Quantified_Electrofishing_all_species_cencus,"Brook Trout, Wild",NAUGATUCK,6915,142092016,1,New Haven,-73.0470999999999,41.5021
7878,14212,2014,Fulling Mill Brook,Quantified_Electrofishing_all_species_cencus,"Brook Trout, Wild",NAUGATUCK,6915,142122014,3,New Haven,-73.0314999999999,41.5056000000001
7887,14212,2019,Fulling Mill Brook,Quantified_Electrofishing_all_species_cencus,"Brook Trout, Wild",NAUGATUCK,6915,142122019,12,New Haven,-73.0314999999999,41.5056000000001
7898,14212,2023,Fulling Mill Brook,Quantified_Electrofishing_all_species_cencus,"Brook Trout, Wild",NAUGATUCK,6915,142122023,13,New Haven,-73.0314999999999,41.5056000000001
7906,14214,1994,Furnace Brook,Quantified_Electrofishing_all_species_cencus,"Brook Trout, Wild",STAFFORD,3103,142141994,1,Tolland,-72.2947,41.9841000000001
7968,14221,2009,Hammonasset River,Quantified_Electrofishing_all_species_cencus,"Brook Trout, Wild",MADISON,5106,142212009,1,New Haven,-72.6116,41.3278
8035,14226,2007,Harbor Brook,Quantified_Electrofishing_all_species_cencus,"Brook Trout, Wild",MERIDEN,5206,142262007,1,New Haven,-72.8217999999999,41.5314000000001
8046,14226,2011,Harbor Brook,Quantified_Electrofishing_all_species_cencus,"Brook Trout, Wild",MERIDEN,5206,142262011,1,New Haven,-72.8217999999999,41.5314000000001
8071,14227,1991,Hemp Swamp Brook,Quantified_Electrofishing_all_species_cencus,"Brook Trout, Wild",BEACON FALLS,6900,142271991,36,New Haven,-73.0766,41.4294
8077,14227,2011,Hemp Swamp Brook,Quantified_Electrofishing_all_species_cencus,"Brook Trout, Wild",BEACON FALLS,6900,142272011,8,New Haven,-73.0766,41.4294
8085,14228,2018,Hersig Brook,Quantified_Electrofishing_all_species_cencus,"Brook Trout, Wild",DURHAM,4605,142282018,3,Middlesex,-72.672,41.4777
8105,14230,2006,Hockanum Brook,Quantified_Electrofishing_all_species_cencus,"Brook Trout, Wild",BEACON FALLS,6900,142302006,3,New Haven,-73.0593,41.4366000000001
8155,14238,2003,Hockanum River,Quantified_Electrofishing_all_species_cencus,"Brook Trout, Wild",ELLINGTON,4500,142382003,2,Tolland,-72.4743,41.8758
8166,14238,2011,Hockanum River,Quantified_Electrofishing_all_species_cencus,"Brook Trout, Wild",ELLINGTON,4500,142382011,1,Tolland,-72.4743,41.8758
8278,14247,2006,Hollenbeck River,Quantified_Electrofishing_all_species_cencus,"Brook Trout, Wild",CANAAN,6200,142472006,2,Litchfield,-73.3058,41.9431000000001
8317,14249,2011,South Fork Hockanum River,Quantified_Electrofishing_all_species_cencus,"Brook Trout, Wild",MANCHESTER,4504,142492011,1,Hartford,-72.5569,41.773
8326,14250,2008,South Fork Hockanum River,Quantified_Electrofishing_all_species_cencus,"Brook Trout, Wild",MANCHESTER,4504,142502008,4,Hartford,-72.5612,41.7767000000001
8571,14256,2001,Hubbard Brook,Quantified_Electrofishing_all_species_cencus,"Brook Trout, Wild",GLASTONBURY,4007,142562001,24,Hartford,-72.5803,41.7082
8577,14256,2023,Hubbard Brook,Quantified_Electrofishing_all_species_cencus,"Brook Trout, Wild",GLASTONBURY,4007,142562023,85,Hartford,-72.5803,41.7082
8581,14257,2001,Hubbard Brook,Quantified_Electrofishing_all_species_cencus,"Brook Trout, Wild",GLASTONBURY,4007,142572001,103,Hartford,-72.5843,41.7089
8625,14261,2019,Kahn Brook,Quantified_Electrofishing_all_species_cencus,"Brook Trout, Wild",BOZRAH,3900,142612019,4,New London,-72.1661,41.5791
8628,14263,2001,Kahn Brook,Quantified_Electrofishing_all_species_cencus,"Brook Trout, Wild",BOZRAH,3900,142632001,1,New London,-72.1702,41.5681000000001
8631,14263,2007,Kahn Brook,Quantified_Electrofishing_all_species_cencus,"Brook Trout, Wild",BOZRAH,3900,142632007,11,New London,-72.1702,41.5681000000001
8636,14263,2010,Kahn Brook,Quantified_Electrofishing_all_species_cencus,"Brook Trout, Wild",BOZRAH,3900,142632010,20,New London,-72.1702,41.5681000000001
8645,14263,2014,Kahn Brook,Quantified_Electrofishing_all_species_cencus,"Brook Trout, Wild",BOZRAH,3900,142632014,15,New London,-72.1702,41.5681000000001
8648,14263,2019,Kahn Brook,Quantified_Electrofishing_all_species_cencus,"Brook Trout, Wild",BOZRAH,3900,142632019,7,New London,-72.1702,41.5681000000001
8659,14270,1989,Ketch Brook,Quantified_Electrofishing_all_species_cencus,"Brook Trout, Wild",EAST WINDSOR,4207,142701989,4,Hartford,-72.5744,41.8797000000001
8671,14270,2010,Ketch Brook,Quantified_Electrofishing_all_species_cencus,"Brook Trout, Wild",EAST WINDSOR,4207,142702010,9,Hartford,-72.5744,41.8797000000001
8703,14277,2004,Little River,Quantified_Electrofishing_all_species_cencus,"Brook Trout, Wild",SPRAGUE,3805,142772004,7,New London,-72.0581999999999,41.6393
8714,14277,2005,Little River,Quantified_Electrofishing_all_species_cencus,"Brook Trout, Wild",SPRAGUE,3805,142772005,4,New London,-72.0581999999999,41.6393
8747,14277,2012,Little River,Quantified_Electrofishing_all_species_cencus,"Brook Trout, Wild",SPRAGUE,3805,142772012,11,New London,-72.0581999999999,41.6393
8760,14277,2014,Little River,Quantified_Electrofishing_all_species_cencus,"Brook Trout, Wild",SPRAGUE,3805,142772014,3,New London,-72.0581999999999,41.6393
8802,14280,2011,Little River,Quantified_Electrofishing_all_species_cencus,"Brook Trout, Wild",OXFORD,6920,142802011,1,New Haven,-73.0925999999999,41.4058000000001
8832,14281,2017,Lyman Brook,Quantified_Electrofishing_all_species_cencus,"Brook Trout, Wild",MARLBOROUGH,4707,142812017,3,Hartford,-72.4263,41.6077000000001
8899,14284,1999,Mad River,Quantified_Electrofishing_all_species_cencus,"Brook Trout, Wild",WATERBURY,6914,142841999,1,New Haven,-73.0384,41.5439000000001
8923,14286,1989,Mattabesset River,Quantified_Electrofishing_all_species_cencus,"Brook Trout, Wild",BERLIN,4600,142861989,3,Hartford,-72.7936999999999,41.6201
9088,14294,1993,Mill Brook,Quantified_Electrofishing_all_species_cencus,"Brook Trout, Wild",PLAINFIELD,3713,142941993,14,Windham,-71.9198,41.6643
9100,14294,2014,Mill Brook,Quantified_Electrofishing_all_species_cencus,"Brook Trout, Wild",PLAINFIELD,3713,142942014,13,Windham,-71.9198,41.6643
9122,14300,1990,Mill River,Quantified_Electrofishing_all_species_cencus,"Brook Trout, Wild",HAMDEN,5302,143001990,6,New Haven,-72.9039999999999,41.4307000000001
9142,14300,1992,Mill River,Quantified_Electrofishing_all_species_cencus,"Brook Trout, Wild",HAMDEN,5302,143001992,3,New Haven,-72.9039999999999,41.4307000000001
9158,14301,2007,Mill River,Quantified_Electrofishing_all_species_cencus,"Brook Trout, Wild",HAMDEN,5302,143012007,5,New Haven,-72.8967,41.3828
9171,14303,2000,Muddy Brook,Quantified_Electrofishing_all_species_cencus,"Brook Trout, Wild",SUFFIELD,4101,143032000,3,Hartford,-72.6582,41.9838
9889,14349,2005,Nepaug River,Quantified_Electrofishing_all_species_cencus,"Brook Trout, Wild",NEW HARTFORD,4310,143492005,4,Litchfield,-72.9947,41.83
9900,14349,2012,Nepaug River,Quantified_Electrofishing_all_species_cencus,"Brook Trout, Wild",NEW HARTFORD,4310,143492012,6,Litchfield,-72.9947,41.83
9912,14349,2017,Nepaug River,Quantified_Electrofishing_all_species_cencus,"Brook Trout, Wild",NEW HARTFORD,4310,143492017,4,Litchfield,-72.9947,41.83
9924,14355,1991,Nonewaug River,Quantified_Electrofishing_all_species_cencus,"Brook Trout, Wild",WOODBURY,6802,143551991,12,Litchfield,-73.2121999999999,41.5575000000001
9951,14355,2011,Nonewaug River,Quantified_Electrofishing_all_species_cencus,"Brook Trout, Wild",WOODBURY,6802,143552011,2,Litchfield,-73.2121999999999,41.5575000000001
9967,14355,2016,Nonewaug River,Quantified_Electrofishing_all_species_cencus,"Brook Trout, Wild",WOODBURY,6802,143552016,1,Litchfield,-73.2121999999999,41.5575000000001
9983,14355,2018,Nonewaug River,Quantified_Electrofishing_all_species_cencus,"Brook Trout, Wild",WOODBURY,6802,143552018,1,Litchfield,-73.2121999999999,41.5575000000001
10023,14358,2011,Noroton River,Quantified_Electrofishing_all_species_cencus,"Brook Trout, Wild",STAMFORD,7403,143582011,1,Fairfield,-73.5151999999999,41.0898
10131,14360,2011,Norwalk River,Quantified_Electrofishing_all_species_cencus,"Brook Trout, Wild",RIDGEFIELD,7300,143602011,1,Fairfield,-73.4414,41.2675
10151,14360,2016,Norwalk River,Quantified_Electrofishing_all_species_cencus,"Brook Trout, Wild",RIDGEFIELD,7300,143602016,3,Fairfield,-73.4414,41.2675
10332,14377,2009,Pattaconk Brook,Quantified_Electrofishing_all_species_cencus,"Brook Trout, Wild",CHESTER,4017,143772009,2,Middlesex,-72.4650999999999,41.3991
10374,14384,1988,Pequabuck River,Quantified_Electrofishing_all_species_cencus,"Brook Trout, Wild",PLYMOUTH,4315,143841988,1,Litchfield,-73.0217029999999,41.6975340000001
10402,14390,2008,Pequabuck River,Quantified_Electrofishing_all_species_cencus,"Brook Trout, Wild",BRISTOL,4315,143902008,1,Hartford,-72.9619,41.6742
10608,14396,2018,Pine Brook,Quantified_Electrofishing_all_species_cencus,"Brook Trout, Wild",HADDAM,4709,143962018,1,Middlesex,-72.4952,41.5079000000001
10634,14400,2000,Pocotopaug Creek,Quantified_Electrofishing_all_species_cencus,"Brook Trout, Wild",EAST HAMPTON,4709,144002000,1,Middlesex,-72.5069,41.5650000000001
10663,14402,1988,Poland River,Quantified_Electrofishing_all_species_cencus,"Brook Trout, Wild",PLYMOUTH,4313,144021988,8,Litchfield,-73.0045,41.6912
10670,14402,2008,Poland River,Quantified_Electrofishing_all_species_cencus,"Brook Trout, Wild",PLYMOUTH,4313,144022008,5,Litchfield,-73.0045,41.6912
10678,14402,2012,Poland River,Quantified_Electrofishing_all_species_cencus,"Brook Trout, Wild",PLYMOUTH,4313,144022012,23,Litchfield,-73.0045,41.6912
10688,14402,2019,Poland River,Quantified_Electrofishing_all_species_cencus,"Brook Trout, Wild",PLYMOUTH,4313,144022019,2,Litchfield,-73.0045,41.6912
10694,14403,2010,Pomperaug River,Quantified_Electrofishing_all_species_cencus,"Brook Trout, Wild",WOODBURY,6800,144032010,3,Litchfield,-73.2164999999999,41.5491000000001
10792,14405,1991,Pootatuck River,Quantified_Electrofishing_all_species_cencus,"Brook Trout, Wild",NEWTOWN,6020,144051991,6,Fairfield,-73.2819,41.4228000000001
10806,14409,2011,Pootatuck River,Quantified_Electrofishing_all_species_cencus,"Brook Trout, Wild",NEWTOWN,6020,144092011,1,Fairfield,-73.2823999999999,41.4162000000001
10815,14409,2012,Pootatuck River,Quantified_Electrofishing_all_species_cencus,"Brook Trout, Wild",NEWTOWN,6020,144092012,1,Fairfield,-73.2823999999999,41.4162000000001
10894,14413,1990,Quinnipiac River,Quantified_Electrofishing_all_species_cencus,"Brook Trout, Wild",MERIDEN,5200,144131990,4,New Haven,-72.8562719999999,41.528244
10921,14413,2007,Quinnipiac River,Quantified_Electrofishing_all_species_cencus,"Brook Trout, Wild",MERIDEN,5200,144132007,4,New Haven,-72.8562719999999,41.528244
11008,14417,2012,Quinnipiac River,Quantified_Electrofishing_all_species_cencus,"Brook Trout, Wild",SOUTHINGTON,5200,144172012,14,Hartford,-72.891,41.5878000000001
11152,14436,2014,Salmon Brook,Quantified_Electrofishing_all_species_cencus,"Brook Trout, Wild",GLASTONBURY,4006,144362014,1,Hartford,-72.602,41.7191
11160,14436,2015,Salmon Brook,Quantified_Electrofishing_all_species_cencus,"Brook Trout, Wild",GLASTONBURY,4006,144362015,1,Hartford,-72.602,41.7191
11172,14437,2000,Salmon Brook,Quantified_Electrofishing_all_species_cencus,"Brook Trout, Wild",GLASTONBURY,4006,144372000,1,Hartford,-72.5851,41.7167000000001
11182,14438,1989,Salmon Brook,Quantified_Electrofishing_all_species_cencus,"Brook Trout, Wild",GLASTONBURY,4006,144381989,212,Hartford,-72.5559,41.7211
11191,14438,2012,Salmon Brook,Quantified_Electrofishing_all_species_cencus,"Brook Trout, Wild",GLASTONBURY,4006,144382012,32,Hartford,-72.5559,41.7211
11196,14438,2019,Salmon Brook,Quantified_Electrofishing_all_species_cencus,"Brook Trout, Wild",GLASTONBURY,4006,144382019,82,Hartford,-72.5559,41.7211
11198,14439,2011,Salmon Creek (Salmon Kill),Quantified_Electrofishing_all_species_cencus,"Brook Trout, Wild",SALISBURY,6007,144392011,2,Litchfield,-73.3908,41.9337
11229,14440,1989,Salmon River,Quantified_Electrofishing_all_species_cencus,"Brook Trout, Wild",EAST HAMPTON,4700,144401989,6,Middlesex,-72.4496,41.5526
11248,14441,2006,Salmon River,Quantified_Electrofishing_all_species_cencus,"Brook Trout, Wild",COLCHESTER,4700,144412006,14,New London,-72.4294,41.5742000000001
11300,14442,2005,Sandy Brook,Quantified_Electrofishing_all_species_cencus,"Brook Trout, Wild",COLEBROOK,4304,144422005,2,Litchfield,-73.0406,41.974
11320,14442,2010,Sandy Brook,Quantified_Electrofishing_all_species_cencus,"Brook Trout, Wild",COLEBROOK,4304,144422010,4,Litchfield,-73.0406,41.974
11338,14442,2015,Sandy Brook,Quantified_Electrofishing_all_species_cencus,"Brook Trout, Wild",COLEBROOK,4304,144422015,5,Litchfield,-73.0406,41.974
11344,14442,2017,Sandy Brook,Quantified_Electrofishing_all_species_cencus,"Brook Trout, Wild",COLEBROOK,4304,144422017,1,Litchfield,-73.0406,41.974
11357,14444,1990,Saugatuck River,Quantified_Electrofishing_all_species_cencus,"Brook Trout, Wild",REDDING,7200,144441990,1,Fairfield,-73.3948,41.2945
11415,14444,2011,Saugatuck River,Quantified_Electrofishing_all_species_cencus,"Brook Trout, Wild",REDDING,7200,144442011,1,Fairfield,-73.3948,41.2945
11651,14453,1991,Spruce Brook,Quantified_Electrofishing_all_species_cencus,"Brook Trout, Wild",NAUGATUCK,6900,144531991,41,New Haven,-73.0626,41.4562000000001
11656,14453,2006,Spruce Brook,Quantified_Electrofishing_all_species_cencus,"Brook Trout, Wild",NAUGATUCK,6900,144532006,5,New Haven,-73.0626,41.4562000000001
11666,14453,2023,Spruce Brook,Quantified_Electrofishing_all_species_cencus,"Brook Trout, Wild",NAUGATUCK,6900,144532023,2,New Haven,-73.0626,41.4562000000001
11922,14470,2004,Tankerhoosen River,Quantified_Electrofishing_all_species_cencus,"Brook Trout, Wild",VERNON,4503,144702004,14,Tolland,-72.4639999999999,41.8272000000001
11932,14470,2011,Tankerhoosen River,Quantified_Electrofishing_all_species_cencus,"Brook Trout, Wild",VERNON,4503,144702011,15,Tolland,-72.4639999999999,41.8272000000001
11939,14470,2013,Tankerhoosen River,Quantified_Electrofishing_all_species_cencus,"Brook Trout, Wild",VERNON,4503,144702013,2,Tolland,-72.4639999999999,41.8272000000001
11946,14470,2016,Tankerhoosen River,Quantified_Electrofishing_all_species_cencus,"Brook Trout, Wild",VERNON,4503,144702016,5,Tolland,-72.4639999999999,41.8272000000001
11953,14470,2018,Tankerhoosen River,Quantified_Electrofishing_all_species_cencus,"Brook Trout, Wild",VERNON,4503,144702018,5,Tolland,-72.4639999999999,41.8272000000001
12016,14472,2006,Ten Mile River,Quantified_Electrofishing_all_species_cencus,"Brook Trout, Wild",SOUTHINGTON,5202,144722006,1,Hartford,-72.8905,41.5655
12028,14472,2007,Ten Mile River,Quantified_Electrofishing_all_species_cencus,"Brook Trout, Wild",SOUTHINGTON,5202,144722007,3,Hartford,-72.8905,41.5655
12107,14478,2011,"Lyman Brook, Unnamed tributary to",Quantified_Electrofishing_all_species_cencus,"Brook Trout, Wild",MARLBOROUGH,4707,144782011,19,Hartford,-72.4532,41.6267
12109,14478,2013,"Lyman Brook, Unnamed tributary to",Quantified_Electrofishing_all_species_cencus,"Brook Trout, Wild",MARLBOROUGH,4707,144782013,45,Hartford,-72.4532,41.6267
12113,14478,2014,"Lyman Brook, Unnamed tributary to",Quantified_Electrofishing_all_species_cencus,"Brook Trout, Wild",MARLBOROUGH,4707,144782014,32,Hartford,-72.4532,41.6267
12161,14482,2010,West Branch Naugatuck River,Quantified_Electrofishing_all_species_cencus,"Brook Trout, Wild",TORRINGTON,6904,144822010,3,Litchfield,-73.1441,41.8181000000001
12173,14482,2016,West Branch Naugatuck River,Quantified_Electrofishing_all_species_cencus,"Brook Trout, Wild",TORRINGTON,6904,144822016,3,Litchfield,-73.1441,41.8181000000001
12183,14484,2004,West Branch Salmon Brook,Quantified_Electrofishing_all_species_cencus,"Brook Trout, Wild",GRANBY,4319,144842004,9,Hartford,-72.8215,41.9372000000001
12191,14484,2010,West Branch Salmon Brook,Quantified_Electrofishing_all_species_cencus,"Brook Trout, Wild",GRANBY,4319,144842010,18,Hartford,-72.8215,41.9372000000001
12198,14484,2013,West Branch Salmon Brook,Quantified_Electrofishing_all_species_cencus,"Brook Trout, Wild",GRANBY,4319,144842013,6,Hartford,-72.8215,41.9372000000001
12226,14488,2006,West Aspetuck River,Quantified_Electrofishing_all_species_cencus,"Brook Trout, Wild",NEW MILFORD,6500,144882006,6,Litchfield,-73.4287889999999,41.6048890000001
12379,14500,1991,Worden Brook,Quantified_Electrofishing_all_species_cencus,"Brook Trout, Wild",NEW FAIRFIELD,6400,145001991,58,Fairfield,-73.4866,41.5259
12381,14500,2015,Worden Brook,Quantified_Electrofishing_all_species_cencus,"Brook Trout, Wild",NEW FAIRFIELD,6400,145002015,9,Fairfield,-73.4866,41.5259
12426,14504,2008,Hop Brook,Quantified_Electrofishing_all_species_cencus,"Brook Trout, Wild",SIMSBURY,4318,145042008,8,Hartford,-72.8226,41.8736000000001
12436,14504,2012,Hop Brook,Quantified_Electrofishing_all_species_cencus,"Brook Trout, Wild",SIMSBURY,4318,145042012,22,Hartford,-72.8226,41.8736000000001
12460,14520,1992,Factory Brook,Quantified_Electrofishing_all_species_cencus,"Brook Trout, Wild",SALISBURY,6005,145201992,1,Litchfield,-73.4211999999999,41.9751000000001
12483,14520,2006,Factory Brook,Quantified_Electrofishing_all_species_cencus,"Brook Trout, Wild",SALISBURY,6005,145202006,2,Litchfield,-73.4211999999999,41.9751000000001
12495,14520,2011,Factory Brook,Quantified_Electrofishing_all_species_cencus,"Brook Trout, Wild",SALISBURY,6005,145202011,3,Litchfield,-73.4211999999999,41.9751000000001
12505,14520,2012,Factory Brook,Quantified_Electrofishing_all_species_cencus,"Brook Trout, Wild",SALISBURY,6005,145202012,3,Litchfield,-73.4211999999999,41.9751000000001
12538,14521,2006,Factory Brook,Quantified_Electrofishing_all_species_cencus,"Brook Trout, Wild",SALISBURY,6005,145212006,1,Litchfield,-73.4277,41.9668
12544,14523,2015,Burton Brook,Quantified_Electrofishing_all_species_cencus,"Brook Trout, Wild",SALISBURY,6005,145232015,12,Litchfield,-73.4340999999999,41.9667000000001
12687,14538,1993,Hans Brook,Quantified_Electrofishing_all_species_cencus,"Brook Trout, Wild",MIDDLEFIELD,4607,145381993,20,Middlesex,-72.7030999999999,41.5249000000001
12694,14538,2011,Hans Brook,Quantified_Electrofishing_all_species_cencus,"Brook Trout, Wild",MIDDLEFIELD,4607,145382011,19,Middlesex,-72.7030999999999,41.5249000000001
12700,14538,2019,Hans Brook,Quantified_Electrofishing_all_species_cencus,"Brook Trout, Wild",MIDDLEFIELD,4607,145382019,12,Middlesex,-72.7030999999999,41.5249000000001
12751,14551,2008,Coginchaug River,Quantified_Electrofishing_all_species_cencus,"Brook Trout, Wild",DURHAM,4607,145512008,6,Middlesex,-72.6881999999999,41.4435
12762,14551,2012,Coginchaug River,Quantified_Electrofishing_all_species_cencus,"Brook Trout, Wild",DURHAM,4607,145512012,84,Middlesex,-72.6881999999999,41.4435
12773,14551,2017,Coginchaug River,Quantified_Electrofishing_all_species_cencus,"Brook Trout, Wild",DURHAM,4607,145512017,16,Middlesex,-72.6881999999999,41.4435
13162,14584,2004,Roaring Brook,Quantified_Electrofishing_all_species_cencus,"Brook Trout, Wild",WILLINGTON,3104,145842004,5,Tolland,-72.2891,41.9040000000001
13168,14584,2005,Roaring Brook,Quantified_Electrofishing_all_species_cencus,"Brook Trout, Wild",WILLINGTON,3104,145842005,7,Tolland,-72.2891,41.9040000000001
13183,14584,2014,Roaring Brook,Quantified_Electrofishing_all_species_cencus,"Brook Trout, Wild",WILLINGTON,3104,145842014,1,Tolland,-72.2891,41.9040000000001
13355,14591,2004,Mount Hope River,Quantified_Electrofishing_all_species_cencus,"Brook Trout, Wild",MANSFIELD,3206,145912004,13,Tolland,-72.1716,41.7971000000001
13373,14592,2009,Fenton River,Quantified_Electrofishing_all_species_cencus,"Brook Trout, Wild",MANSFIELD,3207,145922009,4,Tolland,-72.21,41.7925000000001
13386,14592,2010,Fenton River,Quantified_Electrofishing_all_species_cencus,"Brook Trout, Wild",MANSFIELD,3207,145922010,22,Tolland,-72.21,41.7925000000001
13401,14592,2014,Fenton River,Quantified_Electrofishing_all_species_cencus,"Brook Trout, Wild",MANSFIELD,3207,145922014,4,Tolland,-72.21,41.7925000000001
13424,14593,2010,Whetstone Brook,Quantified_Electrofishing_all_species_cencus,"Brook Trout, Wild",KILLINGLY,3404,145932010,29,Windham,-71.878097,41.8316330000001
13482,14595,1994,Quanduck Brook,Quantified_Electrofishing_all_species_cencus,"Brook Trout, Wild",STERLING,3501,145951994,5,Windham,-71.8360529999999,41.721906
13498,14595,2009,Quanduck Brook,Quantified_Electrofishing_all_species_cencus,"Brook Trout, Wild",STERLING,3501,145952009,2,Windham,-71.8360529999999,41.721906
13509,14595,2014,Quanduck Brook,Quantified_Electrofishing_all_species_cencus,"Brook Trout, Wild",STERLING,3501,145952014,1,Windham,-71.8360529999999,41.721906
13517,14597,1993,Myron Kinney  Brook,Quantified_Electrofishing_all_species_cencus,"Brook Trout, Wild",VOLUNTOWN,3604,145971993,11,New London,-71.8618999999999,41.5533
13528,14597,2004,Myron Kinney  Brook,Quantified_Electrofishing_all_species_cencus,"Brook Trout, Wild",VOLUNTOWN,3604,145972004,13,New London,-71.8618999999999,41.5533
13536,14597,2010,Myron Kinney  Brook,Quantified_Electrofishing_all_species_cencus,"Brook Trout, Wild",VOLUNTOWN,3604,145972010,13,New London,-71.8618999999999,41.5533
13569,14599,2004,Mashamoquet Brook,Quantified_Electrofishing_all_species_cencus,"Brook Trout, Wild",POMFRET,3710,145992004,1,Windham,-71.9358999999999,41.8499
13586,14599,2005,Mashamoquet Brook,Quantified_Electrofishing_all_species_cencus,"Brook Trout, Wild",POMFRET,3710,145992005,3,Windham,-71.9358999999999,41.8499
13639,14600,1994,Blackwell Brook,Quantified_Electrofishing_all_species_cencus,"Brook Trout, Wild",CANTERBURY,3711,146001994,2,Windham,-71.9487999999999,41.7407000000001
13672,14601,2008,Broad Brook,Quantified_Electrofishing_all_species_cencus,"Brook Trout, Wild",PRESTON,3716,146012008,2,New London,-71.9834,41.5632000000001
13682,14601,2009,Broad Brook,Quantified_Electrofishing_all_species_cencus,"Brook Trout, Wild",PRESTON,3716,146012009,4,New London,-71.9834,41.5632000000001
13694,14601,2010,Broad Brook,Quantified_Electrofishing_all_species_cencus,"Brook Trout, Wild",PRESTON,3716,146012010,5,New London,-71.9834,41.5632000000001
13706,14602,2004,Merrick Brook,Quantified_Electrofishing_all_species_cencus,"Brook Trout, Wild",SCOTLAND,3803,146022004,3,Windham,-72.1101,41.6610000000001
13715,14602,2009,Merrick Brook,Quantified_Electrofishing_all_species_cencus,"Brook Trout, Wild",SCOTLAND,3803,146022009,1,Windham,-72.1101,41.6610000000001
14002,14605,1990,Eightmile River,Quantified_Electrofishing_all_species_cencus,"Brook Trout, Wild",SOUTHINGTON,5201,146051990,3,Hartford,-72.9009,41.5908000000001
14013,14605,2011,Eightmile River,Quantified_Electrofishing_all_species_cencus,"Brook Trout, Wild",SOUTHINGTON,5201,146052011,15,Hartford,-72.9009,41.5908000000001
14024,14605,2012,Eightmile River,Quantified_Electrofishing_all_species_cencus,"Brook Trout, Wild",SOUTHINGTON,5201,146052012,25,Hartford,-72.9009,41.5908000000001
14037,14605,2019,Eightmile River,Quantified_Electrofishing_all_species_cencus,"Brook Trout, Wild",SOUTHINGTON,5201,146052019,4,Hartford,-72.9009,41.5908000000001
14263,14627,1992,Webetuck Creek,Quantified_Electrofishing_all_species_cencus,"Brook Trout, Wild",SHARON,6303,146271992,4,Litchfield,-73.4936999999999,41.8848
14274,14627,2019,Webetuck Creek,Quantified_Electrofishing_all_species_cencus,"Brook Trout, Wild",SHARON,6303,146272019,2,Litchfield,-73.4936999999999,41.8848
14493,14652,1995,Hockanum Brook,Quantified_Electrofishing_all_species_cencus,"Brook Trout, Wild",BEACON FALLS,6900,146521995,74,New Haven,-73.0386,41.4392
15133,14710,2012,Shepaug River,Quantified_Electrofishing_all_species_cencus,"Brook Trout, Wild",WASHINGTON,6700,147102012,1,Litchfield,-73.298268,41.6833970000001
15147,14711,2001,Transylvania Brook,Quantified_Electrofishing_all_species_cencus,"Brook Trout, Wild",SOUTHBURY,6806,147112001,2,New Haven,-73.258547,41.4842620000001
15314,14718,1993,Mount Misery Brook,Quantified_Electrofishing_all_species_cencus,"Brook Trout, Wild",VOLUNTOWN,3602,147181993,14,New London,-71.8679999999999,41.6030000000001
15366,14720,2001,Green Fall River,Quantified_Electrofishing_all_species_cencus,"Brook Trout, Wild",NORTH STONINGTON,1002,147202001,16,New London,-71.8169,41.4568
15373,14720,2007,Green Fall River,Quantified_Electrofishing_all_species_cencus,"Brook Trout, Wild",NORTH STONINGTON,1002,147202007,14,New London,-71.8169,41.4568
15379,14720,2009,Green Fall River,Quantified_Electrofishing_all_species_cencus,"Brook Trout, Wild",NORTH STONINGTON,1002,147202009,2,New London,-71.8169,41.4568
15388,14720,2010,Green Fall River,Quantified_Electrofishing_all_species_cencus,"Brook Trout, Wild",NORTH STONINGTON,1002,147202010,66,New London,-71.8169,41.4568
15394,14720,2011,Green Fall River,Quantified_Electrofishing_all_species_cencus,"Brook Trout, Wild",NORTH STONINGTON,1002,147202011,38,New London,-71.8169,41.4568
15400,14720,2013,Green Fall River,Quantified_Electrofishing_all_species_cencus,"Brook Trout, Wild",NORTH STONINGTON,1002,147202013,16,New London,-71.8169,41.4568
15408,14720,2015,Green Fall River,Quantified_Electrofishing_all_species_cencus,"Brook Trout, Wild",NORTH STONINGTON,1002,147202015,23,New London,-71.8169,41.4568
15415,14720,2019,Green Fall River,Quantified_Electrofishing_all_species_cencus,"Brook Trout, Wild",NORTH STONINGTON,1002,147202019,5,New London,-71.8169,41.4568
15421,14721,2003,Shunock River,Quantified_Electrofishing_all_species_cencus,"Brook Trout, Wild",NORTH STONINGTON,1004,147212003,16,New London,-71.8452,41.4101000000001
15480,14727,1993,Latimer Brook,Quantified_Electrofishing_all_species_cencus,"Brook Trout, Wild",EAST LYME,2202,147271993,11,New London,-72.2216999999999,41.4107000000001
15539,14731,2014,Trading Cove Brook,Quantified_Electrofishing_all_species_cencus,"Brook Trout, Wild",NORWICH,3001,147312014,24,New London,-72.1235,41.5021
15547,14731,2018,Trading Cove Brook,Quantified_Electrofishing_all_species_cencus,"Brook Trout, Wild",NORWICH,3001,147312018,18,New London,-72.1235,41.5021
15675,14739,1993,Susquetonscut Brook,Quantified_Electrofishing_all_species_cencus,"Brook Trout, Wild",FRANKLIN,3907,147391993,2,New London,-72.1324,41.5724000000001
15689,14739,2001,Susquetonscut Brook,Quantified_Electrofishing_all_species_cencus,"Brook Trout, Wild",FRANKLIN,3907,147392001,4,New London,-72.1324,41.5724000000001
15698,14739,2010,Susquetonscut Brook,Quantified_Electrofishing_all_species_cencus,"Brook Trout, Wild",FRANKLIN,3907,147392010,11,New London,-72.1324,41.5724000000001
15706,14739,2014,Susquetonscut Brook,Quantified_Electrofishing_all_species_cencus,"Brook Trout, Wild",FRANKLIN,3907,147392014,7,New London,-72.1324,41.5724000000001
15715,14740,1991,Quaker Brook,Quantified_Electrofishing_all_species_cencus,"Brook Trout, Wild",NEW FAIRFIELD,8101,147401991,172,Fairfield,-73.5269499999999,41.512349
15727,14740,2011,Quaker Brook,Quantified_Electrofishing_all_species_cencus,"Brook Trout, Wild",NEW FAIRFIELD,8101,147402011,41,Fairfield,-73.5269499999999,41.512349
15736,14740,2013,Quaker Brook,Quantified_Electrofishing_all_species_cencus,"Brook Trout, Wild",NEW FAIRFIELD,8101,147402013,73,Fairfield,-73.5269499999999,41.512349
15743,14740,2016,Quaker Brook,Quantified_Electrofishing_all_species_cencus,"Brook Trout, Wild",NEW FAIRFIELD,8101,147402016,18,Fairfield,-73.5269499999999,41.512349
15750,14740,2021,Quaker Brook,Quantified_Electrofishing_all_species_cencus,"Brook Trout, Wild",NEW FAIRFIELD,8101,147402021,10,Fairfield,-73.5269499999999,41.512349
15758,14741,2008,Titicus River,Quantified_Electrofishing_all_species_cencus,"Brook Trout, Wild",RIDGEFIELD,8104,147412008,4,Fairfield,-73.5218,41.3287
15767,14741,2011,Titicus River,Quantified_Electrofishing_all_species_cencus,"Brook Trout, Wild",RIDGEFIELD,8104,147412011,22,Fairfield,-73.5218,41.3287
15774,14741,2013,Titicus River,Quantified_Electrofishing_all_species_cencus,"Brook Trout, Wild",RIDGEFIELD,8104,147412013,14,Fairfield,-73.5218,41.3287
15784,14741,2016,Titicus River,Quantified_Electrofishing_all_species_cencus,"Brook Trout, Wild",RIDGEFIELD,8104,147412016,101,Fairfield,-73.5218,41.3287
15853,14763,2010,Ashaway River,Quantified_Electrofishing_all_species_cencus,"Brook Trout, Wild","WESTERLY, RI",1003,147632010,1,,-71.7963,41.4433000000001
15877,14774,2001,Bride Brook,Quantified_Electrofishing_all_species_cencus,"Brook Trout, Wild",EAST LYME,2206,147742001,42,New London,-72.2419,41.3360000000001
15879,14774,2010,Bride Brook,Quantified_Electrofishing_all_species_cencus,"Brook Trout, Wild",EAST LYME,2206,147742010,96,New London,-72.2419,41.3360000000001
15885,14774,2012,Bride Brook,Quantified_Electrofishing_all_species_cencus,"Brook Trout, Wild",EAST LYME,2206,147742012,94,New London,-72.2419,41.3360000000001
15901,14779,1991,Limekiln Brook,Quantified_Electrofishing_all_species_cencus,"Brook Trout, Wild",BETHEL,6606,147791991,26,Fairfield,-73.3878999999999,41.3915000000001
16208,14804,1992,Mill Brook,Quantified_Electrofishing_all_species_cencus,"Brook Trout, Wild",CORNWALL,6008,148041992,2,Litchfield,-73.331,41.8804000000001
16246,14813,2006,Blackberry River,Quantified_Electrofishing_all_species_cencus,"Brook Trout, Wild",NORFOLK,6100,148132006,6,Litchfield,-73.2343,42.0065000000001
16252,14813,2011,Blackberry River,Quantified_Electrofishing_all_species_cencus,"Brook Trout, Wild",NORFOLK,6100,148132011,7,Litchfield,-73.2343,42.0065000000001
16265,14813,2018,Blackberry River,Quantified_Electrofishing_all_species_cencus,"Brook Trout, Wild",NORFOLK,6100,148132018,5,Litchfield,-73.2343,42.0065000000001
16273,14819,1988,Mallory Brook,Quantified_Electrofishing_all_species_cencus,"Brook Trout, Wild",BARKHAMSTED,4305,148191988,4,Litchfield,-73.0474,41.9063
16279,14819,1999,Mallory Brook,Quantified_Electrofishing_all_species_cencus,"Brook Trout, Wild",BARKHAMSTED,4305,148191999,22,Litchfield,-73.0474,41.9063
16284,14819,2008,Mallory Brook,Quantified_Electrofishing_all_species_cencus,"Brook Trout, Wild",BARKHAMSTED,4305,148192008,5,Litchfield,-73.0474,41.9063
16289,14819,2010,Mallory Brook,Quantified_Electrofishing_all_species_cencus,"Brook Trout, Wild",BARKHAMSTED,4305,148192010,23,Litchfield,-73.0474,41.9063
16336,14826,2011,South Fork Hockanum River,Quantified_Electrofishing_all_species_cencus,"Brook Trout, Wild",MANCHESTER,4504,148262011,1,Hartford,-72.5635,41.7774000000001
16362,14840,2002,Mountain Brook,Quantified_Electrofishing_all_species_cencus,"Brook Trout, Wild",GRANBY,4320,148402002,30,Hartford,-72.8375,41.9741000000001
16366,14840,2017,Mountain Brook,Quantified_Electrofishing_all_species_cencus,"Brook Trout, Wild",GRANBY,4320,148402017,19,Hartford,-72.8375,41.9741000000001
16395,14841,2009,FARMINGTON RIVER,Quantified_Electrofishing_all_species_cencus,"Brook Trout, Wild",CANTON,4300,148412009,1,Hartford,-72.9295,41.8257
16428,14842,2002,Indian Meadow Brook,Quantified_Electrofishing_all_species_cencus,"Brook Trout, Wild",WINCHESTER,4302,148422002,160,Litchfield,-73.079,41.9305000000001
16437,14842,2008,Indian Meadow Brook,Quantified_Electrofishing_all_species_cencus,"Brook Trout, Wild",WINCHESTER,4302,148422008,15,Litchfield,-73.079,41.9305000000001
16446,14842,2011,Indian Meadow Brook,Quantified_Electrofishing_all_species_cencus,"Brook Trout, Wild",WINCHESTER,4302,148422011,11,Litchfield,-73.079,41.9305000000001
16452,14842,2015,Indian Meadow Brook,Quantified_Electrofishing_all_species_cencus,"Brook Trout, Wild",WINCHESTER,4302,148422015,30,Litchfield,-73.079,41.9305000000001
16465,14844,2002,Lake Waramaug Brook,Quantified_Electrofishing_all_species_cencus,"Brook Trout, Wild",WARREN,6502,148442002,5,Litchfield,-73.3344999999999,41.7243
16473,14845,1992,Bull Mountain Brook,Quantified_Electrofishing_all_species_cencus,"Brook Trout, Wild",KENT,6016,148451992,18,Litchfield,-73.4515,41.6782000000001
16479,14845,2002,Bull Mountain Brook,Quantified_Electrofishing_all_species_cencus,"Brook Trout, Wild",KENT,6016,148452002,8,Litchfield,-73.4515,41.6782000000001
16485,14846,2002,Sawmill Brook,Quantified_Electrofishing_all_species_cencus,"Brook Trout, Wild",SHERMAN,6401,148462002,120,Fairfield,-73.5108,41.5851000000001
16500,14849,2002,Limekiln Brook,Quantified_Electrofishing_all_species_cencus,"Brook Trout, Wild",BETHEL,6606,148492002,56,Fairfield,-73.3761,41.3838000000001
16513,14850,2002,Bladens River (Bladdens River),Quantified_Electrofishing_all_species_cencus,"Brook Trout, Wild",WOODBRIDGE,6919,148502002,63,New Haven,-73.0189999999999,41.3872000000001
16552,14857,1989,Beaver Meadow Brook,Quantified_Electrofishing_all_species_cencus,"Brook Trout, Wild",HADDAM,4015,148571989,50,Middlesex,-72.5454,41.4432
16554,14857,2002,Beaver Meadow Brook,Quantified_Electrofishing_all_species_cencus,"Brook Trout, Wild",HADDAM,4015,148572002,148,Middlesex,-72.5454,41.4432
16557,14857,2011,Beaver Meadow Brook,Quantified_Electrofishing_all_species_cencus,"Brook Trout, Wild",HADDAM,4015,148572011,22,Middlesex,-72.5454,41.4432
16560,14858,2002,Flat Brook,Quantified_Electrofishing_all_species_cencus,"Brook Trout, Wild",MARLBOROUGH,4707,148582002,178,Hartford,-72.4673,41.6801
16565,14859,2002,Shunock River,Quantified_Electrofishing_all_species_cencus,"Brook Trout, Wild",NORTH STONINGTON,1004,148592002,1,New London,-71.8525999999999,41.4304000000001
16580,14860,1993,Flat Brook,Quantified_Electrofishing_all_species_cencus,"Brook Trout, Wild",LEDYARD,3000,148601993,35,New London,-72.0747,41.4062000000001
16587,14860,2002,Flat Brook,Quantified_Electrofishing_all_species_cencus,"Brook Trout, Wild",LEDYARD,3000,148602002,101,New London,-72.0747,41.4062000000001
16591,14861,2002,Latimer Brook,Quantified_Electrofishing_all_species_cencus,"Brook Trout, Wild",MONTVILLE,2202,148612002,6,New London,-72.2209,41.4209000000001
16596,14863,1994,Rocky Brook,Quantified_Electrofishing_all_species_cencus,"Brook Trout, Wild",THOMPSON,3401,148631994,84,Windham,-71.802,42.0134
16597,14863,2002,Rocky Brook,Quantified_Electrofishing_all_species_cencus,"Brook Trout, Wild",THOMPSON,3401,148632002,34,Windham,-71.802,42.0134
16599,14863,2009,Rocky Brook,Quantified_Electrofishing_all_species_cencus,"Brook Trout, Wild",THOMPSON,3401,148632009,7,Windham,-71.802,42.0134
16602,14863,2013,Rocky Brook,Quantified_Electrofishing_all_species_cencus,"Brook Trout, Wild",THOMPSON,3401,148632013,48,Windham,-71.802,42.0134
16606,14863,2014,Rocky Brook,Quantified_Electrofishing_all_species_cencus,"Brook Trout, Wild",THOMPSON,3401,148632014,9,Windham,-71.802,42.0134
16608,14863,2019,Rocky Brook,Quantified_Electrofishing_all_species_cencus,"Brook Trout, Wild",THOMPSON,3401,148632019,53,Windham,-71.802,42.0134
16609,14863,2023,Rocky Brook,Quantified_Electrofishing_all_species_cencus,"Brook Trout, Wild",THOMPSON,3401,148632023,68,Windham,-71.802,42.0134
16619,14866,1994,Stickney Hill Brook,Quantified_Electrofishing_all_species_cencus,"Brook Trout, Wild",UNION,3104,148661994,28,Tolland,-72.2179,41.9833
16622,14866,2002,Stickney Hill Brook,Quantified_Electrofishing_all_species_cencus,"Brook Trout, Wild",UNION,3104,148662002,76,Tolland,-72.2179,41.9833
16627,14866,2007,Stickney Hill Brook,Quantified_Electrofishing_all_species_cencus,"Brook Trout, Wild",UNION,3104,148662007,10,Tolland,-72.2179,41.9833
16632,14866,2014,Stickney Hill Brook,Quantified_Electrofishing_all_species_cencus,"Brook Trout, Wild",UNION,3104,148662014,9,Tolland,-72.2179,41.9833
16638,14870,2006,Nonewaug River,Quantified_Electrofishing_all_species_cencus,"Brook Trout, Wild",WOODBURY,6802,148702006,4,Litchfield,-73.1844,41.5728
16690,14880,2002,Sages Ravine Brook,Quantified_Electrofishing_all_species_cencus,"Brook Trout, Wild",SALISBURY,6001,148802002,195,Litchfield,-73.4301,42.0495000000001
16691,14880,2011,Sages Ravine Brook,Quantified_Electrofishing_all_species_cencus,"Brook Trout, Wild",SALISBURY,6001,148802011,72,Litchfield,-73.4301,42.0495000000001
16693,14880,2012,Sages Ravine Brook,Quantified_Electrofishing_all_species_cencus,"Brook Trout, Wild",SALISBURY,6001,148802012,122,Litchfield,-73.4301,42.0495000000001
16695,14880,2019,Sages Ravine Brook,Quantified_Electrofishing_all_species_cencus,"Brook Trout, Wild",SALISBURY,6001,148802019,159,Litchfield,-73.4301,42.0495000000001
16697,14888,1994,Ekonk Brook,Quantified_Electrofishing_all_species_cencus,"Brook Trout, Wild",PLAINFIELD,3503,148881994,2,Windham,-71.8778,41.7109
16706,14888,2002,Ekonk Brook,Quantified_Electrofishing_all_species_cencus,"Brook Trout, Wild",PLAINFIELD,3503,148882002,4,Windham,-71.8778,41.7109
16715,14888,2009,Ekonk Brook,Quantified_Electrofishing_all_species_cencus,"Brook Trout, Wild",PLAINFIELD,3503,148882009,1,Windham,-71.8778,41.7109
16725,14888,2014,Ekonk Brook,Quantified_Electrofishing_all_species_cencus,"Brook Trout, Wild",PLAINFIELD,3503,148882014,1,Windham,-71.8778,41.7109
16805,14971,1991,Mad River,Quantified_Electrofishing_all_species_cencus,"Brook Trout, Wild",WOLCOTT,6914,149711991,110,New Haven,-72.9858,41.6074
16878,14997,2003,East Branch Salmon Brook,Quantified_Electrofishing_all_species_cencus,"Brook Trout, Wild",GRANBY,4320,149972003,63,Hartford,-72.8434999999999,42.0135000000001
16889,14999,2003,North Running Brook,Quantified_Electrofishing_all_species_cencus,"Brook Trout, Wild",WOODSTOCK,3708,149992003,23,Windham,-71.9657,41.9645
16901,15001,2003,Beach Brook,Quantified_Electrofishing_all_species_cencus,"Brook Trout, Wild",GRANBY,4319,150012003,83,Hartford,-72.8575,41.946
16903,15001,2017,Beach Brook,Quantified_Electrofishing_all_species_cencus,"Brook Trout, Wild",GRANBY,4319,150012017,5,Hartford,-72.8575,41.946
16906,15002,1989,Buckhorn Brook,Quantified_Electrofishing_all_species_cencus,"Brook Trout, Wild",ENFIELD,4205,150021989,2,Hartford,-72.539,41.9508000000001
16915,15003,1994,Wappoquia Brook,Quantified_Electrofishing_all_species_cencus,"Brook Trout, Wild",POMFRET,3709,150031994,18,Windham,-71.9657999999999,41.8751
16926,15003,2003,Wappoquia Brook,Quantified_Electrofishing_all_species_cencus,"Brook Trout, Wild",POMFRET,3709,150032003,11,Windham,-71.9657999999999,41.8751
16935,15003,2014,Wappoquia Brook,Quantified_Electrofishing_all_species_cencus,"Brook Trout, Wild",POMFRET,3709,150032014,19,Windham,-71.9657999999999,41.8751
17048,15005,2006,Bantam River,Quantified_Electrofishing_all_species_cencus,"Brook Trout, Wild",LITCHFIELD,6705,150052006,3,Litchfield,-73.1840999999999,41.7588000000001
17115,15007,1994,Sawmill Brook,Quantified_Electrofishing_all_species_cencus,"Brook Trout, Wild",MANSFIELD,3208,150071994,74,Tolland,-72.2017,41.7398000000001
17121,15007,2003,Sawmill Brook,Quantified_Electrofishing_all_species_cencus,"Brook Trout, Wild",MANSFIELD,3208,150072003,159,Tolland,-72.2017,41.7398000000001
17130,15007,2014,Sawmill Brook,Quantified_Electrofishing_all_species_cencus,"Brook Trout, Wild",MANSFIELD,3208,150072014,44,Tolland,-72.2017,41.7398000000001
17145,15009,2011,Weekeepeemee River,Quantified_Electrofishing_all_species_cencus,"Brook Trout, Wild",BETHLEHEM,6804,150092011,21,Litchfield,-73.224907,41.6386460000001
17152,15010,2003,Cabin Brook,Quantified_Electrofishing_all_species_cencus,"Brook Trout, Wild",COLCHESTER,4703,150102003,1,New London,-72.3348999999999,41.5603
17158,15010,2009,Cabin Brook,Quantified_Electrofishing_all_species_cencus,"Brook Trout, Wild",COLCHESTER,4703,150102009,3,New London,-72.3348999999999,41.5603
17165,15011,2003,Crooked Brook,Quantified_Electrofishing_all_species_cencus,"Brook Trout, Wild",GRISWOLD,3600,150112003,2,New London,-71.9066999999999,41.5999
17193,15013,2003,Mill River,Quantified_Electrofishing_all_species_cencus,"Brook Trout, Wild",HAMDEN,5302,150132003,5,New Haven,-72.9055999999999,41.4259000000001
17204,15013,2007,Mill River,Quantified_Electrofishing_all_species_cencus,"Brook Trout, Wild",HAMDEN,5302,150132007,27,New Haven,-72.9055999999999,41.4259000000001
17217,15013,2009,Mill River,Quantified_Electrofishing_all_species_cencus,"Brook Trout, Wild",HAMDEN,5302,150132009,7,New Haven,-72.9055999999999,41.4259000000001
17228,15013,2011,Mill River,Quantified_Electrofishing_all_species_cencus,"Brook Trout, Wild",HAMDEN,5302,150132011,2,New Haven,-72.9055999999999,41.4259000000001
17243,15013,2013,Mill River,Quantified_Electrofishing_all_species_cencus,"Brook Trout, Wild",HAMDEN,5302,150132013,2,New Haven,-72.9055999999999,41.4259000000001
17253,15014,1989,Clark Creek,Quantified_Electrofishing_all_species_cencus,"Brook Trout, Wild",HADDAM,4000,150141989,29,Middlesex,-72.4734999999999,41.4425000000001
17256,15014,2003,Clark Creek,Quantified_Electrofishing_all_species_cencus,"Brook Trout, Wild",HADDAM,4000,150142003,13,Middlesex,-72.4734999999999,41.4425000000001
17260,15014,2012,Clark Creek,Quantified_Electrofishing_all_species_cencus,"Brook Trout, Wild",HADDAM,4000,150142012,34,Middlesex,-72.4734999999999,41.4425000000001
17264,15015,1993,Seth Williams Brook,Quantified_Electrofishing_all_species_cencus,"Brook Trout, Wild",LEDYARD,2103,150151993,30,New London,-71.9741,41.4399000000001
17274,15015,2003,Seth Williams Brook,Quantified_Electrofishing_all_species_cencus,"Brook Trout, Wild",LEDYARD,2103,150152003,2,New London,-71.9741,41.4399000000001
17300,15016,2003,Titicus River,Quantified_Electrofishing_all_species_cencus,"Brook Trout, Wild",RIDGEFIELD,8104,150162003,6,Fairfield,-73.5291999999999,41.3304000000001
17308,15016,2019,Titicus River,Quantified_Electrofishing_all_species_cencus,"Brook Trout, Wild",RIDGEFIELD,8104,150162019,1,Fairfield,-73.5291999999999,41.3304000000001
17319,15017,1991,Fivemile Brook,Quantified_Electrofishing_all_species_cencus,"Brook Trout, Wild",OXFORD,6000,150171991,15,New Haven,-73.1597,41.3846
17323,15017,2003,Fivemile Brook,Quantified_Electrofishing_all_species_cencus,"Brook Trout, Wild",OXFORD,6000,150172003,107,New Haven,-73.1597,41.3846
17328,15017,2006,Fivemile Brook,Quantified_Electrofishing_all_species_cencus,"Brook Trout, Wild",OXFORD,6000,150172006,10,New Haven,-73.1597,41.3846
17335,15018,2003,Farm River,Quantified_Electrofishing_all_species_cencus,"Brook Trout, Wild",NORTH BRANFORD,5112,150182003,4,New Haven,-72.771,41.4063
17366,15020,2010,Eightmile River,Quantified_Electrofishing_all_species_cencus,"Brook Trout, Wild",LYME,4800,150202010,1,New London,-72.3391999999999,41.4300000000001
17379,15020,2012,Eightmile River,Quantified_Electrofishing_all_species_cencus,"Brook Trout, Wild",LYME,4800,150202012,12,New London,-72.3391999999999,41.4300000000001
17427,15024,2003,Wood Creek,Quantified_Electrofishing_all_species_cencus,"Brook Trout, Wild",BETHLEHEM,6804,150242003,47,Litchfield,-73.2361999999999,41.6387
17432,15024,2011,Wood Creek,Quantified_Electrofishing_all_species_cencus,"Brook Trout, Wild",BETHLEHEM,6804,150242011,29,Litchfield,-73.2361999999999,41.6387
17439,15024,2018,Wood Creek,Quantified_Electrofishing_all_species_cencus,"Brook Trout, Wild",BETHLEHEM,6804,150242018,17,Litchfield,-73.2361999999999,41.6387
17452,15025,1991,Pomperaug River,Quantified_Electrofishing_all_species_cencus,"Brook Trout, Wild",SOUTHBURY,6800,150251991,2,New Haven,-73.2252,41.4812000000001
17470,15035,1992,Spruce Brook,Quantified_Electrofishing_all_species_cencus,"Brook Trout, Wild",LITCHFIELD,6906,150351992,52,Litchfield,-73.115,41.7472000000001
17476,15035,2003,Spruce Brook,Quantified_Electrofishing_all_species_cencus,"Brook Trout, Wild",LITCHFIELD,6906,150352003,45,Litchfield,-73.115,41.7472000000001
17482,15035,2006,Spruce Brook,Quantified_Electrofishing_all_species_cencus,"Brook Trout, Wild",LITCHFIELD,6906,150352006,8,Litchfield,-73.115,41.7472000000001
17494,15035,2016,Spruce Brook,Quantified_Electrofishing_all_species_cencus,"Brook Trout, Wild",LITCHFIELD,6906,150352016,27,Litchfield,-73.115,41.7472000000001
17501,15035,2019,Spruce Brook,Quantified_Electrofishing_all_species_cencus,"Brook Trout, Wild",LITCHFIELD,6906,150352019,11,Litchfield,-73.115,41.7472000000001
17525,15042,2012,Mill Brook,Quantified_Electrofishing_all_species_cencus,"Brook Trout, Wild",CORNWALL,6008,150422012,2,Litchfield,-73.3634,41.8720000000001
17542,15042,2018,Mill Brook,Quantified_Electrofishing_all_species_cencus,"Brook Trout, Wild",CORNWALL,6008,150422018,11,Litchfield,-73.3634,41.8720000000001
17547,15042,2019,Mill Brook,Quantified_Electrofishing_all_species_cencus,"Brook Trout, Wild",CORNWALL,6008,150422019,1,Litchfield,-73.3634,41.8720000000001
17569,15043,2012,Furnace Brook,Quantified_Electrofishing_all_species_cencus,"Brook Trout, Wild",CORNWALL,6010,150432012,2,Litchfield,-73.3713,41.8212
17608,15044,1992,Kent Falls Brook,Quantified_Electrofishing_all_species_cencus,"Brook Trout, Wild",KENT,6012,150441992,14,Litchfield,-73.4192,41.7769000000001
17644,15044,2023,Kent Falls Brook,Quantified_Electrofishing_all_species_cencus,"Brook Trout, Wild",KENT,6012,150442023,3,Litchfield,-73.4192,41.7769000000001
17659,15046,2008,Charters Brook,Quantified_Electrofishing_all_species_cencus,"Brook Trout, Wild",TOLLAND,4501,150462008,42,Tolland,-72.4035,41.9062000000001
17665,15046,2012,Charters Brook,Quantified_Electrofishing_all_species_cencus,"Brook Trout, Wild",TOLLAND,4501,150462012,168,Tolland,-72.4035,41.9062000000001
17671,15046,2017,Charters Brook,Quantified_Electrofishing_all_species_cencus,"Brook Trout, Wild",TOLLAND,4501,150462017,140,Tolland,-72.4035,41.9062000000001
17692,15051,2015,Durkee Brook,Quantified_Electrofishing_all_species_cencus,"Brook Trout, Wild",POMFRET,3700,150512015,3,Windham,-71.9286,41.8829000000001
17730,15062,1992,Jefferson Hill Brook,Quantified_Electrofishing_all_species_cencus,"Brook Trout, Wild",LITCHFIELD,6906,150621992,36,Litchfield,-73.1195,41.7477000000001
17734,15062,2003,Jefferson Hill Brook,Quantified_Electrofishing_all_species_cencus,"Brook Trout, Wild",LITCHFIELD,6906,150622003,10,Litchfield,-73.1195,41.7477000000001
17737,15062,2019,Jefferson Hill Brook,Quantified_Electrofishing_all_species_cencus,"Brook Trout, Wild",LITCHFIELD,6906,150622019,21,Litchfield,-73.1195,41.7477000000001
17739,15063,2003,Spruce Brook,Quantified_Electrofishing_all_species_cencus,"Brook Trout, Wild",LITCHFIELD,6906,150632003,18,Litchfield,-73.1194,41.7481000000001
17742,15063,2010,Spruce Brook,Quantified_Electrofishing_all_species_cencus,"Brook Trout, Wild",LITCHFIELD,6906,150632010,20,Litchfield,-73.1194,41.7481000000001
17757,15066,1995,Patton Brook,Quantified_Electrofishing_all_species_cencus,"Brook Trout, Wild",SOUTHINGTON,5200,150661995,23,Hartford,-72.8601,41.6462000000001
18100,15091,1994,Fenton River,Quantified_Electrofishing_all_species_cencus,"Brook Trout, Wild",MANSFIELD,3207,150911994,3,Tolland,-72.2309,41.8222000000001
18120,15093,2007,Fenton River,Quantified_Electrofishing_all_species_cencus,"Brook Trout, Wild",MANSFIELD,3207,150932007,22,Tolland,-72.2207999999999,41.8108
18139,15100,1992,Spruce Swamp Creek,Quantified_Electrofishing_all_species_cencus,"Brook Trout, Wild",SALISBURY,6006,151001992,6,Litchfield,-73.416555,41.981954
18147,15100,2007,Spruce Swamp Creek,Quantified_Electrofishing_all_species_cencus,"Brook Trout, Wild",SALISBURY,6006,151002007,20,Litchfield,-73.416555,41.981954
18156,15100,2011,Spruce Swamp Creek,Quantified_Electrofishing_all_species_cencus,"Brook Trout, Wild",SALISBURY,6006,151002011,16,Litchfield,-73.416555,41.981954
18162,15102,1991,Means Brook,Quantified_Electrofishing_all_species_cencus,"Brook Trout, Wild",SHELTON,6024,151021991,2,Fairfield,-73.1618,41.3191
18171,15102,2010,Means Brook,Quantified_Electrofishing_all_species_cencus,"Brook Trout, Wild",SHELTON,6024,151022010,3,Fairfield,-73.1618,41.3191
18181,15104,2008,Stratton Brook,Quantified_Electrofishing_all_species_cencus,"Brook Trout, Wild",SIMSBURY,4318,151042008,19,Hartford,-72.8244,41.8686000000001
18247,15115,1991,Branch Brook,Quantified_Electrofishing_all_species_cencus,"Brook Trout, Wild",THOMASTON,6910,151151991,2,Litchfield,-73.0948,41.6541
18277,15124,2014,Tankerhoosen River,Quantified_Electrofishing_all_species_cencus,"Brook Trout, Wild",VERNON,4503,151242014,1,Tolland,-72.4478999999999,41.8305
18297,15128,1991,Kirby Brook,Quantified_Electrofishing_all_species_cencus,"Brook Trout, Wild",WASHINGTON,6700,151281991,11,Litchfield,-73.3226999999999,41.6173000000001
18302,15128,2018,Kirby Brook,Quantified_Electrofishing_all_species_cencus,"Brook Trout, Wild",WASHINGTON,6700,151282018,41,Litchfield,-73.3226999999999,41.6173000000001
18458,15165,1992,Childs Pond Outlet (White House Stream),Quantified_Electrofishing_all_species_cencus,"Brook Trout, Wild",CANAAN,6000,151651992,1,Litchfield,-73.3618999999999,41.9383
18464,15166,1988,Jim Brook,Quantified_Electrofishing_all_species_cencus,"Brook Trout, Wild",CANTON,4312,151661988,19,Hartford,-72.8831,41.8475
18522,15171,2010,East Branch Salmon Brook,Quantified_Electrofishing_all_species_cencus,"Brook Trout, Wild",GRANBY,4320,151712010,22,Hartford,-72.7794,41.955
18536,15171,2017,East Branch Salmon Brook,Quantified_Electrofishing_all_species_cencus,"Brook Trout, Wild",GRANBY,4320,151712017,8,Hartford,-72.7794,41.955
18545,15172,2004,Belden Brook,Quantified_Electrofishing_all_species_cencus,"Brook Trout, Wild",GRANBY,4320,151722004,43,Hartford,-72.8352,42.0013000000001
18549,15172,2012,Belden Brook,Quantified_Electrofishing_all_species_cencus,"Brook Trout, Wild",GRANBY,4320,151722012,15,Hartford,-72.8352,42.0013000000001
18589,15177,2009,Mill River,Quantified_Electrofishing_all_species_cencus,"Brook Trout, Wild",HAMDEN,5302,151772009,4,New Haven,-72.9021999999999,41.4211000000001
18600,15179,1989,Eightmile River,Quantified_Electrofishing_all_species_cencus,"Brook Trout, Wild",EAST HADDAM,4800,151791989,2,Middlesex,-72.3371999999999,41.4671000000001
18626,15179,2014,Eightmile River,Quantified_Electrofishing_all_species_cencus,"Brook Trout, Wild",EAST HADDAM,4800,151792014,1,Middlesex,-72.3371999999999,41.4671000000001
18645,15193,2007,Honeypot Brook,Quantified_Electrofishing_all_species_cencus,"Brook Trout, Wild",CHESHIRE,5200,151932007,41,New Haven,-72.8789,41.5396000000001
18653,15193,2010,Honeypot Brook,Quantified_Electrofishing_all_species_cencus,"Brook Trout, Wild",CHESHIRE,5200,151932010,13,New Haven,-72.8789,41.5396000000001
18660,15193,2013,Honeypot Brook,Quantified_Electrofishing_all_species_cencus,"Brook Trout, Wild",CHESHIRE,5200,151932013,14,New Haven,-72.8789,41.5396000000001
18680,15200,2013,Spruce Glen Brook,Quantified_Electrofishing_all_species_cencus,"Brook Trout, Wild",WALLINGFORD,5200,152002013,45,New Haven,-72.8006999999999,41.4978
18699,15205,1989,Tankerhoosen River,Quantified_Electrofishing_all_species_cencus,"Brook Trout, Wild",VERNON,4503,152051989,61,Tolland,-72.4482,41.8294000000001
18746,15210,2007,Beaver Brook,Quantified_Electrofishing_all_species_cencus,"Brook Trout, Wild",SCOTLAND,3802,152102007,10,Windham,-72.1092,41.6841000000001
18759,15210,2008,Beaver Brook,Quantified_Electrofishing_all_species_cencus,"Brook Trout, Wild",SCOTLAND,3802,152102008,2,Windham,-72.1092,41.6841000000001
18781,15210,2012,Beaver Brook,Quantified_Electrofishing_all_species_cencus,"Brook Trout, Wild",SCOTLAND,3802,152102012,7,Windham,-72.1092,41.6841000000001
18802,15215,2008,Thompson Brook,Quantified_Electrofishing_all_species_cencus,"Brook Trout, Wild",AVON,4316,152152008,70,Hartford,-72.8564,41.7717000000001
18817,15220,1989,Broad Brook,Quantified_Electrofishing_all_species_cencus,"Brook Trout, Wild",ELLINGTON,4206,152201989,49,Tolland,-72.4883,41.9164000000001
18868,15225,2018,Fulling Mill Brook,Quantified_Electrofishing_all_species_cencus,"Brook Trout, Wild",NAUGATUCK,6915,152252018,22,New Haven,-73.0386999999999,41.5022000000001
18873,15236,1993,Eccelston Brook,Quantified_Electrofishing_all_species_cencus,"Brook Trout, Wild",GROTON,2000,152361993,63,New London,-72.0028,41.3367000000001
18897,15240,1988,Hubbard Brook,Quantified_Electrofishing_all_species_cencus,"Brook Trout, Wild",HARTLAND,4307,152401988,44,Hartford,-72.9383999999999,42.0356
18906,15240,2004,Hubbard Brook,Quantified_Electrofishing_all_species_cencus,"Brook Trout, Wild",HARTLAND,4307,152402004,25,Hartford,-72.9383999999999,42.0356
18914,15240,2011,Hubbard Brook,Quantified_Electrofishing_all_species_cencus,"Brook Trout, Wild",HARTLAND,4307,152402011,32,Hartford,-72.9383999999999,42.0356
18918,15240,2014,Hubbard Brook,Quantified_Electrofishing_all_species_cencus,"Brook Trout, Wild",HARTLAND,4307,152402014,31,Hartford,-72.9383999999999,42.0356
18943,15244,1992,Cobble Brook,Quantified_Electrofishing_all_species_cencus,"Brook Trout, Wild",KENT,6013,152441992,157,Litchfield,-73.4571999999999,41.7217000000001
18951,15244,2011,Cobble Brook,Quantified_Electrofishing_all_species_cencus,"Brook Trout, Wild",KENT,6013,152442011,4,Litchfield,-73.4571999999999,41.7217000000001
19005,15252,1993,Joe Clark Brook,Quantified_Electrofishing_all_species_cencus,"Brook Trout, Wild",LEDYARD,3003,152521993,151,New London,-72.0275,41.4719000000001
19021,15262,2012,Hersig Brook,Quantified_Electrofishing_all_species_cencus,"Brook Trout, Wild",DURHAM,4605,152622012,8,Middlesex,-72.6769,41.4762000000001
19087,15274,1990,Sargent River,Quantified_Electrofishing_all_species_cencus,"Brook Trout, Wild",WOODBRIDGE,5303,152741990,114,New Haven,-72.9879999999999,41.3840000000001
19091,15274,2018,Sargent River,Quantified_Electrofishing_all_species_cencus,"Brook Trout, Wild",WOODBRIDGE,5303,152742018,1,New Haven,-72.9879999999999,41.3840000000001
19120,15284,2011,Mill River,Quantified_Electrofishing_all_species_cencus,"Brook Trout, Wild",FAIRFIELD,7108,152842011,9,Fairfield,-73.2558,41.2218
19130,15284,2012,Mill River,Quantified_Electrofishing_all_species_cencus,"Brook Trout, Wild",FAIRFIELD,7108,152842012,5,Fairfield,-73.2558,41.2218
19154,15301,2019,Eagleville Brook,Quantified_Electrofishing_all_species_cencus,"Brook Trout, Wild",MANSFIELD,3100,153012019,2,Tolland,-72.2646,41.8067
19163,15303,2002,Eagleville Brook,Quantified_Electrofishing_all_species_cencus,"Brook Trout, Wild",MANSFIELD,3100,153032002,1,Tolland,-72.2737999999999,41.7991000000001
19164,15303,2004,Eagleville Brook,Quantified_Electrofishing_all_species_cencus,"Brook Trout, Wild",MANSFIELD,3100,153032004,7,Tolland,-72.2737999999999,41.7991000000001
19169,15304,2004,Eagleville Brook,Quantified_Electrofishing_all_species_cencus,"Brook Trout, Wild",MANSFIELD,3100,153042004,3,Tolland,-72.2752,41.7938
19174,15304,2007,Eagleville Brook,Quantified_Electrofishing_all_species_cencus,"Brook Trout, Wild",MANSFIELD,3100,153042007,1,Tolland,-72.2752,41.7938
19181,15304,2010,Eagleville Brook,Quantified_Electrofishing_all_species_cencus,"Brook Trout, Wild",MANSFIELD,3100,153042010,9,Tolland,-72.2752,41.7938
19184,15304,2014,Eagleville Brook,Quantified_Electrofishing_all_species_cencus,"Brook Trout, Wild",MANSFIELD,3100,153042014,11,Tolland,-72.2752,41.7938
19188,15304,2019,Eagleville Brook,Quantified_Electrofishing_all_species_cencus,"Brook Trout, Wild",MANSFIELD,3100,153042019,6,Tolland,-72.2752,41.7938
19192,15306,2004,Eagleville Brook,Quantified_Electrofishing_all_species_cencus,"Brook Trout, Wild",MANSFIELD,3100,153062004,19,Tolland,-72.2755999999999,41.7932000000001
19196,15306,2007,Eagleville Brook,Quantified_Electrofishing_all_species_cencus,"Brook Trout, Wild",MANSFIELD,3100,153062007,2,Tolland,-72.2755999999999,41.7932000000001
19201,15306,2010,Eagleville Brook,Quantified_Electrofishing_all_species_cencus,"Brook Trout, Wild",MANSFIELD,3100,153062010,14,Tolland,-72.2755999999999,41.7932000000001
19240,15312,1989,Beaver Brook,Quantified_Electrofishing_all_species_cencus,"Brook Trout, Wild",LYME,4803,153121989,7,New London,-72.329059,41.409952
19260,15312,2010,Beaver Brook,Quantified_Electrofishing_all_species_cencus,"Brook Trout, Wild",LYME,4803,153122010,2,New London,-72.329059,41.409952
19272,15312,2011,Beaver Brook,Quantified_Electrofishing_all_species_cencus,"Brook Trout, Wild",LYME,4803,153122011,3,New London,-72.329059,41.409952
19282,15312,2013,Beaver Brook,Quantified_Electrofishing_all_species_cencus,"Brook Trout, Wild",LYME,4803,153122013,4,New London,-72.329059,41.409952
19294,15312,2016,Beaver Brook,Quantified_Electrofishing_all_species_cencus,"Brook Trout, Wild",LYME,4803,153122016,3,New London,-72.329059,41.409952
19314,15314,2021,"Eightmile River, Unnamed tributary to (PV Brook)",Quantified_Electrofishing_all_species_cencus,"Brook Trout, Wild",LYME,4800,153142021,33,New London,-72.3396,41.4155000000001
19322,15315,2007,Burnham Brook,Quantified_Electrofishing_all_species_cencus,"Brook Trout, Wild",EAST HADDAM,4800,153152007,35,Middlesex,-72.3343,41.4603000000001
19327,15315,2011,Burnham Brook,Quantified_Electrofishing_all_species_cencus,"Brook Trout, Wild",EAST HADDAM,4800,153152011,9,Middlesex,-72.3343,41.4603000000001
19332,15315,2013,Burnham Brook,Quantified_Electrofishing_all_species_cencus,"Brook Trout, Wild",EAST HADDAM,4800,153152013,15,Middlesex,-72.3343,41.4603000000001
19337,15315,2016,Burnham Brook,Quantified_Electrofishing_all_species_cencus,"Brook Trout, Wild",EAST HADDAM,4800,153152016,17,Middlesex,-72.3343,41.4603000000001
19341,15315,2018,Burnham Brook,Quantified_Electrofishing_all_species_cencus,"Brook Trout, Wild",EAST HADDAM,4800,153152018,7,Middlesex,-72.3343,41.4603000000001
19345,15316,1989,Gages Brook,Quantified_Electrofishing_all_species_cencus,"Brook Trout, Wild",TOLLAND,4503,153161989,12,Tolland,-72.4247999999999,41.8571000000001
19352,15316,2011,Gages Brook,Quantified_Electrofishing_all_species_cencus,"Brook Trout, Wild",TOLLAND,4503,153162011,11,Tolland,-72.4247999999999,41.8571000000001
19359,15319,2006,Nod Brook,Quantified_Electrofishing_all_species_cencus,"Brook Trout, Wild",AVON,4317,153192006,6,Hartford,-72.8294,41.8158
19379,15319,2010,Nod Brook,Quantified_Electrofishing_all_species_cencus,"Brook Trout, Wild",AVON,4317,153192010,4,Hartford,-72.8294,41.8158
19393,15325,2015,Terry Brook,Quantified_Electrofishing_all_species_cencus,"Brook Trout, Wild",ENFIELD,4200,153252015,6,Hartford,-72.5119,41.9889000000001
19437,15346,2007,John Hall Brook,Quantified_Electrofishing_all_species_cencus,"Brook Trout, Wild",BERLIN,4600,153462007,5,Hartford,-72.8054,41.602
19458,15353,2007,Stocking Brook,Quantified_Electrofishing_all_species_cencus,"Brook Trout, Wild",BERLIN,4600,153532007,1,Hartford,-72.7979999999999,41.6026000000001
19517,15364,2011,West Branch Saugatuck River,Quantified_Electrofishing_all_species_cencus,"Brook Trout, Wild",WESTPORT,7203,153642011,2,Fairfield,-73.3643,41.1718000000001
19621,15393,2021,Cemetery Brook,Quantified_Electrofishing_all_species_cencus,"Brook Trout, Wild",POMFRET,3710,153932021,10,Windham,-72.0282999999999,41.8818000000001
19649,15406,2007,Little Brook,Quantified_Electrofishing_all_species_cencus,"Brook Trout, Wild",BERLIN,4600,154062007,14,Hartford,-72.7207,41.6424000000001
19657,15406,2017,Little Brook,Quantified_Electrofishing_all_species_cencus,"Brook Trout, Wild",BERLIN,4600,154062017,42,Hartford,-72.7207,41.6424000000001
19663,15407,2012,Little Brook,Quantified_Electrofishing_all_species_cencus,"Brook Trout, Wild",BERLIN,4600,154072012,2,Hartford,-72.7189999999999,41.6440000000001
19667,15408,2011,Little Brook,Quantified_Electrofishing_all_species_cencus,"Brook Trout, Wild",ROCKY HILL,4600,154082011,41,Hartford,-72.7139999999999,41.6497000000001
19670,15409,2007,Little Brook,Quantified_Electrofishing_all_species_cencus,"Brook Trout, Wild",ROCKY HILL,4600,154092007,52,Hartford,-72.7092,41.6524000000001
19734,15426,1991,Bladens River (Bladdens River),Quantified_Electrofishing_all_species_cencus,"Brook Trout, Wild",WOODBRIDGE,6919,154261991,85,New Haven,-73.0191,41.3872000000001
19751,15484,2013,Misery Brook,Quantified_Electrofishing_all_species_cencus,"Brook Trout, Wild",SOUTHINGTON,5203,154842013,1,Hartford,-72.8767999999999,41.5633
19761,15499,2009,West Branch Salmon Brook,Quantified_Electrofishing_all_species_cencus,"Brook Trout, Wild",GRANBY,4319,154992009,6,Hartford,-72.834302,41.9409600000001
19773,15499,2011,West Branch Salmon Brook,Quantified_Electrofishing_all_species_cencus,"Brook Trout, Wild",GRANBY,4319,154992011,10,Hartford,-72.834302,41.9409600000001
19784,15499,2013,West Branch Salmon Brook,Quantified_Electrofishing_all_species_cencus,"Brook Trout, Wild",GRANBY,4319,154992013,9,Hartford,-72.834302,41.9409600000001
19800,15499,2015,West Branch Salmon Brook,Quantified_Electrofishing_all_species_cencus,"Brook Trout, Wild",GRANBY,4319,154992015,11,Hartford,-72.834302,41.9409600000001
19813,15499,2018,West Branch Salmon Brook,Quantified_Electrofishing_all_species_cencus,"Brook Trout, Wild",GRANBY,4319,154992018,1,Hartford,-72.834302,41.9409600000001
19825,15501,2007,Cedar Pond Brook,Quantified_Electrofishing_all_species_cencus,"Brook Trout, Wild",LYME,4803,155012007,11,New London,-72.3128,41.4119000000001
19833,15505,1992,Sages Ravine Brook,Quantified_Electrofishing_all_species_cencus,"Brook Trout, Wild",SALISBURY,6001,155051992,44,Litchfield,-73.4245,42.0497
19836,15505,2004,Sages Ravine Brook,Quantified_Electrofishing_all_species_cencus,"Brook Trout, Wild",SALISBURY,6001,155052004,183,Litchfield,-73.4245,42.0497
19839,15505,2010,Sages Ravine Brook,Quantified_Electrofishing_all_species_cencus,"Brook Trout, Wild",SALISBURY,6001,155052010,46,Litchfield,-73.4245,42.0497
19842,15505,2012,Sages Ravine Brook,Quantified_Electrofishing_all_species_cencus,"Brook Trout, Wild",SALISBURY,6001,155052012,154,Litchfield,-73.4245,42.0497
19846,15505,2013,Sages Ravine Brook,Quantified_Electrofishing_all_species_cencus,"Brook Trout, Wild",SALISBURY,6001,155052013,78,Litchfield,-73.4245,42.0497
19848,15505,2019,Sages Ravine Brook,Quantified_Electrofishing_all_species_cencus,"Brook Trout, Wild",SALISBURY,6001,155052019,145,Litchfield,-73.4245,42.0497
19851,15506,2004,Hatch Brook,Quantified_Electrofishing_all_species_cencus,"Brook Trout, Wild",SHARON,6000,155062004,1,Litchfield,-73.3833999999999,41.8334
19855,15506,2011,Hatch Brook,Quantified_Electrofishing_all_species_cencus,"Brook Trout, Wild",SHARON,6000,155062011,1,Litchfield,-73.3833999999999,41.8334
19865,15506,2012,Hatch Brook,Quantified_Electrofishing_all_species_cencus,"Brook Trout, Wild",SHARON,6000,155062012,1,Litchfield,-73.3833999999999,41.8334
19891,15507,2012,Guinea Brook,Quantified_Electrofishing_all_species_cencus,"Brook Trout, Wild",SHARON,6011,155072012,1,Litchfield,-73.3769,41.8144
19899,15507,2019,Guinea Brook,Quantified_Electrofishing_all_species_cencus,"Brook Trout, Wild",SHARON,6011,155072019,7,Litchfield,-73.3769,41.8144
19908,15508,2004,Bradford Brook,Quantified_Electrofishing_all_species_cencus,"Brook Trout, Wild",CORNWALL,6200,155082004,97,Litchfield,-73.2838,41.8962000000001
19913,15509,1992,Gunn Brook,Quantified_Electrofishing_all_species_cencus,"Brook Trout, Wild",CORNWALL,6000,155091992,53,Litchfield,-73.3903,41.806
19918,15509,2004,Gunn Brook,Quantified_Electrofishing_all_species_cencus,"Brook Trout, Wild",CORNWALL,6000,155092004,44,Litchfield,-73.3903,41.806
19922,15509,2011,Gunn Brook,Quantified_Electrofishing_all_species_cencus,"Brook Trout, Wild",CORNWALL,6000,155092011,4,Litchfield,-73.3903,41.806
19930,15509,2012,Gunn Brook,Quantified_Electrofishing_all_species_cencus,"Brook Trout, Wild",CORNWALL,6000,155092012,17,Litchfield,-73.3903,41.806
19938,15509,2013,Gunn Brook,Quantified_Electrofishing_all_species_cencus,"Brook Trout, Wild",CORNWALL,6000,155092013,6,Litchfield,-73.3903,41.806
19943,15509,2019,Gunn Brook,Quantified_Electrofishing_all_species_cencus,"Brook Trout, Wild",CORNWALL,6000,155092019,87,Litchfield,-73.3903,41.806
19951,15510,2004,Cobble Brook,Quantified_Electrofishing_all_species_cencus,"Brook Trout, Wild",KENT,6013,155102004,1,Litchfield,-73.4542,41.7454000000001
19961,15510,2011,Cobble Brook,Quantified_Electrofishing_all_species_cencus,"Brook Trout, Wild",KENT,6013,155102011,7,Litchfield,-73.4542,41.7454000000001
19972,15510,2019,Cobble Brook,Quantified_Electrofishing_all_species_cencus,"Brook Trout, Wild",KENT,6013,155102019,1,Litchfield,-73.4542,41.7454000000001
20008,15512,2004,Mountain Brook,Quantified_Electrofishing_all_species_cencus,"Brook Trout, Wild",GRANBY,4320,155122004,80,Hartford,-72.8282,41.9945000000001
20013,15512,2012,Mountain Brook,Quantified_Electrofishing_all_species_cencus,"Brook Trout, Wild",GRANBY,4320,155122012,35,Hartford,-72.8282,41.9945000000001
20020,15512,2015,Mountain Brook,Quantified_Electrofishing_all_species_cencus,"Brook Trout, Wild",GRANBY,4320,155122015,9,Hartford,-72.8282,41.9945000000001
20029,15513,2004,Yantic River,Quantified_Electrofishing_all_species_cencus,"Brook Trout, Wild",BOZRAH,3900,155132004,1,New London,-72.1759,41.5702000000001
20061,15515,1991,Beaver Brook,Quantified_Electrofishing_all_species_cencus,"Brook Trout, Wild",BARKHAMSTED,4308,155151991,6,Litchfield,-72.9736,41.9151000000001
20067,15515,2004,Beaver Brook,Quantified_Electrofishing_all_species_cencus,"Brook Trout, Wild",BARKHAMSTED,4308,155152004,25,Litchfield,-72.9736,41.9151000000001
20074,15515,2008,Beaver Brook,Quantified_Electrofishing_all_species_cencus,"Brook Trout, Wild",BARKHAMSTED,4308,155152008,8,Litchfield,-72.9736,41.9151000000001
20081,15516,1988,Valley Brook,Quantified_Electrofishing_all_species_cencus,"Brook Trout, Wild",HARTLAND,4306,155161988,107,Hartford,-72.9318,42.0315000000001
20086,15516,2004,Valley Brook,Quantified_Electrofishing_all_species_cencus,"Brook Trout, Wild",HARTLAND,4306,155162004,13,Hartford,-72.9318,42.0315000000001
20091,15516,2005,Valley Brook,Quantified_Electrofishing_all_species_cencus,"Brook Trout, Wild",HARTLAND,4306,155162005,75,Hartford,-72.9318,42.0315000000001
20101,15516,2006,Valley Brook,Quantified_Electrofishing_all_species_cencus,"Brook Trout, Wild",HARTLAND,4306,155162006,15,Hartford,-72.9318,42.0315000000001
20110,15516,2007,Valley Brook,Quantified_Electrofishing_all_species_cencus,"Brook Trout, Wild",HARTLAND,4306,155162007,18,Hartford,-72.9318,42.0315000000001
20115,15516,2008,Valley Brook,Quantified_Electrofishing_all_species_cencus,"Brook Trout, Wild",HARTLAND,4306,155162008,11,Hartford,-72.9318,42.0315000000001
20120,15516,2009,Valley Brook,Quantified_Electrofishing_all_species_cencus,"Brook Trout, Wild",HARTLAND,4306,155162009,6,Hartford,-72.9318,42.0315000000001
20125,15516,2011,Valley Brook,Quantified_Electrofishing_all_species_cencus,"Brook Trout, Wild",HARTLAND,4306,155162011,7,Hartford,-72.9318,42.0315000000001
20134,15516,2012,Valley Brook,Quantified_Electrofishing_all_species_cencus,"Brook Trout, Wild",HARTLAND,4306,155162012,71,Hartford,-72.9318,42.0315000000001
20140,15516,2014,Valley Brook,Quantified_Electrofishing_all_species_cencus,"Brook Trout, Wild",HARTLAND,4306,155162014,72,Hartford,-72.9318,42.0315000000001
20145,15516,2015,Valley Brook,Quantified_Electrofishing_all_species_cencus,"Brook Trout, Wild",HARTLAND,4306,155162015,12,Hartford,-72.9318,42.0315000000001
20152,15516,2018,Valley Brook,Quantified_Electrofishing_all_species_cencus,"Brook Trout, Wild",HARTLAND,4306,155162018,15,Hartford,-72.9318,42.0315000000001
20163,15516,2019,Valley Brook,Quantified_Electrofishing_all_species_cencus,"Brook Trout, Wild",HARTLAND,4306,155162019,39,Hartford,-72.9318,42.0315000000001
20184,15518,2004,"Shepaug River, tributary to",Quantified_Electrofishing_all_species_cencus,"Brook Trout, Wild",ROXBURY,6700,155182004,96,Litchfield,-73.3447,41.5903000000001
20189,15519,1992,Bee Brook,Quantified_Electrofishing_all_species_cencus,"Brook Trout, Wild",WASHINGTON,6700,155191992,40,Litchfield,-73.3181,41.6571000000001
20200,15519,2004,Bee Brook,Quantified_Electrofishing_all_species_cencus,"Brook Trout, Wild",WASHINGTON,6700,155192004,46,Litchfield,-73.3181,41.6571000000001
20206,15519,2015,Bee Brook,Quantified_Electrofishing_all_species_cencus,"Brook Trout, Wild",WASHINGTON,6700,155192015,1,Litchfield,-73.3181,41.6571000000001
20211,15520,2004,Bonemill Brook,Quantified_Electrofishing_all_species_cencus,"Brook Trout, Wild",TOLLAND,3100,155202004,94,Tolland,-72.3162,41.9250000000001
20214,15520,2010,Bonemill Brook,Quantified_Electrofishing_all_species_cencus,"Brook Trout, Wild",TOLLAND,3100,155202010,92,Tolland,-72.3162,41.9250000000001
20217,15520,2014,Bonemill Brook,Quantified_Electrofishing_all_species_cencus,"Brook Trout, Wild",TOLLAND,3100,155202014,55,Tolland,-72.3162,41.9250000000001
20263,15528,2004,Whiting River,Quantified_Electrofishing_all_species_cencus,"Brook Trout, Wild",NORTH CANAAN,6101,155282004,1,Litchfield,-73.2651,42.0197000000001
20275,15529,1992,Macedonia Brook,Quantified_Electrofishing_all_species_cencus,"Brook Trout, Wild",KENT,6015,155291992,67,Litchfield,-73.4884,41.7298000000001
20289,15529,2004,Macedonia Brook,Quantified_Electrofishing_all_species_cencus,"Brook Trout, Wild",KENT,6015,155292004,1,Litchfield,-73.4884,41.7298000000001
20303,15529,2011,Macedonia Brook,Quantified_Electrofishing_all_species_cencus,"Brook Trout, Wild",KENT,6015,155292011,14,Litchfield,-73.4884,41.7298000000001
20318,15530,2004,Weekeepeemee River,Quantified_Electrofishing_all_species_cencus,"Brook Trout, Wild",WOODBURY,6804,155302004,8,Litchfield,-73.2155,41.5575000000001
20365,15531,2004,Leadmine Brook,Quantified_Electrofishing_all_species_cencus,"Brook Trout, Wild",HARWINTON,6908,155312004,3,Litchfield,-73.0604,41.7164000000001
20376,15531,2006,Leadmine Brook,Quantified_Electrofishing_all_species_cencus,"Brook Trout, Wild",HARWINTON,6908,155312006,2,Litchfield,-73.0604,41.7164000000001
20386,15531,2011,Leadmine Brook,Quantified_Electrofishing_all_species_cencus,"Brook Trout, Wild",HARWINTON,6908,155312011,3,Litchfield,-73.0604,41.7164000000001
20398,15532,2004,Jericho Brook,Quantified_Electrofishing_all_species_cencus,"Brook Trout, Wild",WATERTOWN,6900,155322004,48,Litchfield,-73.0846,41.6323
20400,15532,2006,Jericho Brook,Quantified_Electrofishing_all_species_cencus,"Brook Trout, Wild",WATERTOWN,6900,155322006,103,Litchfield,-73.0846,41.6323
20403,15543,1993,Pease Brook,Quantified_Electrofishing_all_species_cencus,"Brook Trout, Wild",LEBANON,3905,155431993,32,New London,-72.1923,41.5947
20414,15543,2009,Pease Brook,Quantified_Electrofishing_all_species_cencus,"Brook Trout, Wild",LEBANON,3905,155432009,20,New London,-72.1923,41.5947
20439,15551,1994,Roaring Brook,Quantified_Electrofishing_all_species_cencus,"Brook Trout, Wild",WILLINGTON,3104,155511994,22,Tolland,-72.2612999999999,41.9353
20483,15558,2004,Roaring Brook,Quantified_Electrofishing_all_species_cencus,"Brook Trout, Wild",WILLINGTON,3104,155582004,6,Tolland,-72.2655999999999,41.9152
20488,15567,2014,Pease Brook,Quantified_Electrofishing_all_species_cencus,"Brook Trout, Wild",BOZRAH,3905,155672014,55,New London,-72.187,41.5807
20498,15570,2008,Ratlum Brook,Quantified_Electrofishing_all_species_cencus,"Brook Trout, Wild",NEW HARTFORD,4308,155702008,3,Litchfield,-72.9560999999999,41.8723000000001
20507,15570,2012,Ratlum Brook,Quantified_Electrofishing_all_species_cencus,"Brook Trout, Wild",NEW HARTFORD,4308,155702012,6,Litchfield,-72.9560999999999,41.8723000000001
20522,15571,2008,Cherry Brook,Quantified_Electrofishing_all_species_cencus,"Brook Trout, Wild",CANTON,4309,155712008,2,Hartford,-72.9295,41.8365000000001
20534,15571,2010,Cherry Brook,Quantified_Electrofishing_all_species_cencus,"Brook Trout, Wild",CANTON,4309,155712010,6,Hartford,-72.9295,41.8365000000001
20552,15574,2010,Scantic River,Quantified_Electrofishing_all_species_cencus,"Brook Trout, Wild",SOMERS,4200,155742010,1,Tolland,-72.4584,42.0330000000001
20562,15575,1991,Little Pootatuck Brook,Quantified_Electrofishing_all_species_cencus,"Brook Trout, Wild",SOUTHBURY,6000,155751991,28,New Haven,-73.2719999999999,41.4517000000001
20567,15576,2006,Lee Brook,Quantified_Electrofishing_all_species_cencus,"Brook Trout, Wild",SOUTHBURY,6000,155762006,13,New Haven,-73.2289,41.4334000000001
20581,15577,1991,Kettletown Brook,Quantified_Electrofishing_all_species_cencus,"Brook Trout, Wild",SOUTHBURY,6021,155771991,32,New Haven,-73.206,41.4270000000001
20594,15577,2011,Kettletown Brook,Quantified_Electrofishing_all_species_cencus,"Brook Trout, Wild",SOUTHBURY,6021,155772011,9,New Haven,-73.206,41.4270000000001
20605,15577,2019,Kettletown Brook,Quantified_Electrofishing_all_species_cencus,"Brook Trout, Wild",SOUTHBURY,6021,155772019,6,New Haven,-73.206,41.4270000000001
20613,15579,1991,Hitchcock Mill Brook,Quantified_Electrofishing_all_species_cencus,"Brook Trout, Wild",BRIDGEWATER,6000,155791991,25,Litchfield,-73.374487,41.503614
20616,15579,2012,Hitchcock Mill Brook,Quantified_Electrofishing_all_species_cencus,"Brook Trout, Wild",BRIDGEWATER,6000,155792012,7,Litchfield,-73.374487,41.503614
20633,15581,2012,Pond Brook,Quantified_Electrofishing_all_species_cencus,"Brook Trout, Wild",NEWTOWN,6018,155812012,3,Fairfield,-73.3275,41.4597000000001
20640,15581,2016,Pond Brook,Quantified_Electrofishing_all_species_cencus,"Brook Trout, Wild",NEWTOWN,6018,155812016,3,Fairfield,-73.3275,41.4597000000001
20659,15594,2015,Barrows Brook,Quantified_Electrofishing_all_species_cencus,"Brook Trout, Wild",VERNON,4503,155942015,39,Tolland,-72.4365,41.8402
22428,15678,2012,Sandy Brook,Quantified_Electrofishing_all_species_cencus,"Brook Trout, Wild",COLEBROOK,4304,156782012,1,Litchfield,-73.0887999999999,42.0109
22449,15680,1988,Beaver Brook,Quantified_Electrofishing_all_species_cencus,"Brook Trout, Wild",BARKHAMSTED,4308,156801988,38,Litchfield,-72.9958,41.9513000000001
22452,15680,2005,Beaver Brook,Quantified_Electrofishing_all_species_cencus,"Brook Trout, Wild",BARKHAMSTED,4308,156802005,46,Litchfield,-72.9958,41.9513000000001
22457,15680,2008,Beaver Brook,Quantified_Electrofishing_all_species_cencus,"Brook Trout, Wild",BARKHAMSTED,4308,156802008,9,Litchfield,-72.9958,41.9513000000001
22465,15680,2015,Beaver Brook,Quantified_Electrofishing_all_species_cencus,"Brook Trout, Wild",BARKHAMSTED,4308,156802015,27,Litchfield,-72.9958,41.9513000000001
22469,15680,2019,Beaver Brook,Quantified_Electrofishing_all_species_cencus,"Brook Trout, Wild",BARKHAMSTED,4308,156802019,23,Litchfield,-72.9958,41.9513000000001
22474,15680,2022,Beaver Brook,Quantified_Electrofishing_all_species_cencus,"Brook Trout, Wild",BARKHAMSTED,4308,156802022,36,Litchfield,-72.9958,41.9513000000001
22503,15699,2005,Nepaug River,Quantified_Electrofishing_all_species_cencus,"Brook Trout, Wild",NEW HARTFORD,4310,156992005,7,Litchfield,-73.0271,41.8382
22511,15699,2008,Nepaug River,Quantified_Electrofishing_all_species_cencus,"Brook Trout, Wild",NEW HARTFORD,4310,156992008,6,Litchfield,-73.0271,41.8382
22521,15699,2012,Nepaug River,Quantified_Electrofishing_all_species_cencus,"Brook Trout, Wild",NEW HARTFORD,4310,156992012,4,Litchfield,-73.0271,41.8382
22530,15700,1988,Nepaug River,Quantified_Electrofishing_all_species_cencus,"Brook Trout, Wild",NEW HARTFORD,4310,157001988,34,Litchfield,-73.0339999999999,41.8472
22543,15700,2005,Nepaug River,Quantified_Electrofishing_all_species_cencus,"Brook Trout, Wild",NEW HARTFORD,4310,157002005,12,Litchfield,-73.0339999999999,41.8472
22553,15701,1988,Bakersville Brook,Quantified_Electrofishing_all_species_cencus,"Brook Trout, Wild",NEW HARTFORD,4310,157011988,75,Litchfield,-73.0278,41.8385000000001
22563,15701,2005,Bakersville Brook,Quantified_Electrofishing_all_species_cencus,"Brook Trout, Wild",NEW HARTFORD,4310,157012005,21,Litchfield,-73.0278,41.8385000000001
22569,15701,2012,Bakersville Brook,Quantified_Electrofishing_all_species_cencus,"Brook Trout, Wild",NEW HARTFORD,4310,157012012,10,Litchfield,-73.0278,41.8385000000001
22576,15701,2023,Bakersville Brook,Quantified_Electrofishing_all_species_cencus,"Brook Trout, Wild",NEW HARTFORD,4310,157012023,8,Litchfield,-73.0278,41.8385000000001
22583,15702,2005,West Branch Salmon Brook,Quantified_Electrofishing_all_species_cencus,"Brook Trout, Wild",GRANBY,4319,157022005,24,Hartford,-72.7816,41.9429000000001
22596,15703,1988,West Branch Salmon Brook,Quantified_Electrofishing_all_species_cencus,"Brook Trout, Wild",GRANBY,4319,157031988,11,Hartford,-72.8468999999999,41.9592000000001
22606,15703,2005,West Branch Salmon Brook,Quantified_Electrofishing_all_species_cencus,"Brook Trout, Wild",GRANBY,4319,157032005,4,Hartford,-72.8468999999999,41.9592000000001
22610,15703,2012,West Branch Salmon Brook,Quantified_Electrofishing_all_species_cencus,"Brook Trout, Wild",GRANBY,4319,157032012,5,Hartford,-72.8468999999999,41.9592000000001
22614,15703,2015,West Branch Salmon Brook,Quantified_Electrofishing_all_species_cencus,"Brook Trout, Wild",GRANBY,4319,157032015,5,Hartford,-72.8468999999999,41.9592000000001
22618,15703,2019,West Branch Salmon Brook,Quantified_Electrofishing_all_species_cencus,"Brook Trout, Wild",GRANBY,4319,157032019,1,Hartford,-72.8468999999999,41.9592000000001
22622,15704,2005,West Branch Salmon Brook,Quantified_Electrofishing_all_species_cencus,"Brook Trout, Wild",GRANBY,4319,157042005,24,Hartford,-72.8647,41.9704
22766,15710,2005,Little River,Quantified_Electrofishing_all_species_cencus,"Brook Trout, Wild",CANTERBURY,3805,157102005,19,Windham,-72.0488999999999,41.6916000000001
22776,15711,1993,Little River,Quantified_Electrofishing_all_species_cencus,"Brook Trout, Wild",HAMPTON,3805,157111993,19,Windham,-72.0473,41.7561000000001
22789,15711,2005,Little River,Quantified_Electrofishing_all_species_cencus,"Brook Trout, Wild",HAMPTON,3805,157112005,36,Windham,-72.0473,41.7561000000001
22796,15711,2009,Little River,Quantified_Electrofishing_all_species_cencus,"Brook Trout, Wild",HAMPTON,3805,157112009,5,Windham,-72.0473,41.7561000000001
22803,15711,2014,Little River,Quantified_Electrofishing_all_species_cencus,"Brook Trout, Wild",HAMPTON,3805,157112014,25,Windham,-72.0473,41.7561000000001
22812,15713,2005,Still River,Quantified_Electrofishing_all_species_cencus,"Brook Trout, Wild",WOODSTOCK,3202,157132005,2,Windham,-72.0774,41.9158
22835,15717,2005,Mashamoquet Brook,Quantified_Electrofishing_all_species_cencus,"Brook Trout, Wild",POMFRET,3710,157172005,2,Windham,-71.9673,41.8562000000001
22911,15730,1991,East Swamp Brook,Quantified_Electrofishing_all_species_cencus,"Brook Trout, Wild",BETHEL,6605,157301991,21,Fairfield,-73.4003,41.3862
22968,15754,1993,Copps Brook,Quantified_Electrofishing_all_species_cencus,"Brook Trout, Wild",STONINGTON,2102,157541993,304,New London,-71.9281999999999,41.4075
22973,15755,2010,Copps Brook,Quantified_Electrofishing_all_species_cencus,"Brook Trout, Wild",STONINGTON,2102,157552010,3,New London,-71.9277999999999,41.3824000000001
22981,15755,2014,Copps Brook,Quantified_Electrofishing_all_species_cencus,"Brook Trout, Wild",STONINGTON,2102,157552014,1,New London,-71.9277999999999,41.3824000000001
22993,15763,1991,Deep Brook,Quantified_Electrofishing_all_species_cencus,"Brook Trout, Wild",NEWTOWN,6019,157631991,10,Fairfield,-73.2925999999999,41.4059
23019,15768,2010,Mallory Brook,Quantified_Electrofishing_all_species_cencus,"Brook Trout, Wild",BARKHAMSTED,4305,157682010,2,Litchfield,-73.0262999999999,41.9113
23028,15768,2012,Mallory Brook,Quantified_Electrofishing_all_species_cencus,"Brook Trout, Wild",BARKHAMSTED,4305,157682012,1,Litchfield,-73.0262999999999,41.9113
23052,15783,2002,Eagleville Brook,Quantified_Electrofishing_all_species_cencus,"Brook Trout, Wild",MANSFIELD,3100,157832002,7,Tolland,-72.2775999999999,41.7882000000001
23056,15783,2007,Eagleville Brook,Quantified_Electrofishing_all_species_cencus,"Brook Trout, Wild",MANSFIELD,3100,157832007,28,Tolland,-72.2775999999999,41.7882000000001
23061,15783,2009,Eagleville Brook,Quantified_Electrofishing_all_species_cencus,"Brook Trout, Wild",MANSFIELD,3100,157832009,7,Tolland,-72.2775999999999,41.7882000000001
23068,15783,2010,Eagleville Brook,Quantified_Electrofishing_all_species_cencus,"Brook Trout, Wild",MANSFIELD,3100,157832010,23,Tolland,-72.2775999999999,41.7882000000001
23073,15783,2012,Eagleville Brook,Quantified_Electrofishing_all_species_cencus,"Brook Trout, Wild",MANSFIELD,3100,157832012,50,Tolland,-72.2775999999999,41.7882000000001
23080,15783,2014,Eagleville Brook,Quantified_Electrofishing_all_species_cencus,"Brook Trout, Wild",MANSFIELD,3100,157832014,13,Tolland,-72.2775999999999,41.7882000000001
23085,15783,2019,Eagleville Brook,Quantified_Electrofishing_all_species_cencus,"Brook Trout, Wild",MANSFIELD,3100,157832019,13,Tolland,-72.2775999999999,41.7882000000001
23118,15794,2009,West Branch Farmington River,Quantified_Electrofishing_all_species_cencus,"Brook Trout, Wild",NEW HARTFORD,4300,157942009,2,Litchfield,-72.9648,41.8732000000001
23128,15794,2010,West Branch Farmington River,Quantified_Electrofishing_all_species_cencus,"Brook Trout, Wild",NEW HARTFORD,4300,157942010,1,Litchfield,-72.9648,41.8732000000001
23139,15795,2012,Farmington River,Quantified_Electrofishing_all_species_cencus,"Brook Trout, Wild",NEW HARTFORD,4300,157952012,5,Litchfield,-72.9583,41.8579
23147,15796,1993,Pendleton Hill Brook,Quantified_Electrofishing_all_species_cencus,"Brook Trout, Wild",NORTH STONINGTON,1001,157961993,24,New London,-71.8342,41.4748000000001
23154,15796,2007,Pendleton Hill Brook,Quantified_Electrofishing_all_species_cencus,"Brook Trout, Wild",NORTH STONINGTON,1001,157962007,6,New London,-71.8342,41.4748000000001
23161,15796,2010,Pendleton Hill Brook,Quantified_Electrofishing_all_species_cencus,"Brook Trout, Wild",NORTH STONINGTON,1001,157962010,7,New London,-71.8342,41.4748000000001
23171,15796,2011,Pendleton Hill Brook,Quantified_Electrofishing_all_species_cencus,"Brook Trout, Wild",NORTH STONINGTON,1001,157962011,13,New London,-71.8342,41.4748000000001
23178,15796,2013,Pendleton Hill Brook,Quantified_Electrofishing_all_species_cencus,"Brook Trout, Wild",NORTH STONINGTON,1001,157962013,7,New London,-71.8342,41.4748000000001
23184,15796,2015,Pendleton Hill Brook,Quantified_Electrofishing_all_species_cencus,"Brook Trout, Wild",NORTH STONINGTON,1001,157962015,11,New London,-71.8342,41.4748000000001
23189,15796,2018,Pendleton Hill Brook,Quantified_Electrofishing_all_species_cencus,"Brook Trout, Wild",NORTH STONINGTON,1001,157962018,11,New London,-71.8342,41.4748000000001
23198,15796,2019,Pendleton Hill Brook,Quantified_Electrofishing_all_species_cencus,"Brook Trout, Wild",NORTH STONINGTON,1001,157962019,5,New London,-71.8342,41.4748000000001
23453,15818,2019,Willow Brook,Quantified_Electrofishing_all_species_cencus,"Brook Trout, Wild",HAMDEN,5301,158182019,13,New Haven,-72.9183,41.4597000000001
23807,15839,2018,"Deep Brook, tributary to (Oil Creek or Meeker Brook)",Quantified_Electrofishing_all_species_cencus,"Brook Trout, Wild",NEWTOWN,6019,158392018,24,Fairfield,-73.2882,41.407
23815,15844,2010,Still River,Quantified_Electrofishing_all_species_cencus,"Brook Trout, Wild",BARKHAMSTED,4303,158442010,3,Litchfield,-73.02,41.96
23842,15854,2006,Muddy River,Quantified_Electrofishing_all_species_cencus,"Brook Trout, Wild",WALLINGFORD,5208,158542006,1,New Haven,-72.8011999999999,41.4151000000001
23854,15854,2007,Muddy River,Quantified_Electrofishing_all_species_cencus,"Brook Trout, Wild",WALLINGFORD,5208,158542007,4,New Haven,-72.8011999999999,41.4151000000001
23873,15855,1990,Willow Brook (Hamden)-01,Quantified_Electrofishing_all_species_cencus,"Brook Trout, Wild",HAMDEN,5301,158551990,26,New Haven,-72.9082999999999,41.4472000000001
23884,15855,2006,Willow Brook (Hamden)-01,Quantified_Electrofishing_all_species_cencus,"Brook Trout, Wild",HAMDEN,5301,158552006,1,New Haven,-72.9082999999999,41.4472000000001
23896,15856,2006,Misery Brook,Quantified_Electrofishing_all_species_cencus,"Brook Trout, Wild",SOUTHINGTON,5203,158562006,6,Hartford,-72.8733,41.5699000000001
24667,15887,1992,Shepaug River,Quantified_Electrofishing_all_species_cencus,"Brook Trout, Wild",WASHINGTON,6700,158871992,2,Litchfield,-73.2904,41.7019000000001
24681,15887,2010,Shepaug River,Quantified_Electrofishing_all_species_cencus,"Brook Trout, Wild",WASHINGTON,6700,158872010,2,Litchfield,-73.2904,41.7019000000001
24691,15887,2011,Shepaug River,Quantified_Electrofishing_all_species_cencus,"Brook Trout, Wild",WASHINGTON,6700,158872011,2,Litchfield,-73.2904,41.7019000000001
24704,15887,2012,Shepaug River,Quantified_Electrofishing_all_species_cencus,"Brook Trout, Wild",WASHINGTON,6700,158872012,3,Litchfield,-73.2904,41.7019000000001
24717,15887,2013,Shepaug River,Quantified_Electrofishing_all_species_cencus,"Brook Trout, Wild",WASHINGTON,6700,158872013,2,Litchfield,-73.2904,41.7019000000001
24725,15887,2014,Shepaug River,Quantified_Electrofishing_all_species_cencus,"Brook Trout, Wild",WASHINGTON,6700,158872014,2,Litchfield,-73.2904,41.7019000000001
24758,15889,2008,Broad Brook,Quantified_Electrofishing_all_species_cencus,"Brook Trout, Wild",PRESTON,3716,158892008,1,New London,-71.9703,41.5538000000001
24782,15893,1990,East River,Quantified_Electrofishing_all_species_cencus,"Brook Trout, Wild",GUILFORD,5108,158931990,1,New Haven,-72.6747999999999,41.3125000000001
24832,15955,1989,Laurel Brook,Quantified_Electrofishing_all_species_cencus,"Brook Trout, Wild",MIDDLETOWN,4607,159551989,1,Middlesex,-72.686,41.5361
24845,15964,2006,Thompson Brook,Quantified_Electrofishing_all_species_cencus,"Brook Trout, Wild",AVON,4316,159642006,83,Hartford,-72.8497,41.7681000000001
24851,15964,2008,Thompson Brook,Quantified_Electrofishing_all_species_cencus,"Brook Trout, Wild",AVON,4316,159642008,67,Hartford,-72.8497,41.7681000000001
24855,15964,2010,Thompson Brook,Quantified_Electrofishing_all_species_cencus,"Brook Trout, Wild",AVON,4316,159642010,63,Hartford,-72.8497,41.7681000000001
24861,15964,2017,Thompson Brook,Quantified_Electrofishing_all_species_cencus,"Brook Trout, Wild",AVON,4316,159642017,55,Hartford,-72.8497,41.7681000000001
24868,15965,2006,Meadow Brook,Quantified_Electrofishing_all_species_cencus,"Brook Trout, Wild",COLCHESTER,4703,159652006,2,New London,-72.3867999999999,41.5871000000001
24906,15969,2006,Mill Brook,Quantified_Electrofishing_all_species_cencus,"Brook Trout, Wild",CORNWALL,6008,159692006,9,Litchfield,-73.3496,41.8762
25077,15977,1991,Indian Hole Brook,Quantified_Electrofishing_all_species_cencus,"Brook Trout, Wild",SHELTON,6000,159771991,22,Fairfield,-73.1246,41.3388
25085,15978,2006,Menunketesuck River,Quantified_Electrofishing_all_species_cencus,"Brook Trout, Wild",KILLINGWORTH,5103,159782006,2,Middlesex,-72.5526,41.3889
25097,15986,2006,Sanford Brook,Quantified_Electrofishing_all_species_cencus,"Brook Trout, Wild",CHESHIRE,5301,159862006,45,New Haven,-72.9363999999999,41.4723000000001
25110,15988,1994,Bebbington Brook,Quantified_Electrofishing_all_species_cencus,"Brook Trout, Wild",ASHFORD,3206,159881994,1,Windham,-72.1593,41.8447
25119,15988,2007,Bebbington Brook,Quantified_Electrofishing_all_species_cencus,"Brook Trout, Wild",ASHFORD,3206,159882007,1,Windham,-72.1593,41.8447
25123,15988,2018,Bebbington Brook,Quantified_Electrofishing_all_species_cencus,"Brook Trout, Wild",ASHFORD,3206,159882018,1,Windham,-72.1593,41.8447
25127,15989,1994,Crystal Lake Brook,Quantified_Electrofishing_all_species_cencus,"Brook Trout, Wild",STAFFORD,3101,159891994,3,Tolland,-72.3635,41.9642000000001
25139,15989,2006,Crystal Lake Brook,Quantified_Electrofishing_all_species_cencus,"Brook Trout, Wild",STAFFORD,3101,159892006,1,Tolland,-72.3635,41.9642000000001
25146,15990,2006,Spice Brook,Quantified_Electrofishing_all_species_cencus,"Brook Trout, Wild",TOLLAND,3106,159902006,12,Tolland,-72.3865,41.8459
25148,15990,2014,Spice Brook,Quantified_Electrofishing_all_species_cencus,"Brook Trout, Wild",TOLLAND,3106,159902014,25,Tolland,-72.3865,41.8459
25153,15991,1988,Stratton Brook,Quantified_Electrofishing_all_species_cencus,"Brook Trout, Wild",SIMSBURY,4318,159911988,28,Hartford,-72.8481,41.8595
25164,15991,2006,Stratton Brook,Quantified_Electrofishing_all_species_cencus,"Brook Trout, Wild",SIMSBURY,4318,159912006,30,Hartford,-72.8481,41.8595
25175,15991,2012,Stratton Brook,Quantified_Electrofishing_all_species_cencus,"Brook Trout, Wild",SIMSBURY,4318,159912012,40,Hartford,-72.8481,41.8595
25184,15991,2015,Stratton Brook,Quantified_Electrofishing_all_species_cencus,"Brook Trout, Wild",SIMSBURY,4318,159912015,77,Hartford,-72.8481,41.8595
25192,15992,2006,Fox Brook,Quantified_Electrofishing_all_species_cencus,"Brook Trout, Wild",GRANBY,4320,159922006,26,Hartford,-72.8624,42.027
25232,15994,2010,Eightmile Brook,Quantified_Electrofishing_all_species_cencus,"Brook Trout, Wild",OXFORD,6023,159942010,5,New Haven,-73.1641999999999,41.3842000000001
25249,15994,2013,Eightmile Brook,Quantified_Electrofishing_all_species_cencus,"Brook Trout, Wild",OXFORD,6023,159942013,2,New Haven,-73.1641999999999,41.3842000000001
25262,15994,2016,Eightmile Brook,Quantified_Electrofishing_all_species_cencus,"Brook Trout, Wild",OXFORD,6023,159942016,1,New Haven,-73.1641999999999,41.3842000000001
25277,15996,2006,Fenn Brook,Quantified_Electrofishing_all_species_cencus,"Brook Trout, Wild",ROXBURY,6700,159962006,10,Litchfield,-73.3133999999999,41.561
25290,15998,1991,Town Farm Brook (Clatter Valley Brook),Quantified_Electrofishing_all_species_cencus,"Brook Trout, Wild",NEW MILFORD,6000,159981991,56,Litchfield,-73.3889,41.5477000000001
25300,15998,2006,Town Farm Brook (Clatter Valley Brook),Quantified_Electrofishing_all_species_cencus,"Brook Trout, Wild",NEW MILFORD,6000,159982006,24,Litchfield,-73.3889,41.5477000000001
25307,15998,2011,Town Farm Brook (Clatter Valley Brook),Quantified_Electrofishing_all_species_cencus,"Brook Trout, Wild",NEW MILFORD,6000,159982011,7,Litchfield,-73.3889,41.5477000000001
25317,15998,2023,Town Farm Brook (Clatter Valley Brook),Quantified_Electrofishing_all_species_cencus,"Brook Trout, Wild",NEW MILFORD,6000,159982023,12,Litchfield,-73.3889,41.5477000000001
25364,16003,2006,Nickelmine Brook,Quantified_Electrofishing_all_species_cencus,"Brook Trout, Wild",TORRINGTON,6903,160032006,2,Litchfield,-73.1460999999999,41.8199000000001
25379,16004,2006,Nickelmine Brook,Quantified_Electrofishing_all_species_cencus,"Brook Trout, Wild",TORRINGTON,6903,160042006,10,Litchfield,-73.1752,41.8326000000001
26743,16012,2023,Uncas Pond,Quantified_Electrofishing_all_species_cencus,"Brook Trout, Wild",LYME,4800,160122023,1,New London,-72.31691,41.3740100000001
26771,16015,2006,Murphy Brook,Quantified_Electrofishing_all_species_cencus,"Brook Trout, Wild",HAMPTON,3805,160152006,7,Windham,-72.0398,41.7828000000001
26775,16015,2007,Murphy Brook,Quantified_Electrofishing_all_species_cencus,"Brook Trout, Wild",HAMPTON,3805,160152007,5,Windham,-72.0398,41.7828000000001
26784,16015,2014,Murphy Brook,Quantified_Electrofishing_all_species_cencus,"Brook Trout, Wild",HAMPTON,3805,160152014,14,Windham,-72.0398,41.7828000000001
26798,16022,2011,Weekeepeemee River,Quantified_Electrofishing_all_species_cencus,"Brook Trout, Wild",WOODBURY,6804,160222011,3,Litchfield,-73.2291999999999,41.5856000000001
26818,16026,2021,Quaker Brook,Quantified_Electrofishing_all_species_cencus,"Brook Trout, Wild","PATTERSON, NY",8101,160262021,9,,-73.5338,41.4987
27044,16035,1992,Nickelmine Brook,Quantified_Electrofishing_all_species_cencus,"Brook Trout, Wild",TORRINGTON,6903,160351992,33,Litchfield,-73.1786,41.8342000000001
27057,16042,2007,Indian River,Quantified_Electrofishing_all_species_cencus,"Brook Trout, Wild",CLINTON,5104,160422007,1,Middlesex,-72.533,41.311
27151,16046,2006,Chidsey Brook,Quantified_Electrofishing_all_species_cencus,"Brook Trout, Wild",AVON,4316,160462006,49,Hartford,-72.8624,41.7848000000001
27156,16046,2010,Chidsey Brook,Quantified_Electrofishing_all_species_cencus,"Brook Trout, Wild",AVON,4316,160462010,137,Hartford,-72.8624,41.7848000000001
27159,16046,2015,Chidsey Brook,Quantified_Electrofishing_all_species_cencus,"Brook Trout, Wild",AVON,4316,160462015,81,Hartford,-72.8624,41.7848000000001
27162,16047,2006,Chidsey Brook,Quantified_Electrofishing_all_species_cencus,"Brook Trout, Wild",AVON,4316,160472006,241,Hartford,-72.8601,41.7823000000001
27169,16048,2006,Chidsey Brook,Quantified_Electrofishing_all_species_cencus,"Brook Trout, Wild",AVON,4316,160482006,218,Hartford,-72.8583,41.7755000000001
27275,16068,1992,West Aspetuck River,Quantified_Electrofishing_all_species_cencus,"Brook Trout, Wild",NEW MILFORD,6500,160681992,2,Litchfield,-73.4211999999999,41.6203
27290,16068,2007,West Aspetuck River,Quantified_Electrofishing_all_species_cencus,"Brook Trout, Wild",NEW MILFORD,6500,160682007,3,Litchfield,-73.4211999999999,41.6203
27303,16069,2007,West Branch Salmon Brook,Quantified_Electrofishing_all_species_cencus,"Brook Trout, Wild",GRANBY,4319,160692007,30,Hartford,-72.8301,41.9353
27342,16072,2007,Trading Cove Brook,Quantified_Electrofishing_all_species_cencus,"Brook Trout, Wild",MONTVILLE,3001,160722007,26,New London,-72.138,41.5046
27354,16072,2010,Trading Cove Brook,Quantified_Electrofishing_all_species_cencus,"Brook Trout, Wild",MONTVILLE,3001,160722010,9,New London,-72.138,41.5046
27382,16075,2007,Morgan Brook,Quantified_Electrofishing_all_species_cencus,"Brook Trout, Wild",BARKHAMSTED,4305,160752007,24,Litchfield,-73.027,41.9048000000001
27428,16077,2007,Ponset Brook,Quantified_Electrofishing_all_species_cencus,"Brook Trout, Wild",HADDAM,4014,160772007,8,Middlesex,-72.5577,41.4747
27437,16077,2012,Ponset Brook,Quantified_Electrofishing_all_species_cencus,"Brook Trout, Wild",HADDAM,4014,160772012,3,Middlesex,-72.5577,41.4747
27443,16078,2007,South Mountain Brook,Quantified_Electrofishing_all_species_cencus,"Brook Trout, Wild",BRISTOL,4315,160782007,17,Hartford,-72.9469999999999,41.6621000000001
27446,16078,2011,South Mountain Brook,Quantified_Electrofishing_all_species_cencus,"Brook Trout, Wild",BRISTOL,4315,160782011,30,Hartford,-72.9469999999999,41.6621000000001
27449,16079,2007,Pendleton Hill Brook,Quantified_Electrofishing_all_species_cencus,"Brook Trout, Wild",NORTH STONINGTON,1001,160792007,20,New London,-71.8353999999999,41.4781
27458,16079,2013,Pendleton Hill Brook,Quantified_Electrofishing_all_species_cencus,"Brook Trout, Wild",NORTH STONINGTON,1001,160792013,41,New London,-71.8353999999999,41.4781
27466,16080,2007,West Branch Salmon Brook,Quantified_Electrofishing_all_species_cencus,"Brook Trout, Wild",HARTLAND,4319,160802007,28,Hartford,-72.896,41.9745
27470,16080,2012,West Branch Salmon Brook,Quantified_Electrofishing_all_species_cencus,"Brook Trout, Wild",HARTLAND,4319,160802012,54,Hartford,-72.896,41.9745
27475,16080,2017,West Branch Salmon Brook,Quantified_Electrofishing_all_species_cencus,"Brook Trout, Wild",HARTLAND,4319,160802017,19,Hartford,-72.896,41.9745
27496,16082,2008,Bunnell Brook (Burlington Brook),Quantified_Electrofishing_all_species_cencus,"Brook Trout, Wild",BURLINGTON,4311,160822008,1,Hartford,-72.9247,41.7833000000001
27504,16082,2017,Bunnell Brook (Burlington Brook),Quantified_Electrofishing_all_species_cencus,"Brook Trout, Wild",BURLINGTON,4311,160822017,4,Hartford,-72.9247,41.7833000000001
27515,16083,2011,Halfway River,Quantified_Electrofishing_all_species_cencus,"Brook Trout, Wild",NEWTOWN,6022,160832011,2,Fairfield,-73.1885,41.3887
27526,16089,2012,Morgan Brook,Quantified_Electrofishing_all_species_cencus,"Brook Trout, Wild",BARKHAMSTED,4305,160892012,1,Litchfield,-73.0006999999999,41.9086
27535,16089,2017,Morgan Brook,Quantified_Electrofishing_all_species_cencus,"Brook Trout, Wild",BARKHAMSTED,4305,160892017,7,Litchfield,-73.0006999999999,41.9086
27550,16106,2007,Branch Brook,Quantified_Electrofishing_all_species_cencus,"Brook Trout, Wild",EASTFORD,3203,161062007,20,Windham,-72.1245,41.9108000000001
27558,16106,2010,Branch Brook,Quantified_Electrofishing_all_species_cencus,"Brook Trout, Wild",EASTFORD,3203,161062010,10,Windham,-72.1245,41.9108000000001
27564,16107,1994,Leadmine Brook,Quantified_Electrofishing_all_species_cencus,"Brook Trout, Wild",ASHFORD,3203,161071994,11,Windham,-72.1564,41.9575
27573,16108,1994,Knowlton Brook,Quantified_Electrofishing_all_species_cencus,"Brook Trout, Wild",ASHFORD,3205,161081994,21,Windham,-72.1783,41.8492000000001
27587,16108,2007,Knowlton Brook,Quantified_Electrofishing_all_species_cencus,"Brook Trout, Wild",ASHFORD,3205,161082007,18,Windham,-72.1783,41.8492000000001
27596,16108,2021,Knowlton Brook,Quantified_Electrofishing_all_species_cencus,"Brook Trout, Wild",ASHFORD,3205,161082021,4,Windham,-72.1783,41.8492000000001
27606,16109,2007,Gardner Brook,Quantified_Electrofishing_all_species_cencus,"Brook Trout, Wild",ASHFORD,3206,161092007,50,Windham,-72.1598,41.8642
27610,16109,2019,Gardner Brook,Quantified_Electrofishing_all_species_cencus,"Brook Trout, Wild",ASHFORD,3206,161092019,17,Windham,-72.1598,41.8642
27614,16110,2007,Mott Hill Brook,Quantified_Electrofishing_all_species_cencus,"Brook Trout, Wild",GLASTONBURY,4008,161102007,102,Hartford,-72.5364999999999,41.6615
27618,16110,2010,Mott Hill Brook,Quantified_Electrofishing_all_species_cencus,"Brook Trout, Wild",GLASTONBURY,4008,161102010,24,Hartford,-72.5364999999999,41.6615
27621,16110,2011,Mott Hill Brook,Quantified_Electrofishing_all_species_cencus,"Brook Trout, Wild",GLASTONBURY,4008,161102011,28,Hartford,-72.5364999999999,41.6615
27626,16110,2013,Mott Hill Brook,Quantified_Electrofishing_all_species_cencus,"Brook Trout, Wild",GLASTONBURY,4008,161102013,27,Hartford,-72.5364999999999,41.6615
27631,16110,2016,Mott Hill Brook,Quantified_Electrofishing_all_species_cencus,"Brook Trout, Wild",GLASTONBURY,4008,161102016,74,Hartford,-72.5364999999999,41.6615
27635,16110,2018,Mott Hill Brook,Quantified_Electrofishing_all_species_cencus,"Brook Trout, Wild",GLASTONBURY,4008,161102018,133,Hartford,-72.5364999999999,41.6615
27641,16111,2007,Beaver Meadow Brook,Quantified_Electrofishing_all_species_cencus,"Brook Trout, Wild",HADDAM,4015,161112007,9,Middlesex,-72.5287999999999,41.4552
27647,16111,2011,Beaver Meadow Brook,Quantified_Electrofishing_all_species_cencus,"Brook Trout, Wild",HADDAM,4015,161112011,1,Middlesex,-72.5287999999999,41.4552
27653,16111,2012,Beaver Meadow Brook,Quantified_Electrofishing_all_species_cencus,"Brook Trout, Wild",HADDAM,4015,161112012,3,Middlesex,-72.5287999999999,41.4552
27660,16112,1989,Hemlock Valley Brook,Quantified_Electrofishing_all_species_cencus,"Brook Trout, Wild",EAST HADDAM,4016,161121989,2,Middlesex,-72.4226,41.4283
27668,16112,2007,Hemlock Valley Brook,Quantified_Electrofishing_all_species_cencus,"Brook Trout, Wild",EAST HADDAM,4016,161122007,2,Middlesex,-72.4226,41.4283
27674,16112,2010,Hemlock Valley Brook,Quantified_Electrofishing_all_species_cencus,"Brook Trout, Wild",EAST HADDAM,4016,161122010,5,Middlesex,-72.4226,41.4283
27680,16112,2011,Hemlock Valley Brook,Quantified_Electrofishing_all_species_cencus,"Brook Trout, Wild",EAST HADDAM,4016,161122011,6,Middlesex,-72.4226,41.4283
27685,16112,2013,Hemlock Valley Brook,Quantified_Electrofishing_all_species_cencus,"Brook Trout, Wild",EAST HADDAM,4016,161122013,1,Middlesex,-72.4226,41.4283
27689,16113,2007,Hungerford Brook,Quantified_Electrofishing_all_species_cencus,"Brook Trout, Wild",LYME,4016,161132007,3,New London,-72.4093999999999,41.4255000000001
27695,16114,1988,Rugg Brook,Quantified_Electrofishing_all_species_cencus,"Brook Trout, Wild",WINCHESTER,4302,161141988,164,Litchfield,-73.1213999999999,41.9328
27698,16114,2007,Rugg Brook,Quantified_Electrofishing_all_species_cencus,"Brook Trout, Wild",WINCHESTER,4302,161142007,53,Litchfield,-73.1213999999999,41.9328
27704,16114,2011,Rugg Brook,Quantified_Electrofishing_all_species_cencus,"Brook Trout, Wild",WINCHESTER,4302,161142011,40,Litchfield,-73.1213999999999,41.9328
27709,16114,2013,Rugg Brook,Quantified_Electrofishing_all_species_cencus,"Brook Trout, Wild",WINCHESTER,4302,161142013,27,Litchfield,-73.1213999999999,41.9328
27716,16114,2016,Rugg Brook,Quantified_Electrofishing_all_species_cencus,"Brook Trout, Wild",WINCHESTER,4302,161142016,12,Litchfield,-73.1213999999999,41.9328
27720,16114,2019,Rugg Brook,Quantified_Electrofishing_all_species_cencus,"Brook Trout, Wild",WINCHESTER,4302,161142019,5,Litchfield,-73.1213999999999,41.9328
27732,16116,1988,Kettle Brook,Quantified_Electrofishing_all_species_cencus,"Brook Trout, Wild",BARKHAMSTED,4308,161161988,161,Litchfield,-72.9442,41.9324
27734,16116,2007,Kettle Brook,Quantified_Electrofishing_all_species_cencus,"Brook Trout, Wild",BARKHAMSTED,4308,161162007,19,Litchfield,-72.9442,41.9324
27736,16116,2018,Kettle Brook,Quantified_Electrofishing_all_species_cencus,"Brook Trout, Wild",BARKHAMSTED,4308,161162018,20,Litchfield,-72.9442,41.9324
27738,16117,1988,Roaring Brook,Quantified_Electrofishing_all_species_cencus,"Brook Trout, Wild",BARKHAMSTED,4308,161171988,128,Litchfield,-72.9474999999999,41.9454000000001
27742,16117,2007,Roaring Brook,Quantified_Electrofishing_all_species_cencus,"Brook Trout, Wild",BARKHAMSTED,4308,161172007,30,Litchfield,-72.9474999999999,41.9454000000001
27744,16117,2018,Roaring Brook,Quantified_Electrofishing_all_species_cencus,"Brook Trout, Wild",BARKHAMSTED,4308,161172018,30,Litchfield,-72.9474999999999,41.9454000000001
27746,16118,2007,Powder Brook,Quantified_Electrofishing_all_species_cencus,"Brook Trout, Wild",HARWINTON,4313,161182007,10,Litchfield,-73.0169999999999,41.7541000000001
27751,16119,2007,Day Pond Brook,Quantified_Electrofishing_all_species_cencus,"Brook Trout, Wild",COLCHESTER,4700,161192007,7,New London,-72.4338,41.5623000000001
27759,16119,2011,Day Pond Brook,Quantified_Electrofishing_all_species_cencus,"Brook Trout, Wild",COLCHESTER,4700,161192011,2,New London,-72.4338,41.5623000000001
27768,16119,2013,Day Pond Brook,Quantified_Electrofishing_all_species_cencus,"Brook Trout, Wild",COLCHESTER,4700,161192013,1,New London,-72.4338,41.5623000000001
27779,16119,2018,Day Pond Brook,Quantified_Electrofishing_all_species_cencus,"Brook Trout, Wild",COLCHESTER,4700,161192018,1,New London,-72.4338,41.5623000000001
27783,16120,2007,Elbow Brook,Quantified_Electrofishing_all_species_cencus,"Brook Trout, Wild",EAST HAMPTON,4700,161202007,5,Middlesex,-72.4868999999999,41.5211
27787,16120,2012,Elbow Brook,Quantified_Electrofishing_all_species_cencus,"Brook Trout, Wild",EAST HAMPTON,4700,161202012,2,Middlesex,-72.4868999999999,41.5211
27793,16121,1989,Flat Brook,Quantified_Electrofishing_all_species_cencus,"Brook Trout, Wild",EAST HAMPTON,4700,161211989,17,Middlesex,-72.4523,41.5544
27804,16121,2007,Flat Brook,Quantified_Electrofishing_all_species_cencus,"Brook Trout, Wild",EAST HAMPTON,4700,161212007,3,Middlesex,-72.4523,41.5544
27809,16121,2011,Flat Brook,Quantified_Electrofishing_all_species_cencus,"Brook Trout, Wild",EAST HAMPTON,4700,161212011,12,Middlesex,-72.4523,41.5544
27815,16122,2007,Early Brook,Quantified_Electrofishing_all_species_cencus,"Brook Trout, Wild",EAST HADDAM,4800,161222007,22,Middlesex,-72.3434999999999,41.4978
27817,16122,2012,Early Brook,Quantified_Electrofishing_all_species_cencus,"Brook Trout, Wild",EAST HADDAM,4800,161222012,46,Middlesex,-72.3434999999999,41.4978
27821,16122,2015,Early Brook,Quantified_Electrofishing_all_species_cencus,"Brook Trout, Wild",EAST HADDAM,4800,161222015,34,Middlesex,-72.3434999999999,41.4978
27826,16123,1989,Muddy Brook,Quantified_Electrofishing_all_species_cencus,"Brook Trout, Wild",EAST HADDAM,4800,161231989,11,Middlesex,-72.342,41.4756
27834,16123,2007,Muddy Brook,Quantified_Electrofishing_all_species_cencus,"Brook Trout, Wild",EAST HADDAM,4800,161232007,27,Middlesex,-72.342,41.4756
27839,16124,1992,Flat Brook,Quantified_Electrofishing_all_species_cencus,"Brook Trout, Wild",CANAAN,6200,161241992,47,Litchfield,-73.3211229999999,41.938249
27845,16124,2007,Flat Brook,Quantified_Electrofishing_all_species_cencus,"Brook Trout, Wild",CANAAN,6200,161242007,20,Litchfield,-73.3211229999999,41.938249
27850,16124,2011,Flat Brook,Quantified_Electrofishing_all_species_cencus,"Brook Trout, Wild",CANAAN,6200,161242011,14,Litchfield,-73.3211229999999,41.938249
27859,16124,2013,Flat Brook,Quantified_Electrofishing_all_species_cencus,"Brook Trout, Wild",CANAAN,6200,161242013,8,Litchfield,-73.3211229999999,41.938249
27864,16124,2016,Flat Brook,Quantified_Electrofishing_all_species_cencus,"Brook Trout, Wild",CANAAN,6200,161242016,12,Litchfield,-73.3211229999999,41.938249
27871,16124,2018,Flat Brook,Quantified_Electrofishing_all_species_cencus,"Brook Trout, Wild",CANAAN,6200,161242018,2,Litchfield,-73.3211229999999,41.938249
27877,16125,2007,Whiting Brook,Quantified_Electrofishing_all_species_cencus,"Brook Trout, Wild",CANAAN,6200,161252007,39,Litchfield,-73.3178,41.9730000000001
27879,16125,2015,Whiting Brook,Quantified_Electrofishing_all_species_cencus,"Brook Trout, Wild",CANAAN,6200,161252015,33,Litchfield,-73.3178,41.9730000000001
27882,16126,2007,Hall Meadow Brook,Quantified_Electrofishing_all_species_cencus,"Brook Trout, Wild",TORRINGTON,6901,161262007,7,Litchfield,-73.1689,41.8861000000001
27890,16126,2010,Hall Meadow Brook,Quantified_Electrofishing_all_species_cencus,"Brook Trout, Wild",TORRINGTON,6901,161262010,31,Litchfield,-73.1689,41.8861000000001
27896,16126,2015,Hall Meadow Brook,Quantified_Electrofishing_all_species_cencus,"Brook Trout, Wild",TORRINGTON,6901,161262015,45,Litchfield,-73.1689,41.8861000000001
27903,16126,2019,Hall Meadow Brook,Quantified_Electrofishing_all_species_cencus,"Brook Trout, Wild",TORRINGTON,6901,161262019,62,Litchfield,-73.1689,41.8861000000001
27911,16126,2023,Hall Meadow Brook,Quantified_Electrofishing_all_species_cencus,"Brook Trout, Wild",TORRINGTON,6901,161262023,2,Litchfield,-73.1689,41.8861000000001
27918,16127,2007,Jakes Brook,Quantified_Electrofishing_all_species_cencus,"Brook Trout, Wild",TORRINGTON,6902,161272007,26,Litchfield,-73.1674419999999,41.864151
27920,16127,2011,Jakes Brook,Quantified_Electrofishing_all_species_cencus,"Brook Trout, Wild",TORRINGTON,6902,161272011,17,Litchfield,-73.1674419999999,41.864151
27927,16127,2013,Jakes Brook,Quantified_Electrofishing_all_species_cencus,"Brook Trout, Wild",TORRINGTON,6902,161272013,75,Litchfield,-73.1674419999999,41.864151
27930,16127,2016,Jakes Brook,Quantified_Electrofishing_all_species_cencus,"Brook Trout, Wild",TORRINGTON,6902,161272016,30,Litchfield,-73.1674419999999,41.864151
27933,16127,2018,Jakes Brook,Quantified_Electrofishing_all_species_cencus,"Brook Trout, Wild",TORRINGTON,6902,161272018,30,Litchfield,-73.1674419999999,41.864151
27943,16128,2007,Stonehouse Brook,Quantified_Electrofishing_all_species_cencus,"Brook Trout, Wild",CHAPLIN,3204,161282007,3,Windham,-72.1509,41.7812000000001
27960,16128,2010,Stonehouse Brook,Quantified_Electrofishing_all_species_cencus,"Brook Trout, Wild",CHAPLIN,3204,161282010,1,Windham,-72.1509,41.7812000000001
27991,16128,2018,Stonehouse Brook,Quantified_Electrofishing_all_species_cencus,"Brook Trout, Wild",CHAPLIN,3204,161282018,2,Windham,-72.1509,41.7812000000001
28041,16132,1990,Meetinghouse Brook,Quantified_Electrofishing_all_species_cencus,"Brook Trout, Wild",WALLINGFORD,5200,161321990,8,New Haven,-72.8096,41.4941000000001
28049,16132,2007,Meetinghouse Brook,Quantified_Electrofishing_all_species_cencus,"Brook Trout, Wild",WALLINGFORD,5200,161322007,11,New Haven,-72.8096,41.4941000000001
28070,16135,2013,Sargent River,Quantified_Electrofishing_all_species_cencus,"Brook Trout, Wild",BETHANY,5303,161352013,71,New Haven,-72.9899,41.4272
28073,16135,2018,Sargent River,Quantified_Electrofishing_all_species_cencus,"Brook Trout, Wild",BETHANY,5303,161352018,65,New Haven,-72.9899,41.4272
28100,16138,2007,Wepawaug River,Quantified_Electrofishing_all_species_cencus,"Brook Trout, Wild",WOODBRIDGE,5307,161382007,26,New Haven,-73.0296,41.3297000000001
28106,16138,2013,Wepawaug River,Quantified_Electrofishing_all_species_cencus,"Brook Trout, Wild",WOODBRIDGE,5307,161382013,9,New Haven,-73.0296,41.3297000000001
28111,16139,1992,Brown Brook,Quantified_Electrofishing_all_species_cencus,"Brook Trout, Wild",CANAAN,6201,161391992,2,Litchfield,-73.2798999999999,41.9267
28122,16139,2007,Brown Brook,Quantified_Electrofishing_all_species_cencus,"Brook Trout, Wild",CANAAN,6201,161392007,2,Litchfield,-73.2798999999999,41.9267
28128,16139,2010,Brown Brook,Quantified_Electrofishing_all_species_cencus,"Brook Trout, Wild",CANAAN,6201,161392010,8,Litchfield,-73.2798999999999,41.9267
28134,16139,2011,Brown Brook,Quantified_Electrofishing_all_species_cencus,"Brook Trout, Wild",CANAAN,6201,161392011,9,Litchfield,-73.2798999999999,41.9267
28140,16139,2013,Brown Brook,Quantified_Electrofishing_all_species_cencus,"Brook Trout, Wild",CANAAN,6201,161392013,3,Litchfield,-73.2798999999999,41.9267
28763,16159,2007,East Branch Salmon Brook,Quantified_Electrofishing_all_species_cencus,"Brook Trout, Wild",GRANBY,4320,161592007,98,Hartford,-72.8625,42.0347
28765,16159,2008,East Branch Salmon Brook,Quantified_Electrofishing_all_species_cencus,"Brook Trout, Wild",GRANBY,4320,161592008,154,Hartford,-72.8625,42.0347
28766,16160,2007,"East Branch Salmon Brook, tributary to",Quantified_Electrofishing_all_species_cencus,"Brook Trout, Wild",GRANBY,4320,161602007,35,Hartford,-72.8627,42.0346000000001
28857,16174,2007,"West Branch Salmon Brook, Unnamed tributary to",Quantified_Electrofishing_all_species_cencus,"Brook Trout, Wild",GRANBY,4319,161742007,44,Hartford,-72.8309,41.9354000000001
28913,16178,2007,Fivemile Brook,Quantified_Electrofishing_all_species_cencus,"Brook Trout, Wild",NORTH HAVEN,5208,161782007,4,New Haven,-72.8462,41.3630000000001
28921,16179,2007,Eightmile Brook,Quantified_Electrofishing_all_species_cencus,"Brook Trout, Wild",NORTH HAVEN,5208,161792007,4,New Haven,-72.8201,41.3857
29188,16191,2007,Hall Meadow Brook,Quantified_Electrofishing_all_species_cencus,"Brook Trout, Wild",NORFOLK,6901,161912007,18,Litchfield,-73.1949,41.9173000000001
29196,16191,2010,Hall Meadow Brook,Quantified_Electrofishing_all_species_cencus,"Brook Trout, Wild",NORFOLK,6901,161912010,36,Litchfield,-73.1949,41.9173000000001
29202,16191,2011,Hall Meadow Brook,Quantified_Electrofishing_all_species_cencus,"Brook Trout, Wild",NORFOLK,6901,161912011,22,Litchfield,-73.1949,41.9173000000001
29213,16191,2015,Hall Meadow Brook,Quantified_Electrofishing_all_species_cencus,"Brook Trout, Wild",NORFOLK,6901,161912015,15,Litchfield,-73.1949,41.9173000000001
29223,16192,1993,Trading Cove Brook,Quantified_Electrofishing_all_species_cencus,"Brook Trout, Wild",MONTVILLE,3001,161921993,96,New London,-72.1161,41.5012
29233,16192,2006,Trading Cove Brook,Quantified_Electrofishing_all_species_cencus,"Brook Trout, Wild",MONTVILLE,3001,161922006,45,New London,-72.1161,41.5012
29238,16192,2011,Trading Cove Brook,Quantified_Electrofishing_all_species_cencus,"Brook Trout, Wild",MONTVILLE,3001,161922011,137,New London,-72.1161,41.5012
29248,16192,2012,Trading Cove Brook,Quantified_Electrofishing_all_species_cencus,"Brook Trout, Wild",MONTVILLE,3001,161922012,9,New London,-72.1161,41.5012
29258,16192,2014,Trading Cove Brook,Quantified_Electrofishing_all_species_cencus,"Brook Trout, Wild",MONTVILLE,3001,161922014,103,New London,-72.1161,41.5012
29288,16194,1990,West River,Quantified_Electrofishing_all_species_cencus,"Brook Trout, Wild",GUILFORD,5110,161941990,6,New Haven,-72.6901999999999,41.301
29383,16217,2014,Peckham Brook,Quantified_Electrofishing_all_species_cencus,"Brook Trout, Wild",WOODSTOCK,3708,162172014,121,Windham,-71.965,41.9747
29410,16239,2012,West Branch Farmington River,Quantified_Electrofishing_all_species_cencus,"Brook Trout, Wild",NEW HARTFORD,4300,162392012,11,Litchfield,-72.965,41.878
29468,16258,2008,West Branch Farmington River,Quantified_Electrofishing_all_species_cencus,"Brook Trout, Wild",HARTLAND,4300,162582008,10,Hartford,-73.0209,41.9735000000001
29479,16258,2012,West Branch Farmington River,Quantified_Electrofishing_all_species_cencus,"Brook Trout, Wild",HARTLAND,4300,162582012,6,Hartford,-73.0209,41.9735000000001
29513,16261,2011,Aspetuck River,Quantified_Electrofishing_all_species_cencus,"Brook Trout, Wild",EASTON,7202,162612011,2,Fairfield,-73.3275,41.2771000000001
29524,16261,2013,Aspetuck River,Quantified_Electrofishing_all_species_cencus,"Brook Trout, Wild",EASTON,7202,162612013,3,Fairfield,-73.3275,41.2771000000001
29556,16265,2013,Roaring Brook,Quantified_Electrofishing_all_species_cencus,"Brook Trout, Wild",GLASTONBURY,4009,162652013,5,Hartford,-72.52573,41.698068
29568,16265,2019,Roaring Brook,Quantified_Electrofishing_all_species_cencus,"Brook Trout, Wild",GLASTONBURY,4009,162652019,31,Hartford,-72.52573,41.698068
29588,16266,2018,Bolton Pond Brook,Quantified_Electrofishing_all_species_cencus,"Brook Trout, Wild",BOLTON,3108,162662018,1,Tolland,-72.4166999999999,41.7784
29620,16269,1993,Whitford Brook,Quantified_Electrofishing_all_species_cencus,"Brook Trout, Wild",STONINGTON,2104,162691993,12,New London,-71.9596,41.4127
29632,16269,2007,Whitford Brook,Quantified_Electrofishing_all_species_cencus,"Brook Trout, Wild",STONINGTON,2104,162692007,1,New London,-71.9596,41.4127
29653,16271,2007,Gulf Stream,Quantified_Electrofishing_all_species_cencus,"Brook Trout, Wild",SOMERS,4203,162712007,89,Tolland,-72.4285,41.9816000000001
29659,16271,2010,Gulf Stream,Quantified_Electrofishing_all_species_cencus,"Brook Trout, Wild",SOMERS,4203,162712010,57,Tolland,-72.4285,41.9816000000001
29663,16271,2011,Gulf Stream,Quantified_Electrofishing_all_species_cencus,"Brook Trout, Wild",SOMERS,4203,162712011,48,Tolland,-72.4285,41.9816000000001
29669,16272,2007,Hungary Brook,Quantified_Electrofishing_all_species_cencus,"Brook Trout, Wild",GRANBY,4320,162722007,5,Hartford,-72.787,41.9656000000001
29699,16274,2007,Nonewaug River,Quantified_Electrofishing_all_species_cencus,"Brook Trout, Wild",WOODBURY,6802,162742007,20,Litchfield,-73.1738,41.6011
29722,16276,1993,Latimer Brook,Quantified_Electrofishing_all_species_cencus,"Brook Trout, Wild",MONTVILLE,2202,162761993,64,New London,-72.2252999999999,41.4375000000001
29753,16278,2007,Roaring Brook,Quantified_Electrofishing_all_species_cencus,"Brook Trout, Wild",STAFFORD,3104,162782007,2,Tolland,-72.2298,41.9848000000001
29762,16280,2007,Nepaug River,Quantified_Electrofishing_all_species_cencus,"Brook Trout, Wild",CANTON,4310,162802007,7,Hartford,-72.9301,41.8286000000001
29816,16285,2007,Beaver Brook,Quantified_Electrofishing_all_species_cencus,"Brook Trout, Wild",SEYMOUR,6900,162852007,4,New Haven,-73.064,41.3617
29822,16285,2013,Beaver Brook,Quantified_Electrofishing_all_species_cencus,"Brook Trout, Wild",SEYMOUR,6900,162852013,1,New Haven,-73.064,41.3617
29827,16286,2007,Branch Brook,Quantified_Electrofishing_all_species_cencus,"Brook Trout, Wild",THOMASTON,6910,162862007,2,Litchfield,-73.1188999999999,41.6616000000001
29842,16288,2007,Branch Brook,Quantified_Electrofishing_all_species_cencus,"Brook Trout, Wild",EASTFORD,3203,162882007,73,Windham,-72.1256,41.9199
29850,16288,2010,Branch Brook,Quantified_Electrofishing_all_species_cencus,"Brook Trout, Wild",EASTFORD,3203,162882010,2,Windham,-72.1256,41.9199
29885,16292,2007,Rock Brook,Quantified_Electrofishing_all_species_cencus,"Brook Trout, Wild",HARWINTON,6907,162922007,5,Litchfield,-73.0520999999999,41.7324
29896,16293,2010,Green Fall River,Quantified_Electrofishing_all_species_cencus,"Brook Trout, Wild",NORTH STONINGTON,1002,162932010,11,New London,-71.8158999999999,41.4816000000001
29901,16294,1992,Shunock River,Quantified_Electrofishing_all_species_cencus,"Brook Trout, Wild",NORTH STONINGTON,1004,162941992,12,New London,-71.8543999999999,41.4196000000001
29916,16294,2009,Shunock River,Quantified_Electrofishing_all_species_cencus,"Brook Trout, Wild",NORTH STONINGTON,1004,162942009,1,New London,-71.8543999999999,41.4196000000001
29926,16294,2012,Shunock River,Quantified_Electrofishing_all_species_cencus,"Brook Trout, Wild",NORTH STONINGTON,1004,162942012,7,New London,-71.8543999999999,41.4196000000001
29956,16294,2014,Shunock River,Quantified_Electrofishing_all_species_cencus,"Brook Trout, Wild",NORTH STONINGTON,1004,162942014,2,New London,-71.8543999999999,41.4196000000001
29974,16295,1993,Latimer Brook,Quantified_Electrofishing_all_species_cencus,"Brook Trout, Wild",EAST LYME,2202,162951993,18,New London,-72.2001999999999,41.3695000000001
30004,16297,1993,Stony Brook,Quantified_Electrofishing_all_species_cencus,"Brook Trout, Wild",MONTVILLE,3005,162971993,65,New London,-72.1317999999999,41.489
30010,16297,2009,Stony Brook,Quantified_Electrofishing_all_species_cencus,"Brook Trout, Wild",MONTVILLE,3005,162972009,20,New London,-72.1317999999999,41.489
30018,16297,2018,Stony Brook,Quantified_Electrofishing_all_species_cencus,"Brook Trout, Wild",MONTVILLE,3005,162972018,14,New London,-72.1317999999999,41.489
30025,16298,1993,Stony Brook,Quantified_Electrofishing_all_species_cencus,"Brook Trout, Wild",MONTVILLE,3005,162981993,27,New London,-72.1181999999999,41.4716000000001
30035,16299,2010,Hunts brook,Quantified_Electrofishing_all_species_cencus,"Brook Trout, Wild",MONTVILLE,3006,162992010,11,New London,-72.172,41.4293000000001
30041,16299,2014,Hunts brook,Quantified_Electrofishing_all_species_cencus,"Brook Trout, Wild",MONTVILLE,3006,162992014,6,New London,-72.172,41.4293000000001
30048,16300,1994,Hop River,Quantified_Electrofishing_all_species_cencus,"Brook Trout, Wild",COVENTRY,3108,163001994,28,Tolland,-72.4089,41.7712000000001
30062,16300,2008,Hop River,Quantified_Electrofishing_all_species_cencus,"Brook Trout, Wild",COVENTRY,3108,163002008,6,Tolland,-72.4089,41.7712000000001
30084,16302,2008,Slater Brook,Quantified_Electrofishing_all_species_cencus,"Brook Trout, Wild",KILLINGLY,3404,163022008,29,Windham,-71.8352,41.8301000000001
30115,16304,2009,Quinebaug River,Quantified_Electrofishing_all_species_cencus,"Brook Trout, Wild",KILLINGLY,3700,163042009,1,Windham,-71.901,41.7809
30151,16305,2008,"Beaver Brook, tributary to",Quantified_Electrofishing_all_species_cencus,"Brook Trout, Wild",SCOTLAND,3802,163052008,36,Windham,-72.1066,41.7004000000001
30156,16306,1989,Carr Brook,Quantified_Electrofishing_all_species_cencus,"Brook Trout, Wild",PORTLAND,4012,163061989,27,Middlesex,-72.5619,41.6061
30157,16306,2008,Carr Brook,Quantified_Electrofishing_all_species_cencus,"Brook Trout, Wild",PORTLAND,4012,163062008,28,Middlesex,-72.5619,41.6061
30202,16311,2009,Reservoir Brook,Quantified_Electrofishing_all_species_cencus,"Brook Trout, Wild",PORTLAND,4011,163112009,1,Middlesex,-72.5998999999999,41.6089000000001
30214,16311,2012,Reservoir Brook,Quantified_Electrofishing_all_species_cencus,"Brook Trout, Wild",PORTLAND,4011,163112012,3,Middlesex,-72.5998999999999,41.6089000000001
30223,16311,2017,Reservoir Brook,Quantified_Electrofishing_all_species_cencus,"Brook Trout, Wild",PORTLAND,4011,163112017,3,Middlesex,-72.5998999999999,41.6089000000001
30230,16312,2012,Mad River,Quantified_Electrofishing_all_species_cencus,"Brook Trout, Wild",WINCHESTER,4302,163122012,4,Litchfield,-73.1285999999999,41.9458000000001
30237,16312,2017,Mad River,Quantified_Electrofishing_all_species_cencus,"Brook Trout, Wild",WINCHESTER,4302,163122017,3,Litchfield,-73.1285999999999,41.9458000000001
30246,16313,1988,Mad River,Quantified_Electrofishing_all_species_cencus,"Brook Trout, Wild",WINCHESTER,4302,163131988,4,Litchfield,-73.1444,41.9477000000001
30266,16313,2017,Mad River,Quantified_Electrofishing_all_species_cencus,"Brook Trout, Wild",WINCHESTER,4302,163132017,1,Litchfield,-73.1444,41.9477000000001
30275,16314,2008,Mill Brook,Quantified_Electrofishing_all_species_cencus,"Brook Trout, Wild",WINCHESTER,4302,163142008,4,Litchfield,-73.1129,41.9436000000001
30287,16316,2008,Jim Brook,Quantified_Electrofishing_all_species_cencus,"Brook Trout, Wild",CANTON,4312,163162008,13,Hartford,-72.8817,41.8377
30292,16316,2012,Jim Brook,Quantified_Electrofishing_all_species_cencus,"Brook Trout, Wild",CANTON,4312,163162012,36,Hartford,-72.8817,41.8377
30297,16316,2017,Jim Brook,Quantified_Electrofishing_all_species_cencus,"Brook Trout, Wild",CANTON,4312,163162017,13,Hartford,-72.8817,41.8377
30303,16317,2008,Coppermine Brook,Quantified_Electrofishing_all_species_cencus,"Brook Trout, Wild",BRISTOL,4314,163172008,36,Hartford,-72.9261,41.7137000000001
30370,16323,2011,Coginchaug River,Quantified_Electrofishing_all_species_cencus,"Brook Trout, Wild",MIDDLETOWN,4607,163232011,2,Middlesex,-72.6858,41.5394000000001
30403,16325,2009,Willow Brook,Quantified_Electrofishing_all_species_cencus,"Brook Trout, Wild",MERIDEN,5206,163252009,1,New Haven,-72.7707,41.5425000000001
30443,16328,1992,Stony Brook,Quantified_Electrofishing_all_species_cencus,"Brook Trout, Wild",KENT,6000,163281992,59,Litchfield,-73.4168999999999,41.7869000000001
30447,16328,2008,Stony Brook,Quantified_Electrofishing_all_species_cencus,"Brook Trout, Wild",KENT,6000,163282008,13,Litchfield,-73.4168999999999,41.7869000000001
30451,16329,2008,Naromiyocknowhusunkatankshunk Brook (FKA Morrisey),Quantified_Electrofishing_all_species_cencus,"Brook Trout, Wild",SHERMAN,6017,163292008,4,Fairfield,-73.4888999999999,41.6150000000001
30456,16329,2009,Naromiyocknowhusunkatankshunk Brook (FKA Morrisey),Quantified_Electrofishing_all_species_cencus,"Brook Trout, Wild",SHERMAN,6017,163292009,1,Fairfield,-73.4888999999999,41.6150000000001
30464,16330,2009,Naromiyocknowhusunkatankshunk Brook (FKA Morrisey),Quantified_Electrofishing_all_species_cencus,"Brook Trout, Wild",SHERMAN,6017,163302009,40,Fairfield,-73.49,41.5996000000001
30470,16330,2010,Naromiyocknowhusunkatankshunk Brook (FKA Morrisey),Quantified_Electrofishing_all_species_cencus,"Brook Trout, Wild",SHERMAN,6017,163302010,40,Fairfield,-73.49,41.5996000000001
30476,16330,2019,Naromiyocknowhusunkatankshunk Brook (FKA Morrisey),Quantified_Electrofishing_all_species_cencus,"Brook Trout, Wild",SHERMAN,6017,163302019,47,Fairfield,-73.49,41.5996000000001
30481,16331,2009,Sumner Brook,Quantified_Electrofishing_all_species_cencus,"Brook Trout, Wild",DURHAM,4013,163312009,5,Middlesex,-72.6375,41.4835
30484,16331,2012,Sumner Brook,Quantified_Electrofishing_all_species_cencus,"Brook Trout, Wild",DURHAM,4013,163312012,24,Middlesex,-72.6375,41.4835
30487,16331,2017,Sumner Brook,Quantified_Electrofishing_all_species_cencus,"Brook Trout, Wild",DURHAM,4013,163312017,6,Middlesex,-72.6375,41.4835
30510,16333,2009,Bullet Hill Brook,Quantified_Electrofishing_all_species_cencus,"Brook Trout, Wild",SOUTHBURY,6800,163332009,2,New Haven,-73.2205,41.4826
30529,16335,1991,Nonewaug River (Nonnewaug River),Quantified_Electrofishing_all_species_cencus,"Brook Trout, Wild",WOODBURY,6802,163351991,1,Litchfield,-73.1745,41.5783000000001
30548,16335,2008,Nonewaug River (Nonnewaug River),Quantified_Electrofishing_all_species_cencus,"Brook Trout, Wild",WOODBURY,6802,163352008,5,Litchfield,-73.1745,41.5783000000001
30564,16335,2011,Nonewaug River (Nonnewaug River),Quantified_Electrofishing_all_species_cencus,"Brook Trout, Wild",WOODBURY,6802,163352011,5,Litchfield,-73.1745,41.5783000000001
30595,16335,2019,Nonewaug River (Nonnewaug River),Quantified_Electrofishing_all_species_cencus,"Brook Trout, Wild",WOODBURY,6802,163352019,2,Litchfield,-73.1745,41.5783000000001
30632,16338,2009,West Branch Naugatuck River,Quantified_Electrofishing_all_species_cencus,"Brook Trout, Wild",TORRINGTON,6904,163382009,2,Litchfield,-73.1602,41.8561
30644,16338,2011,West Branch Naugatuck River,Quantified_Electrofishing_all_species_cencus,"Brook Trout, Wild",TORRINGTON,6904,163382011,1,Litchfield,-73.1602,41.8561
30689,16343,1993,Green Fall River,Quantified_Electrofishing_all_species_cencus,"Brook Trout, Wild",NORTH STONINGTON,1002,163431993,4,New London,-71.809,41.4523
30738,16348,2010,Dowd Hollow Brook,Quantified_Electrofishing_all_species_cencus,"Brook Trout, Wild",MADISON,5108,163482010,22,New Haven,-72.6611,41.3508
30743,16348,2012,Dowd Hollow Brook,Quantified_Electrofishing_all_species_cencus,"Brook Trout, Wild",MADISON,5108,163482012,4,New Haven,-72.6611,41.3508
30762,16366,2008,Beach Brook,Quantified_Electrofishing_all_species_cencus,"Brook Trout, Wild",HARTLAND,4300,163662008,26,Hartford,-73.0167,41.9831
30784,16368,2012,Bigelow Brook,Quantified_Electrofishing_all_species_cencus,"Brook Trout, Wild",MANCHESTER,4500,163682012,1,Hartford,-72.5529999999999,41.7846000000001
30794,16369,2008,Punch Brook,Quantified_Electrofishing_all_species_cencus,"Brook Trout, Wild",BURLINGTON,4311,163692008,7,Hartford,-72.9259,41.7815000000001
30804,16370,2010,Bunnell Brook,Quantified_Electrofishing_all_species_cencus,"Brook Trout, Wild",BURLINGTON,4311,163702010,1,Hartford,-72.963,41.7807
30811,16370,2011,Bunnell Brook,Quantified_Electrofishing_all_species_cencus,"Brook Trout, Wild",BURLINGTON,4311,163702011,1,Hartford,-72.963,41.7807
30820,16370,2013,Bunnell Brook,Quantified_Electrofishing_all_species_cencus,"Brook Trout, Wild",BURLINGTON,4311,163702013,1,Hartford,-72.963,41.7807
30825,16370,2016,Bunnell Brook,Quantified_Electrofishing_all_species_cencus,"Brook Trout, Wild",BURLINGTON,4311,163702016,3,Hartford,-72.963,41.7807
30829,16370,2018,Bunnell Brook,Quantified_Electrofishing_all_species_cencus,"Brook Trout, Wild",BURLINGTON,4311,163702018,3,Hartford,-72.963,41.7807
30836,16371,1988,Unionville Brook,Quantified_Electrofishing_all_species_cencus,"Brook Trout, Wild",FARMINGTON,4300,163711988,1,Hartford,-72.8949,41.7534000000001
30850,16371,2008,Unionville Brook,Quantified_Electrofishing_all_species_cencus,"Brook Trout, Wild",FARMINGTON,4300,163712008,2,Hartford,-72.8949,41.7534000000001
30859,16371,2012,Unionville Brook,Quantified_Electrofishing_all_species_cencus,"Brook Trout, Wild",FARMINGTON,4300,163712012,1,Hartford,-72.8949,41.7534000000001
30868,16372,2008,Dowd Hollow Brook,Quantified_Electrofishing_all_species_cencus,"Brook Trout, Wild",MADISON,5108,163722008,19,New Haven,-72.6595,41.3618000000001
30872,16373,2008,East Mountain Brook,Quantified_Electrofishing_all_species_cencus,"Brook Trout, Wild",NEW HARTFORD,4300,163732008,23,Litchfield,-72.9777999999999,41.8772000000001
30881,16373,2012,East Mountain Brook,Quantified_Electrofishing_all_species_cencus,"Brook Trout, Wild",NEW HARTFORD,4300,163732012,34,Litchfield,-72.9777999999999,41.8772000000001
30894,16375,2008,Dismal Brook,Quantified_Electrofishing_all_species_cencus,"Brook Trout, Wild",GRANBY,4320,163752008,2,Hartford,-72.8276,42.0156000000001
30904,16376,2008,Hop Brook,Quantified_Electrofishing_all_species_cencus,"Brook Trout, Wild",SIMSBURY,4318,163762008,8,Hartford,-72.8597,41.8747000000001
30912,16377,1988,Cherry Brook,Quantified_Electrofishing_all_species_cencus,"Brook Trout, Wild",CANTON,4309,163771988,128,Hartford,-72.8996,41.9080000000001
30922,16377,2008,Cherry Brook,Quantified_Electrofishing_all_species_cencus,"Brook Trout, Wild",CANTON,4309,163772008,12,Hartford,-72.8996,41.9080000000001
30929,16377,2012,Cherry Brook,Quantified_Electrofishing_all_species_cencus,"Brook Trout, Wild",CANTON,4309,163772012,17,Hartford,-72.8996,41.9080000000001
30936,16378,2008,"Cherry Brook, tributary to",Quantified_Electrofishing_all_species_cencus,"Brook Trout, Wild",CANTON,4309,163782008,6,Hartford,-72.8925,41.8982
30941,16379,2008,Barbour Brook,Quantified_Electrofishing_all_species_cencus,"Brook Trout, Wild",CANTON,4309,163792008,5,Hartford,-72.9132,41.8606
30959,16381,2008,Colebrook Brook,Quantified_Electrofishing_all_species_cencus,"Brook Trout, Wild",WINCHESTER,4302,163812008,21,Litchfield,-73.0909,41.9429000000001
30964,16381,2014,Colebrook Brook,Quantified_Electrofishing_all_species_cencus,"Brook Trout, Wild",WINCHESTER,4302,163812014,28,Litchfield,-73.0909,41.9429000000001
30969,16382,2008,Bakersville Brook,Quantified_Electrofishing_all_species_cencus,"Brook Trout, Wild",NEW HARTFORD,4310,163822008,26,Litchfield,-73.0449,41.8267000000001
30975,16383,2008,North Brook,Quantified_Electrofishing_all_species_cencus,"Brook Trout, Wild",NEW HARTFORD,4310,163832008,20,Litchfield,-73.0137,41.8465
30980,16383,2012,North Brook,Quantified_Electrofishing_all_species_cencus,"Brook Trout, Wild",NEW HARTFORD,4310,163832012,33,Litchfield,-73.0137,41.8465
30989,16385,1988,Beaver Brook,Quantified_Electrofishing_all_species_cencus,"Brook Trout, Wild",BARKHAMSTED,4308,163851988,22,Litchfield,-72.9754,41.9320000000001
30993,16385,2008,Beaver Brook,Quantified_Electrofishing_all_species_cencus,"Brook Trout, Wild",BARKHAMSTED,4308,163852008,14,Litchfield,-72.9754,41.9320000000001
30996,16385,2010,Beaver Brook,Quantified_Electrofishing_all_species_cencus,"Brook Trout, Wild",BARKHAMSTED,4308,163852010,25,Litchfield,-72.9754,41.9320000000001
31000,16385,2012,Beaver Brook,Quantified_Electrofishing_all_species_cencus,"Brook Trout, Wild",BARKHAMSTED,4308,163852012,82,Litchfield,-72.9754,41.9320000000001
31004,16386,2008,"Beaver Brook, tributary to",Quantified_Electrofishing_all_species_cencus,"Brook Trout, Wild",BARKHAMSTED,4308,163862008,7,Litchfield,-72.996,41.9509
31006,16387,2008,Hurricane Brook,Quantified_Electrofishing_all_species_cencus,"Brook Trout, Wild",HARTLAND,4308,163872008,9,Hartford,-72.9207,42.0330000000001
31007,16387,2011,Hurricane Brook,Quantified_Electrofishing_all_species_cencus,"Brook Trout, Wild",HARTLAND,4308,163872011,14,Hartford,-72.9207,42.0330000000001
31009,16387,2012,Hurricane Brook,Quantified_Electrofishing_all_species_cencus,"Brook Trout, Wild",HARTLAND,4308,163872012,29,Hartford,-72.9207,42.0330000000001
31011,16387,2014,Hurricane Brook,Quantified_Electrofishing_all_species_cencus,"Brook Trout, Wild",HARTLAND,4308,163872014,24,Hartford,-72.9207,42.0330000000001
31013,16388,2008,"Belden Brook, Unnamed Tributary To",Quantified_Electrofishing_all_species_cencus,"Brook Trout, Wild",HARTLAND,4320,163882008,10,Hartford,-72.8887999999999,42.0144000000001
31053,16393,1988,Taylor Brook,Quantified_Electrofishing_all_species_cencus,"Brook Trout, Wild",WINCHESTER,4302,163931988,235,Litchfield,-73.0979,41.8906000000001
31056,16393,2008,Taylor Brook,Quantified_Electrofishing_all_species_cencus,"Brook Trout, Wild",WINCHESTER,4302,163932008,24,Litchfield,-73.0979,41.8906000000001
31061,16394,2008,Naromiyocknowhusunkatankshunk Brook (FKA Morrisey),Quantified_Electrofishing_all_species_cencus,"Brook Trout, Wild",SHERMAN,6017,163942008,6,Fairfield,-73.4978,41.5958000000001
31095,16410,2012,Roaring Brook No 2,Quantified_Electrofishing_all_species_cencus,"Brook Trout, Wild",LYME,4016,164102012,3,New London,-72.4084,41.4244
31102,16410,2017,Roaring Brook No 2,Quantified_Electrofishing_all_species_cencus,"Brook Trout, Wild",LYME,4016,164102017,3,New London,-72.4084,41.4244
31113,16411,2009,Mill River,Quantified_Electrofishing_all_species_cencus,"Brook Trout, Wild",HAMDEN,5302,164112009,1,New Haven,-72.893,41.3893
31182,16416,1994,Delphi Brook,Quantified_Electrofishing_all_species_cencus,"Brook Trout, Wild",STAFFORD,3103,164161994,49,Tolland,-72.2517,42.0211
31189,16416,2009,Delphi Brook,Quantified_Electrofishing_all_species_cencus,"Brook Trout, Wild",STAFFORD,3103,164162009,35,Tolland,-72.2517,42.0211
31193,16416,2014,Delphi Brook,Quantified_Electrofishing_all_species_cencus,"Brook Trout, Wild",STAFFORD,3103,164162014,50,Tolland,-72.2517,42.0211
31197,16416,2023,Delphi Brook,Quantified_Electrofishing_all_species_cencus,"Brook Trout, Wild",STAFFORD,3103,164162023,76,Tolland,-72.2517,42.0211
31239,16425,1991,Pond Brook,Quantified_Electrofishing_all_species_cencus,"Brook Trout, Wild",NEWTOWN,6018,164251991,4,Fairfield,-73.3545,41.4432
31253,16431,1991,Sprain Brook,Quantified_Electrofishing_all_species_cencus,"Brook Trout, Wild",WOODBURY,6803,164311991,8,Litchfield,-73.2259,41.5696
31264,16431,2011,Sprain Brook,Quantified_Electrofishing_all_species_cencus,"Brook Trout, Wild",WOODBURY,6803,164312011,2,Litchfield,-73.2259,41.5696
31273,16431,2016,Sprain Brook,Quantified_Electrofishing_all_species_cencus,"Brook Trout, Wild",WOODBURY,6803,164312016,1,Litchfield,-73.2259,41.5696
31297,16440,2012,Fawn Brook,Quantified_Electrofishing_all_species_cencus,"Brook Trout, Wild",HEBRON,4706,164402012,3,Tolland,-72.3993,41.6483000000001
31302,16450,1994,Blackmore Brook,Quantified_Electrofishing_all_species_cencus,"Brook Trout, Wild",THOMPSON,3400,164501994,1,Windham,-71.8136,41.95
31310,16451,1994,Mill Brook,Quantified_Electrofishing_all_species_cencus,"Brook Trout, Wild",WOODSTOCK,3707,164511994,1,Windham,-71.9594999999999,41.9375000000001
31326,16454,1990,Fiberoptics,Quantified_Electrofishing_all_species_cencus,"Brook Trout, Wild",POMFRET,3709,164541990,85,Windham,-71.9748,41.8974000000001
31337,16459,2008,Blackwell Brook,Quantified_Electrofishing_all_species_cencus,"Brook Trout, Wild",BROOKLYN,3711,164592008,7,Windham,-71.9564999999999,41.7653
31348,16467,1989,Abbey Brook,Quantified_Electrofishing_all_species_cencus,"Brook Trout, Wild",SOMERS,4204,164671989,28,Tolland,-72.4707999999999,41.9703000000001
31359,16467,2023,Abbey Brook,Quantified_Electrofishing_all_species_cencus,"Brook Trout, Wild",SOMERS,4204,164672023,9,Tolland,-72.4707999999999,41.9703000000001
31375,16469,1994,Aborn Brook,Quantified_Electrofishing_all_species_cencus,"Brook Trout, Wild",ELLINGTON,3101,164691994,79,Tolland,-72.3674999999999,41.9308
31381,16469,2018,Aborn Brook,Quantified_Electrofishing_all_species_cencus,"Brook Trout, Wild",ELLINGTON,3101,164692018,8,Tolland,-72.3674999999999,41.9308
31389,16470,1989,Allyn Brook,Quantified_Electrofishing_all_species_cencus,"Brook Trout, Wild",DURHAM,4605,164701989,3,Middlesex,-72.6822,41.4728000000001
31400,16470,2012,Allyn Brook,Quantified_Electrofishing_all_species_cencus,"Brook Trout, Wild",DURHAM,4605,164702012,2,Middlesex,-72.6822,41.4728000000001
31411,16471,1994,Angell Brook,Quantified_Electrofishing_all_species_cencus,"Brook Trout, Wild",PLAINFIELD,3500,164711994,4,Windham,-71.9125,41.7211
31416,16471,2023,Angell Brook,Quantified_Electrofishing_all_species_cencus,"Brook Trout, Wild",PLAINFIELD,3500,164712023,1,Windham,-71.9125,41.7211
31423,16472,1993,Anguilla Brook,Quantified_Electrofishing_all_species_cencus,"Brook Trout, Wild",STONINGTON,2101,164721993,30,New London,-71.8749999999999,41.3822000000001
31444,16473,1990,Arrigoni Pond Outflow,Quantified_Electrofishing_all_species_cencus,"Brook Trout, Wild",KILLINGWORTH,5106,164731990,2,Middlesex,-72.6442,41.4389
31461,16474,1993,Ashaway River,Quantified_Electrofishing_all_species_cencus,"Brook Trout, Wild",NORTH STONINGTON,1003,164741993,18,New London,-71.7977999999999,41.4395000000001
31473,16475,1993,Ashwillet Brook,Quantified_Electrofishing_all_species_cencus,"Brook Trout, Wild",NORTH STONINGTON,3605,164751993,18,New London,-71.8914,41.5111000000001
31480,16476,1989,Asmun Brook,Quantified_Electrofishing_all_species_cencus,"Brook Trout, Wild",DURHAM,4606,164761989,8,Middlesex,-72.7257999999999,41.4747
31482,16476,2023,Asmun Brook,Quantified_Electrofishing_all_species_cencus,"Brook Trout, Wild",DURHAM,4606,164762023,36,Middlesex,-72.7257999999999,41.4747
31488,16477,1990,Aspetuck River,Quantified_Electrofishing_all_species_cencus,"Brook Trout, Wild",WESTPORT,7202,164771990,2,Fairfield,-73.3439,41.1839000000001
31504,16478,1990,Aspetuck River,Quantified_Electrofishing_all_species_cencus,"Brook Trout, Wild",NEWTOWN,7202,164781990,13,Fairfield,-73.3389,41.3453000000001
31520,16482,1992,Ball Brook,Quantified_Electrofishing_all_species_cencus,"Brook Trout, Wild",SALISBURY,6006,164821992,11,Litchfield,-73.4308,42.0172000000001
31530,16484,1993,Ballymahack Brook,Quantified_Electrofishing_all_species_cencus,"Brook Trout, Wild",WINDHAM,3801,164841993,98,Windham,-72.1444,41.7144000000001
31533,16484,2010,Ballymahack Brook,Quantified_Electrofishing_all_species_cencus,"Brook Trout, Wild",WINDHAM,3801,164842010,8,Windham,-72.1444,41.7144000000001
31570,16489,1988,Beach Brook,Quantified_Electrofishing_all_species_cencus,"Brook Trout, Wild",GRANBY,4319,164891988,171,Hartford,-72.8527999999999,41.9461000000001
31573,16491,1992,BEAR SWAMP OUTFLOW,Quantified_Electrofishing_all_species_cencus,"Brook Trout, Wild",GOSHEN,6700,164911992,24,Litchfield,-73.2742,41.8022
31583,16492,1991,Beaver Brook,Quantified_Electrofishing_all_species_cencus,"Brook Trout, Wild",ANSONIA,6900,164921991,7,New Haven,-73.0647,41.3592
31592,16492,2011,Beaver Brook,Quantified_Electrofishing_all_species_cencus,"Brook Trout, Wild",ANSONIA,6900,164922011,4,New Haven,-73.0647,41.3592
31606,16494,1993,Beaver Brook,Quantified_Electrofishing_all_species_cencus,"Brook Trout, Wild",SCOTLAND,3802,164941993,2,Windham,-72.1113999999999,41.6903
31619,16495,1993,Beaver Brook,Quantified_Electrofishing_all_species_cencus,"Brook Trout, Wild",FRANKLIN,3804,164951993,2,New London,-72.1364,41.6319
31635,16496,1993,Beaver Brook,Quantified_Electrofishing_all_species_cencus,"Brook Trout, Wild",SPRAGUE,3804,164961993,10,New London,-72.085,41.6158
31668,16498,1992,Beebe Brook,Quantified_Electrofishing_all_species_cencus,"Brook Trout, Wild",SHARON,6302,164981992,12,Litchfield,-73.4786,41.8353000000001
31672,16498,2010,Beebe Brook,Quantified_Electrofishing_all_species_cencus,"Brook Trout, Wild",SHARON,6302,164982010,7,Litchfield,-73.4786,41.8353000000001
31694,16500,1989,Belcher Brook,Quantified_Electrofishing_all_species_cencus,"Brook Trout, Wild",BERLIN,4601,165001989,1,Hartford,-72.7594,41.607
31701,16501,1988,Belden Brook,Quantified_Electrofishing_all_species_cencus,"Brook Trout, Wild",HARTLAND,4320,165011988,184,Hartford,-72.8774999999999,42.0122000000001
31706,16502,1988,Belden Brook,Quantified_Electrofishing_all_species_cencus,"Brook Trout, Wild",GRANBY,4320,165021988,11,Hartford,-72.8507999999999,42.0056000000001
31714,16502,2012,Belden Brook,Quantified_Electrofishing_all_species_cencus,"Brook Trout, Wild",GRANBY,4320,165022012,125,Hartford,-72.8507999999999,42.0056000000001
31721,16502,2016,Belden Brook,Quantified_Electrofishing_all_species_cencus,"Brook Trout, Wild",GRANBY,4320,165022016,39,Hartford,-72.8507999999999,42.0056000000001
31728,16504,1994,Bennett Brook,Quantified_Electrofishing_all_species_cencus,"Brook Trout, Wild",CANTERBURY,3714,165041994,4,Windham,-72.0117,41.7117000000001
31734,16505,2012,Bible Rock Brook,Quantified_Electrofishing_all_species_cencus,"Brook Trout, Wild",HADDAM,4014,165052012,4,Middlesex,-72.6064,41.4975000000001
31739,16506,1989,Bigelow Brook,Quantified_Electrofishing_all_species_cencus,"Brook Trout, Wild",EAST HAMPTON,4700,165061989,20,Middlesex,-72.4467,41.5489000000001
31741,16506,2018,Bigelow Brook,Quantified_Electrofishing_all_species_cencus,"Brook Trout, Wild",EAST HAMPTON,4700,165062018,1,Middlesex,-72.4467,41.5489000000001
31755,16508,1994,"Bigelow Brook, tributary to",Quantified_Electrofishing_all_species_cencus,"Brook Trout, Wild",EASTFORD,3203,165081994,7,Windham,-72.1369,41.9172
31757,16509,1994,"Bigelow Pond, tributary to",Quantified_Electrofishing_all_species_cencus,"Brook Trout, Wild",UNION,3203,165091994,14,Tolland,-72.128,41.9947000000001
31760,16510,1993,Billings Avery Brook,Quantified_Electrofishing_all_species_cencus,"Brook Trout, Wild",LEDYARD,3000,165101993,5,New London,-72.0477999999999,41.4533000000001
31765,16511,1993,Billings Brook,Quantified_Electrofishing_all_species_cencus,"Brook Trout, Wild",GRISWOLD,3605,165111993,11,New London,-71.8808,41.5242000000001
31767,16512,1989,Birch Mountain Brook,Quantified_Electrofishing_all_species_cencus,"Brook Trout, Wild",MANCHESTER,4504,165121989,7,Hartford,-72.5028,41.7619
31773,16512,2011,Birch Mountain Brook,Quantified_Electrofishing_all_species_cencus,"Brook Trout, Wild",MANCHESTER,4504,165122011,10,Hartford,-72.5028,41.7619
31799,16517,1989,Blackledge River,Quantified_Electrofishing_all_species_cencus,"Brook Trout, Wild",MARLBOROUGH,4707,165171989,1,Hartford,-72.4611,41.6678000000001
31821,16518,1989,Blackledge River,Quantified_Electrofishing_all_species_cencus,"Brook Trout, Wild",COLCHESTER,4707,165181989,3,New London,-72.4213999999999,41.5858000000001
31837,16519,1990,Blackmans Pond Brook,Quantified_Electrofishing_all_species_cencus,"Brook Trout, Wild",REDDING,7200,165191990,8,Fairfield,-73.4269,41.3208000000001
31858,16521,1993,Blissville Brook,Quantified_Electrofishing_all_species_cencus,"Brook Trout, Wild",LISBON,3800,165211993,5,New London,-72.0266999999999,41.5789
31874,16522,1993,Bliven Brook,Quantified_Electrofishing_all_species_cencus,"Brook Trout, Wild",VOLUNTOWN,3600,165221993,16,New London,-71.8244,41.5733000000001
31875,16522,2023,Bliven Brook,Quantified_Electrofishing_all_species_cencus,"Brook Trout, Wild",VOLUNTOWN,3600,165222023,11,New London,-71.8244,41.5733000000001
31882,16524,1992,Bog Hollow Brook,Quantified_Electrofishing_all_species_cencus,"Brook Trout, Wild",KENT,6014,165241992,9,Litchfield,-73.4961,41.7414000000001
31896,16525,1992,Bonney Brook,Quantified_Electrofishing_all_species_cencus,"Brook Trout, Wild",CORNWALL,6000,165251992,43,Litchfield,-73.3733,41.8133
31898,16525,2011,Bonney Brook,Quantified_Electrofishing_all_species_cencus,"Brook Trout, Wild",CORNWALL,6000,165252011,6,Litchfield,-73.3733,41.8133
31901,16525,2018,Bonney Brook,Quantified_Electrofishing_all_species_cencus,"Brook Trout, Wild",CORNWALL,6000,165252018,14,Litchfield,-73.3733,41.8133
31903,16526,1991,Boys Halfway River,Quantified_Electrofishing_all_species_cencus,"Brook Trout, Wild",MONROE,6000,165261991,164,Fairfield,-73.1794,41.3764
31907,16527,1992,Bradford Brook,Quantified_Electrofishing_all_species_cencus,"Brook Trout, Wild",CORNWALL,6200,165271992,61,Litchfield,-73.2766999999999,41.8889
31909,16527,2011,Bradford Brook,Quantified_Electrofishing_all_species_cencus,"Brook Trout, Wild",CORNWALL,6200,165272011,20,Litchfield,-73.2766999999999,41.8889
31911,16527,2023,Bradford Brook,Quantified_Electrofishing_all_species_cencus,"Brook Trout, Wild",CORNWALL,6200,165272023,23,Litchfield,-73.2766999999999,41.8889
31921,16528,1990,Branch Brook,Quantified_Electrofishing_all_species_cencus,"Brook Trout, Wild",GUILFORD,5110,165281990,101,New Haven,-72.72126,41.3957790000001
31930,16528,2013,Branch Brook,Quantified_Electrofishing_all_species_cencus,"Brook Trout, Wild",GUILFORD,5110,165282013,101,New Haven,-72.72126,41.3957790000001
31937,16529,1994,Brandy Brook,Quantified_Electrofishing_all_species_cencus,"Brook Trout, Wild",STAFFORD,3104,165291994,35,Tolland,-72.2614,41.9431000000001
31945,16530,1990,Broad Brook,Quantified_Electrofishing_all_species_cencus,"Brook Trout, Wild",CHESHIRE,5204,165301990,61,New Haven,-72.8711,41.4853000000001
31952,16531,1993,Broad Brook,Quantified_Electrofishing_all_species_cencus,"Brook Trout, Wild",PRESTON,3716,165311993,8,New London,-71.9743999999999,41.5528
31965,16532,1994,Browns Brook,Quantified_Electrofishing_all_species_cencus,"Brook Trout, Wild",UNION,3701,165321994,33,Tolland,-72.1738999999999,42.0111000000001
31971,16532,2011,Browns Brook,Quantified_Electrofishing_all_species_cencus,"Brook Trout, Wild",UNION,3701,165322011,14,Tolland,-72.1738999999999,42.0111000000001
31972,16533,1994,"Browns Brook, tributary to",Quantified_Electrofishing_all_species_cencus,"Brook Trout, Wild",UNION,3701,165331994,37,Tolland,-72.1733,42.0081000000001
31973,16533,2018,"Browns Brook, tributary to",Quantified_Electrofishing_all_species_cencus,"Brook Trout, Wild",UNION,3701,165332018,27,Tolland,-72.1733,42.0081000000001
31979,16535,1989,Buck Brook,Quantified_Electrofishing_all_species_cencus,"Brook Trout, Wild",PORTLAND,4011,165351989,48,Middlesex,-72.5579999999999,41.6228
31983,16535,2007,Buck Brook,Quantified_Electrofishing_all_species_cencus,"Brook Trout, Wild",PORTLAND,4011,165352007,61,Middlesex,-72.5579999999999,41.6228
31984,16535,2012,Buck Brook,Quantified_Electrofishing_all_species_cencus,"Brook Trout, Wild",PORTLAND,4011,165352012,61,Middlesex,-72.5579999999999,41.6228
31987,16535,2018,Buck Brook,Quantified_Electrofishing_all_species_cencus,"Brook Trout, Wild",PORTLAND,4011,165352018,33,Middlesex,-72.5579999999999,41.6228
31990,16536,1991,Bullymuck Brook,Quantified_Electrofishing_all_species_cencus,"Brook Trout, Wild",NEW MILFORD,6000,165361991,16,Litchfield,-73.4611,41.5894000000001
32020,16539,1988,Bunnell Brook,Quantified_Electrofishing_all_species_cencus,"Brook Trout, Wild",BURLINGTON,4311,165391988,15,Hartford,-72.9817,41.7761
32037,16541,1994,Burnap Brook,Quantified_Electrofishing_all_species_cencus,"Brook Trout, Wild",ANDOVER,3107,165411994,21,Tolland,-72.3992,41.7445000000001
32045,16541,2023,Burnap Brook,Quantified_Electrofishing_all_species_cencus,"Brook Trout, Wild",ANDOVER,3107,165412023,21,Tolland,-72.3992,41.7445000000001
32049,16542,1992,Burton Brook,Quantified_Electrofishing_all_species_cencus,"Brook Trout, Wild",SALISBURY,6005,165421992,53,Litchfield,-73.4539,41.9667000000001
32058,16542,2023,Burton Brook,Quantified_Electrofishing_all_species_cencus,"Brook Trout, Wild",SALISBURY,6005,165422023,11,Litchfield,-73.4539,41.9667000000001
32067,16544,1994,Bush Meadow Brook,Quantified_Electrofishing_all_species_cencus,"Brook Trout, Wild",UNION,3203,165441994,13,Tolland,-72.1486,41.9747
32073,16545,1992,Butternut Brook,Quantified_Electrofishing_all_species_cencus,"Brook Trout, Wild",LITCHFIELD,6704,165451992,2,Litchfield,-73.2191999999999,41.7419
32120,16548,1994,Buttonball Brook,Quantified_Electrofishing_all_species_cencus,"Brook Trout, Wild",CHAPLIN,3200,165481994,17,Windham,-72.1274999999999,41.7694000000001
32126,16548,2018,Buttonball Brook,Quantified_Electrofishing_all_species_cencus,"Brook Trout, Wild",CHAPLIN,3200,165482018,12,Windham,-72.1274999999999,41.7694000000001
32128,16548,2019,Buttonball Brook,Quantified_Electrofishing_all_species_cencus,"Brook Trout, Wild",CHAPLIN,3200,165482019,8,Windham,-72.1274999999999,41.7694000000001
32131,16549,1993,Byron Brook,Quantified_Electrofishing_all_species_cencus,"Brook Trout, Wild",NORWICH,3800,165491993,11,New London,-72.0611,41.6067
32147,16551,2015,Cady Brook,Quantified_Electrofishing_all_species_cencus,"Brook Trout, Wild",PUTNAM,3403,165512015,3,Windham,-71.8144,41.9047
32161,16553,2012,Candlewood Hill Brook,Quantified_Electrofishing_all_species_cencus,"Brook Trout, Wild",HADDAM,4014,165532012,2,Middlesex,-72.5968999999999,41.4733000000001
32164,16554,1991,"Candlewood Lake, tributary to",Quantified_Electrofishing_all_species_cencus,"Brook Trout, Wild",SHERMAN,6400,165541991,31,Fairfield,-73.4872,41.5622000000001
32169,16555,1991,"Canldewood Lake, tributary to (Prison)",Quantified_Electrofishing_all_species_cencus,"Brook Trout, Wild",DANBURY,6400,165551991,3,Fairfield,-73.4594,41.4389
32177,16556,1989,Carr Brook,Quantified_Electrofishing_all_species_cencus,"Brook Trout, Wild",PORTLAND,4012,165561989,2,Middlesex,-72.5771999999999,41.6022
32206,16560,1991,Cavanaugh Brook,Quantified_Electrofishing_all_species_cencus,"Brook Trout, Wild",NEWTOWN,6000,165601991,1,Fairfield,-73.3038999999999,41.4436000000001
32215,16561,1993,Cedar Swamp Brook,Quantified_Electrofishing_all_species_cencus,"Brook Trout, Wild",HAMPTON,3805,165611993,1,Windham,-72.0527999999999,41.7633000000001
32224,16562,1994,Cedar Swamp Brook,Quantified_Electrofishing_all_species_cencus,"Brook Trout, Wild",STERLING,3500,165621994,28,Windham,-71.8228,41.6967000000001
32239,16564,1994,Cedar Swamp Brook,Quantified_Electrofishing_all_species_cencus,"Brook Trout, Wild",MANSFIELD,3100,165641994,2,Tolland,-72.2843999999999,41.8089000000001
32248,16565,1994,Cemetery Brook,Quantified_Electrofishing_all_species_cencus,"Brook Trout, Wild",POMFRET,3710,165651994,150,Windham,-72.0221999999999,41.8797000000001
32251,16565,2023,Cemetery Brook,Quantified_Electrofishing_all_species_cencus,"Brook Trout, Wild",POMFRET,3710,165652023,43,Windham,-72.0221999999999,41.8797000000001
32259,16567,1989,Charters Brook,Quantified_Electrofishing_all_species_cencus,"Brook Trout, Wild",TOLLAND,4501,165671989,10,Tolland,-72.4156,41.9006000000001
32323,16572,1993,Choate Brook,Quantified_Electrofishing_all_species_cencus,"Brook Trout, Wild",PRESTON,3717,165721993,1,New London,-72.0135999999999,41.5522
32352,16574,1994,Clough Brook,Quantified_Electrofishing_all_species_cencus,"Brook Trout, Wild",TOLLAND,3106,165741994,21,Tolland,-72.3663999999999,41.8764
32358,16577,1989,Cold Brook,Quantified_Electrofishing_all_species_cencus,"Brook Trout, Wild",GLASTONBURY,4008,165771989,63,Hartford,-72.5402999999999,41.6644000000001
32378,16579,1993,cold brook,Quantified_Electrofishing_all_species_cencus,"Brook Trout, Wild",WINDHAM,3800,165791993,96,Windham,-72.1467,41.6658
32391,16581,1994,Cold Spring Brook,Quantified_Electrofishing_all_species_cencus,"Brook Trout, Wild",BROOKLYN,3711,165811994,5,Windham,-71.9442,41.7589
32395,16582,1988,Colebrook Brook,Quantified_Electrofishing_all_species_cencus,"Brook Trout, Wild",WINCHESTER,4302,165821988,70,Litchfield,-73.0955999999999,41.9472000000001
32401,16583,1990,Comstock Brook,Quantified_Electrofishing_all_species_cencus,"Brook Trout, Wild",WILTON,7301,165831990,19,Fairfield,-73.4621999999999,41.2125
32413,16583,2013,Comstock Brook,Quantified_Electrofishing_all_species_cencus,"Brook Trout, Wild",WILTON,7301,165832013,8,Fairfield,-73.4621999999999,41.2125
32420,16583,2014,Comstock Brook,Quantified_Electrofishing_all_species_cencus,"Brook Trout, Wild",WILTON,7301,165832014,8,Fairfield,-73.4621999999999,41.2125
32425,16584,1994,Conant Brook,Quantified_Electrofishing_all_species_cencus,"Brook Trout, Wild",WILLINGTON,3100,165841994,15,Tolland,-72.2904,41.8734000000001
32433,16585,1994,Cone Brook,Quantified_Electrofishing_all_species_cencus,"Brook Trout, Wild",CANTERBURY,3700,165851994,4,Windham,-71.9772,41.6650000000001
32455,16589,1988,Coppermine Brook,Quantified_Electrofishing_all_species_cencus,"Brook Trout, Wild",BRISTOL,4314,165891988,11,Hartford,-72.9243999999999,41.7128000000001
32463,16590,1988,Coppermine Brook,Quantified_Electrofishing_all_species_cencus,"Brook Trout, Wild",BRISTOL,4314,165901988,1,Hartford,-72.9183,41.705
32472,16592,1993,Cory Brook,Quantified_Electrofishing_all_species_cencus,"Brook Trout, Wild",CANTERBURY,3715,165921993,4,Windham,-71.9804999999999,41.64
32498,16594,1993,Cranberry Meadow Brook,Quantified_Electrofishing_all_species_cencus,"Brook Trout, Wild",EAST LYME,2202,165941993,114,New London,-72.2257079999999,41.405177
32506,16594,2010,Cranberry Meadow Brook,Quantified_Electrofishing_all_species_cencus,"Brook Trout, Wild",EAST LYME,2202,165942010,67,New London,-72.2257079999999,41.405177
32514,16594,2012,Cranberry Meadow Brook,Quantified_Electrofishing_all_species_cencus,"Brook Trout, Wild",EAST LYME,2202,165942012,22,New London,-72.2257079999999,41.405177
32519,16594,2013,Cranberry Meadow Brook,Quantified_Electrofishing_all_species_cencus,"Brook Trout, Wild",EAST LYME,2202,165942013,25,New London,-72.2257079999999,41.405177
32526,16595,1989,Cream Pot Brook,Quantified_Electrofishing_all_species_cencus,"Brook Trout, Wild",DURHAM,4607,165951989,48,Middlesex,-72.6711,41.4522000000001
32530,16595,2012,Cream Pot Brook,Quantified_Electrofishing_all_species_cencus,"Brook Trout, Wild",DURHAM,4607,165952012,25,Middlesex,-72.6711,41.4522000000001
32542,16597,1990,Crooked Brook,Quantified_Electrofishing_all_species_cencus,"Brook Trout, Wild",NORTH BRANFORD,5111,165971990,95,New Haven,-72.7655999999999,41.3717
32546,16598,1994,Crooked Brook,Quantified_Electrofishing_all_species_cencus,"Brook Trout, Wild",STERLING,3500,165981994,13,Windham,-71.8097,41.6978
32553,16599,1991,Cross Brook,Quantified_Electrofishing_all_species_cencus,"Brook Trout, Wild",NEW MILFORD,6000,165991991,5,Litchfield,-73.3969,41.5925
32568,16601,1994,Curtis Brook,Quantified_Electrofishing_all_species_cencus,"Brook Trout, Wild",WILLINGTON,3207,166011994,20,Tolland,-72.2333,41.8878
32574,16601,2018,Curtis Brook,Quantified_Electrofishing_all_species_cencus,"Brook Trout, Wild",WILLINGTON,3207,166012018,4,Tolland,-72.2333,41.8878
32578,16602,1989,Dark Hollow Brook,Quantified_Electrofishing_all_species_cencus,"Brook Trout, Wild",GLASTONBURY,4008,166021989,44,Hartford,-72.5203,41.6611
32579,16602,2023,Dark Hollow Brook,Quantified_Electrofishing_all_species_cencus,"Brook Trout, Wild",GLASTONBURY,4008,166022023,21,Hartford,-72.5203,41.6611
32608,16605,1989,Deep River,Quantified_Electrofishing_all_species_cencus,"Brook Trout, Wild",DEEP RIVER,4018,166051989,1,Middlesex,-72.4822,41.3717
32617,16606,1993,Deep River,Quantified_Electrofishing_all_species_cencus,"Brook Trout, Wild",LEBANON,3904,166061993,13,New London,-72.2417,41.5575000000001
32621,16607,1993,Deep River,Quantified_Electrofishing_all_species_cencus,"Brook Trout, Wild",COLCHESTER,3904,166071993,58,New London,-72.2728,41.5325
32637,16609,1993,Denison Brook,Quantified_Electrofishing_all_species_cencus,"Brook Trout, Wild",VOLUNTOWN,3603,166091993,183,New London,-71.8421999999999,41.5486000000001
32638,16609,2010,Denison Brook,Quantified_Electrofishing_all_species_cencus,"Brook Trout, Wild",VOLUNTOWN,3603,166092010,106,New London,-71.8421999999999,41.5486000000001
32640,16609,2023,Denison Brook,Quantified_Electrofishing_all_species_cencus,"Brook Trout, Wild",VOLUNTOWN,3603,166092023,45,New London,-71.8421999999999,41.5486000000001
32644,16610,1992,Denman Brook,Quantified_Electrofishing_all_species_cencus,"Brook Trout, Wild",NEW MILFORD,6500,166101992,28,Litchfield,-73.4299999999999,41.6631
32648,16610,2015,Denman Brook,Quantified_Electrofishing_all_species_cencus,"Brook Trout, Wild",NEW MILFORD,6500,166102015,3,Litchfield,-73.4299999999999,41.6631
32652,16610,2019,Denman Brook,Quantified_Electrofishing_all_species_cencus,"Brook Trout, Wild",NEW MILFORD,6500,166102019,2,Litchfield,-73.4299999999999,41.6631
32671,16612,1988,Dividend Brook,Quantified_Electrofishing_all_species_cencus,"Brook Trout, Wild",ROCKY HILL,4000,166121988,6,Hartford,-72.6417,41.6419000000001
32675,16613,1993,Donahue Brook,Quantified_Electrofishing_all_species_cencus,"Brook Trout, Wild",STONINGTON,2101,166131993,6,New London,-71.8958,41.3542
32687,16615,1992,Drake Pond Brook,Quantified_Electrofishing_all_species_cencus,"Brook Trout, Wild",TORRINGTON,6904,166151992,40,Litchfield,-73.1611,41.8514000000001
32723,16618,1994,East Branch Mount Hope River,Quantified_Electrofishing_all_species_cencus,"Brook Trout, Wild",ASHFORD,3206,166181994,11,Windham,-72.1614,41.8936
32732,16619,2023,East Branch Mount Hope River (Boston Hollow Road Brook),Quantified_Electrofishing_all_species_cencus,"Brook Trout, Wild",ASHFORD,3206,166192023,3,Windham,-72.1683,41.9231
32775,16623,1992,East Branch Leadmine Brook,Quantified_Electrofishing_all_species_cencus,"Brook Trout, Wild",NEW HARTFORD,6908,166231992,31,Litchfield,-73.0638999999999,41.8056
32781,16623,2013,East Branch Leadmine Brook,Quantified_Electrofishing_all_species_cencus,"Brook Trout, Wild",NEW HARTFORD,6908,166232013,21,Litchfield,-73.0638999999999,41.8056
32786,16623,2019,East Branch Leadmine Brook,Quantified_Electrofishing_all_species_cencus,"Brook Trout, Wild",NEW HARTFORD,6908,166232019,6,Litchfield,-73.0638999999999,41.8056
32793,16624,1992,East Branch Naugatuck River,Quantified_Electrofishing_all_species_cencus,"Brook Trout, Wild",TORRINGTON,6905,166241992,10,Litchfield,-73.1197,41.8308000000001
32837,16626,1992,East Branch Naugatuck River,Quantified_Electrofishing_all_species_cencus,"Brook Trout, Wild",TORRINGTON,6905,166261992,2,Litchfield,-73.1204999999999,41.8097000000001
32862,16628,1988,East Branch Salmon Brook,Quantified_Electrofishing_all_species_cencus,"Brook Trout, Wild",GRANBY,4320,166281988,80,Hartford,-72.8618999999999,42.0292000000001
32867,16629,1988,East Branch Salmon Brook,Quantified_Electrofishing_all_species_cencus,"Brook Trout, Wild",GRANBY,4320,166291988,4,Hartford,-72.8475,42.0203000000001
32872,16630,1992,East Branch Shepaug River,Quantified_Electrofishing_all_species_cencus,"Brook Trout, Wild",GOSHEN,6700,166301992,22,Litchfield,-73.2803,41.8336
32875,16630,2019,East Branch Shepaug River,Quantified_Electrofishing_all_species_cencus,"Brook Trout, Wild",GOSHEN,6700,166302019,38,Litchfield,-73.2803,41.8336
32890,16633,1991,East Spring Brook,Quantified_Electrofishing_all_species_cencus,"Brook Trout, Wild",BETHLEHEM,6801,166331991,3,Litchfield,-73.1854999999999,41.6361000000001
32896,16634,1990,Eaton Brook,Quantified_Electrofishing_all_species_cencus,"Brook Trout, Wild",HAMDEN,5302,166341990,21,New Haven,-72.9206,41.4222
32935,16638,1991,Eightmile Brook,Quantified_Electrofishing_all_species_cencus,"Brook Trout, Wild",OXFORD,6023,166381991,9,New Haven,-73.16,41.4189000000001
32959,16639,1994,Eldridge Brook,Quantified_Electrofishing_all_species_cencus,"Brook Trout, Wild",WILLINGTON,3207,166391994,67,Tolland,-72.2454999999999,41.8481
32970,16639,2023,Eldridge Brook,Quantified_Electrofishing_all_species_cencus,"Brook Trout, Wild",WILLINGTON,3207,166392023,5,Tolland,-72.2454999999999,41.8481
32976,16640,2007,Elisha Brook,Quantified_Electrofishing_all_species_cencus,"Brook Trout, Wild",FRANKLIN,3900,166402007,3,New London,-72.1253,41.5647000000001
32979,16641,1994,Ellis Brook,Quantified_Electrofishing_all_species_cencus,"Brook Trout, Wild",STAFFORD,3101,166411994,35,Tolland,-72.3633,41.9836000000001
32986,16642,1993,Exeter Brook,Quantified_Electrofishing_all_species_cencus,"Brook Trout, Wild",LEBANON,3901,166421993,14,New London,-72.2599999999999,41.5956
33007,16645,1993,Falls Brook,Quantified_Electrofishing_all_species_cencus,"Brook Trout, Wild",MONTVILLE,3005,166451993,26,New London,-72.1194,41.4745
33013,16645,2013,Falls Brook,Quantified_Electrofishing_all_species_cencus,"Brook Trout, Wild",MONTVILLE,3005,166452013,5,New London,-72.1194,41.4745
33018,16645,2018,Falls Brook,Quantified_Electrofishing_all_species_cencus,"Brook Trout, Wild",MONTVILLE,3005,166452018,5,New London,-72.1194,41.4745
33024,16646,1989,Falls River,Quantified_Electrofishing_all_species_cencus,"Brook Trout, Wild",WESTBROOK,4019,166461989,4,Middlesex,-72.458,41.3322000000001
33046,16648,1990,Farm River,Quantified_Electrofishing_all_species_cencus,"Brook Trout, Wild",NORTH BRANFORD,5112,166481990,2,New Haven,-72.7581,41.4089000000001
33075,16650,1991,Farmill River,Quantified_Electrofishing_all_species_cencus,"Brook Trout, Wild",SHELTON,6025,166501991,2,Fairfield,-73.2030999999999,41.3008
33117,16655,1991,Fenn Brook,Quantified_Electrofishing_all_species_cencus,"Brook Trout, Wild",WATERTOWN,6910,166551991,6,Litchfield,-73.1333,41.6553000000001
33127,16656,1991,Fenn Brook,Quantified_Electrofishing_all_species_cencus,"Brook Trout, Wild",ROXBURY,6700,166561991,5,Litchfield,-73.3255,41.5669
33163,16657,2013,Fenton River,Quantified_Electrofishing_all_species_cencus,"Brook Trout, Wild",MANSFIELD,3207,166572013,2,Tolland,-72.2030999999999,41.7831
33174,16657,2014,Fenton River,Quantified_Electrofishing_all_species_cencus,"Brook Trout, Wild",MANSFIELD,3207,166572014,15,Tolland,-72.2030999999999,41.7831
33187,16658,1994,"Fenton River, tributary to",Quantified_Electrofishing_all_species_cencus,"Brook Trout, Wild",MANSFIELD,3207,166581994,14,Tolland,-72.2275,41.8031
33189,16659,1994,"Fenton River, tributary to",Quantified_Electrofishing_all_species_cencus,"Brook Trout, Wild",MANSFIELD,3207,166591994,24,Tolland,-72.2019,41.8070000000001
33191,16659,2023,"Fenton River, tributary to",Quantified_Electrofishing_all_species_cencus,"Brook Trout, Wild",MANSFIELD,3207,166592023,12,Tolland,-72.2019,41.8070000000001
33199,16661,1993,Fishtown Brook,Quantified_Electrofishing_all_species_cencus,"Brook Trout, Wild",GROTON,2000,166611993,16,New London,-71.9963999999999,41.3467000000001
33204,16661,2010,Fishtown Brook,Quantified_Electrofishing_all_species_cencus,"Brook Trout, Wild",GROTON,2000,166612010,2,New London,-71.9963999999999,41.3467000000001
33263,16668,1993,Ford Brook,Quantified_Electrofishing_all_species_cencus,"Brook Trout, Wild",NORWICH,3001,166681993,9,New London,-72.1113999999999,41.5072000000001
33270,16668,2012,Ford Brook,Quantified_Electrofishing_all_species_cencus,"Brook Trout, Wild",NORWICH,3001,166682012,1,New London,-72.1113999999999,41.5072000000001
33276,16668,2018,Ford Brook,Quantified_Electrofishing_all_species_cencus,"Brook Trout, Wild",NORWICH,3001,166682018,2,New London,-72.1113999999999,41.5072000000001
33302,16671,1991,Fourmile Brook,Quantified_Electrofishing_all_species_cencus,"Brook Trout, Wild",OXFORD,6000,166711991,13,New Haven,-73.1192,41.3847000000001
33304,16672,1993,Fourmile Brook,Quantified_Electrofishing_all_species_cencus,"Brook Trout, Wild",EAST LYME,2207,166721993,2,New London,-72.2560999999999,41.3781000000001
33316,16674,1992,Fox Brook,Quantified_Electrofishing_all_species_cencus,"Brook Trout, Wild",WINCHESTER,6905,166741992,9,Litchfield,-73.1369,41.8892000000001
33320,16674,2019,Fox Brook,Quantified_Electrofishing_all_species_cencus,"Brook Trout, Wild",WINCHESTER,6905,166742019,3,Litchfield,-73.1369,41.8892000000001
33330,16676,1993,Fox Brook,Quantified_Electrofishing_all_species_cencus,"Brook Trout, Wild",MONTVILLE,3004,166761993,1,New London,-72.1582999999999,41.4656000000001
33340,16677,1989,Frazer Brook (Fraser Brook),Quantified_Electrofishing_all_species_cencus,"Brook Trout, Wild",SALEM,4801,166771989,2,New London,-72.2606,41.4731
33345,16677,2014,Frazer Brook (Fraser Brook),Quantified_Electrofishing_all_species_cencus,"Brook Trout, Wild",SALEM,4801,166772014,12,New London,-72.2606,41.4731
33350,16677,2023,Frazer Brook (Fraser Brook),Quantified_Electrofishing_all_species_cencus,"Brook Trout, Wild",SALEM,4801,166772023,4,New London,-72.2606,41.4731
33360,16679,1993,Fry Brook,Quantified_Electrofishing_all_species_cencus,"Brook Trout, Wild",PLAINFIELD,3712,166791993,28,Windham,-71.9057999999999,41.6831
33371,16680,1993,Fuller Brook,Quantified_Electrofishing_all_species_cencus,"Brook Trout, Wild",HAMPTON,3805,166801993,2,Windham,-72.0574999999999,41.8008
33381,16681,1991,Fulling Mill Brook,Quantified_Electrofishing_all_species_cencus,"Brook Trout, Wild",NAUGATUCK,6915,166811991,20,New Haven,-73.0355,41.5033
33396,16683,1994,Furnace Brook Trib.,Quantified_Electrofishing_all_species_cencus,"Brook Trout, Wild",STAFFORD,3103,166831994,6,Tolland,-72.2943999999999,41.9767000000001
33400,16684,1993,Gardner Brook,Quantified_Electrofishing_all_species_cencus,"Brook Trout, Wild",BOZRAH,3906,166841993,3,New London,-72.2,41.5389000000001
33420,16686,1993,Gardner Brook,Quantified_Electrofishing_all_species_cencus,"Brook Trout, Wild",BOZRAH,3906,166861993,4,New London,-72.1711,41.5497
33422,16687,1992,Garnett Brook,Quantified_Electrofishing_all_species_cencus,"Brook Trout, Wild",SALISBURY,6006,166871992,2,Litchfield,-73.4066999999999,41.9975000000001
33424,16688,1991,Gerow Brook,Quantified_Electrofishing_all_species_cencus,"Brook Trout, Wild",NEW FAIRFIELD,8103,166881991,225,Fairfield,-73.5303,41.4953
33431,16688,2011,Gerow Brook,Quantified_Electrofishing_all_species_cencus,"Brook Trout, Wild",NEW FAIRFIELD,8103,166882011,30,Fairfield,-73.5303,41.4953
33439,16689,1994,Giffords Brook,Quantified_Electrofishing_all_species_cencus,"Brook Trout, Wild",COLUMBIA,3109,166891994,12,Tolland,-72.2979,41.6920000000001
33449,16690,1993,Gillette Brook,Quantified_Electrofishing_all_species_cencus,"Brook Trout, Wild",LEBANON,3900,166901993,98,New London,-72.2256,41.5714
33454,16690,2019,Gillette Brook,Quantified_Electrofishing_all_species_cencus,"Brook Trout, Wild",LEBANON,3900,166902019,3,New London,-72.2256,41.5714
33461,16690,2023,Gillette Brook,Quantified_Electrofishing_all_species_cencus,"Brook Trout, Wild",LEBANON,3900,166902023,3,New London,-72.2256,41.5714
33470,16692,1993,Glade Brook,Quantified_Electrofishing_all_species_cencus,"Brook Trout, Wild",NORTH STONINGTON,1002,166921993,14,New London,-71.80848,41.4576200000001
33474,16693,1991,Glen Brook,Quantified_Electrofishing_all_species_cencus,"Brook Trout, Wild",SHERMAN,6400,166931991,1,Fairfield,-73.4833,41.5450000000001
33480,16693,2015,Glen Brook,Quantified_Electrofishing_all_species_cencus,"Brook Trout, Wild",SHERMAN,6400,166932015,24,Fairfield,-73.4833,41.5450000000001
33506,16696,1991,Goodhill Brook (Good Hill Brook),Quantified_Electrofishing_all_species_cencus,"Brook Trout, Wild",WOODBURY,6805,166961991,101,Litchfield,-73.2342,41.5408
33509,16696,2015,Goodhill Brook (Good Hill Brook),Quantified_Electrofishing_all_species_cencus,"Brook Trout, Wild",WOODBURY,6805,166962015,15,Litchfield,-73.2342,41.5408
33513,16697,1994,Goodwin Brook,Quantified_Electrofishing_all_species_cencus,"Brook Trout, Wild",CHAPLIN,3200,166971994,69,Windham,-72.0977999999999,41.8225
33514,16697,2013,Goodwin Brook,Quantified_Electrofishing_all_species_cencus,"Brook Trout, Wild",CHAPLIN,3200,166972013,23,Windham,-72.0977999999999,41.8225
33523,16699,1994,Gravelly Brook,Quantified_Electrofishing_all_species_cencus,"Brook Trout, Wild",WOODSTOCK,3708,166991994,34,Windham,-71.9938999999999,41.9839000000001
33525,16699,2016,Gravelly Brook,Quantified_Electrofishing_all_species_cencus,"Brook Trout, Wild",WOODSTOCK,3708,166992016,6,Windham,-71.9938999999999,41.9839000000001
33527,16699,2019,Gravelly Brook,Quantified_Electrofishing_all_species_cencus,"Brook Trout, Wild",WOODSTOCK,3708,166992019,1,Windham,-71.9938999999999,41.9839000000001
33535,16701,1991,Great Brook,Quantified_Electrofishing_all_species_cencus,"Brook Trout, Wild",NEW MILFORD,6000,167011991,3,Litchfield,-73.4019,41.5881000000001
33553,16702,1993,Great Brook,Quantified_Electrofishing_all_species_cencus,"Brook Trout, Wild",GROTON,2107,167021993,45,New London,-72.0397,41.3906000000001
33558,16702,2019,Great Brook,Quantified_Electrofishing_all_species_cencus,"Brook Trout, Wild",GROTON,2107,167022019,6,New London,-72.0397,41.3906000000001
33568,16704,1993,Great Meadow Brook,Quantified_Electrofishing_all_species_cencus,"Brook Trout, Wild",VOLUNTOWN,3601,167041993,9,New London,-71.8375,41.6000000000001
33587,16705,1994,Green Brook,Quantified_Electrofishing_all_species_cencus,"Brook Trout, Wild",TOLLAND,3100,167051994,7,Tolland,-72.3113999999999,41.8600000000001
33592,16705,2018,Green Brook,Quantified_Electrofishing_all_species_cencus,"Brook Trout, Wild",TOLLAND,3100,167052018,16,Tolland,-72.3113999999999,41.8600000000001
33604,16708,1991,Greenwood Brook,Quantified_Electrofishing_all_species_cencus,"Brook Trout, Wild",SHERMAN,6401,167081991,77,Fairfield,-73.5072,41.5694
33607,16708,2018,Greenwood Brook,Quantified_Electrofishing_all_species_cencus,"Brook Trout, Wild",SHERMAN,6401,167082018,5,Fairfield,-73.5072,41.5694
33609,16708,2021,Greenwood Brook,Quantified_Electrofishing_all_species_cencus,"Brook Trout, Wild",SHERMAN,6401,167082021,3,Fairfield,-73.5072,41.5694
33611,16708,2023,Greenwood Brook,Quantified_Electrofishing_all_species_cencus,"Brook Trout, Wild",SHERMAN,6401,167082023,1,Fairfield,-73.5072,41.5694
33613,16709,1988,Grimes Brook,Quantified_Electrofishing_all_species_cencus,"Brook Trout, Wild",SIMSBURY,4318,167091988,14,Hartford,-72.8178,41.8822000000001
33620,16710,1992,Guinea Brook,Quantified_Electrofishing_all_species_cencus,"Brook Trout, Wild",SHARON,6011,167101992,18,Litchfield,-73.3831,41.8208000000001
33634,16712,1994,Gulf Brook,Quantified_Electrofishing_all_species_cencus,"Brook Trout, Wild",UNION,3203,167121994,60,Tolland,-72.1408,41.9806
33639,16713,1989,Gulf Stream,Quantified_Electrofishing_all_species_cencus,"Brook Trout, Wild",SOMERS,4203,167131989,40,Tolland,-72.4218999999999,41.9792
33644,16713,2018,Gulf Stream,Quantified_Electrofishing_all_species_cencus,"Brook Trout, Wild",SOMERS,4203,167132018,57,Tolland,-72.4218999999999,41.9792
33648,16714,1992,Gulf Stream,Quantified_Electrofishing_all_species_cencus,"Brook Trout, Wild",LITCHFIELD,6900,167141992,18,Litchfield,-73.1668999999999,41.7900000000001
33667,16717,1993,Haleys Brook,Quantified_Electrofishing_all_species_cencus,"Brook Trout, Wild",GROTON,2105,167171993,131,New London,-71.9680999999999,41.3867000000001
33675,16717,2023,Haleys Brook,Quantified_Electrofishing_all_species_cencus,"Brook Trout, Wild",GROTON,2105,167172023,13,New London,-71.9680999999999,41.3867000000001
33685,16718,1991,Halfway River,Quantified_Electrofishing_all_species_cencus,"Brook Trout, Wild",MONROE,6022,167181991,2,Fairfield,-73.1935999999999,41.3886000000001
33690,16718,2006,Halfway River,Quantified_Electrofishing_all_species_cencus,"Brook Trout, Wild",MONROE,6022,167182006,1,Fairfield,-73.1935999999999,41.3886000000001
33696,16718,2012,Halfway River,Quantified_Electrofishing_all_species_cencus,"Brook Trout, Wild",MONROE,6022,167182012,3,Fairfield,-73.1935999999999,41.3886000000001
33704,16718,2013,Halfway River,Quantified_Electrofishing_all_species_cencus,"Brook Trout, Wild",MONROE,6022,167182013,3,Fairfield,-73.1935999999999,41.3886000000001
33744,16725,1991,Hancock Brook,Quantified_Electrofishing_all_species_cencus,"Brook Trout, Wild",PLYMOUTH,6911,167251991,4,Litchfield,-72.9875,41.6594000000001
33747,16726,1992,Hart Brook,Quantified_Electrofishing_all_species_cencus,"Brook Trout, Wild",GOSHEN,6902,167261992,7,Litchfield,-73.2058,41.8897000000001
33761,16728,1989,Hatchery Brook,Quantified_Electrofishing_all_species_cencus,"Brook Trout, Wild",BERLIN,4601,167281989,9,Hartford,-72.7778,41.6131
33783,16730,1988,Hawley Brook,Quantified_Electrofishing_all_species_cencus,"Brook Trout, Wild",AVON,4300,167301988,3,Hartford,-72.9093999999999,41.7875000000001
33788,16730,2013,Hawley Brook,Quantified_Electrofishing_all_species_cencus,"Brook Trout, Wild",AVON,4300,167302013,60,Hartford,-72.9093999999999,41.7875000000001
33791,16731,1990,Hawleys Brook,Quantified_Electrofishing_all_species_cencus,"Brook Trout, Wild",WESTON,7200,167311990,195,Fairfield,-73.3439,41.2458
33797,16731,2012,Hawleys Brook,Quantified_Electrofishing_all_species_cencus,"Brook Trout, Wild",WESTON,7200,167312012,35,Fairfield,-73.3439,41.2458
33803,16732,1992,Heffers Brook,Quantified_Electrofishing_all_species_cencus,"Brook Trout, Wild",CORNWALL,6008,167321992,90,Litchfield,-73.3285999999999,41.8697000000001
33805,16732,2023,Heffers Brook,Quantified_Electrofishing_all_species_cencus,"Brook Trout, Wild",CORNWALL,6008,167322023,37,Litchfield,-73.3285999999999,41.8697000000001
33812,16734,1993,Hempstead Brook,Quantified_Electrofishing_all_species_cencus,"Brook Trout, Wild",GROTON,2107,167341993,2,New London,-72.0456,41.3722000000001
33820,16735,1994,Herridean Brook,Quantified_Electrofishing_all_species_cencus,"Brook Trout, Wild",UNION,3202,167351994,10,Tolland,-72.1018999999999,41.9839000000001
33852,16739,1992,Hill Brook,Quantified_Electrofishing_all_species_cencus,"Brook Trout, Wild",LITCHFIELD,6705,167391992,130,Litchfield,-73.2472,41.7125
33868,16741,1991,Hockanum Brook,Quantified_Electrofishing_all_species_cencus,"Brook Trout, Wild",BEACON FALLS,6900,167411991,42,New Haven,-73.035,41.4400000000001
33875,16742,1992,Hockanum River,Quantified_Electrofishing_all_species_cencus,"Brook Trout, Wild",MANCHESTER,4500,167421992,2,Hartford,-72.5146999999999,41.8133
33903,16746,1992,Hollenbeck River,Quantified_Electrofishing_all_species_cencus,"Brook Trout, Wild",CANAAN,6200,167461992,14,Litchfield,-73.2814,41.9258
33916,16747,1992,Hollenbeck River,Quantified_Electrofishing_all_species_cencus,"Brook Trout, Wild",CORNWALL,6200,167471992,70,Litchfield,-73.2819,41.8992000000001
33926,16747,2011,Hollenbeck River,Quantified_Electrofishing_all_species_cencus,"Brook Trout, Wild",CORNWALL,6200,167472011,6,Litchfield,-73.2819,41.8992000000001
33933,16747,2023,Hollenbeck River,Quantified_Electrofishing_all_species_cencus,"Brook Trout, Wild",CORNWALL,6200,167472023,5,Litchfield,-73.2819,41.8992000000001
33941,16748,1991,Hop Brook,Quantified_Electrofishing_all_species_cencus,"Brook Trout, Wild",MIDDLEBURY,6916,167481991,9,New Haven,-73.1027999999999,41.5303000000001
33953,16748,2011,Hop Brook,Quantified_Electrofishing_all_species_cencus,"Brook Trout, Wild",MIDDLEBURY,6916,167482011,4,New Haven,-73.1027999999999,41.5303000000001
33975,16749,1994,Hop River,Quantified_Electrofishing_all_species_cencus,"Brook Trout, Wild",COLUMBIA,3108,167491994,3,Tolland,-72.3174999999999,41.7317
33989,16750,1991,Hopp Brook,Quantified_Electrofishing_all_species_cencus,"Brook Trout, Wild",BETHANY,6919,167501991,104,New Haven,-73.0366999999999,41.4097
33994,16750,2019,Hopp Brook,Quantified_Electrofishing_all_species_cencus,"Brook Trout, Wild",BETHANY,6919,167502019,53,New Haven,-73.0366999999999,41.4097
33998,16751,1993,Horse Brook,Quantified_Electrofishing_all_species_cencus,"Brook Trout, Wild",PLAINFIELD,3712,167511993,3,Windham,-71.9131,41.7025
34160,16758,1988,Howell's Brook,Quantified_Electrofishing_all_species_cencus,"Brook Trout, Wild",HARTLAND,4300,167581988,49,Hartford,-73.0042,42.0078
34165,16758,2012,Howell's Brook,Quantified_Electrofishing_all_species_cencus,"Brook Trout, Wild",HARTLAND,4300,167582012,66,Hartford,-73.0042,42.0078
34170,16758,2015,Howell's Brook,Quantified_Electrofishing_all_species_cencus,"Brook Trout, Wild",HARTLAND,4300,167582015,45,Hartford,-73.0042,42.0078
34173,16759,1993,Hoxie Brook,Quantified_Electrofishing_all_species_cencus,"Brook Trout, Wild",LEBANON,3905,167591993,10,New London,-72.202622,41.60691
34202,16761,1989,"Hubbard Brook, Unnamed tributary to",Quantified_Electrofishing_all_species_cencus,"Brook Trout, Wild",MIDDLETOWN,4000,167611989,71,Middlesex,-72.569018,41.5224650000001
34205,16761,2012,"Hubbard Brook, Unnamed tributary to",Quantified_Electrofishing_all_species_cencus,"Brook Trout, Wild",MIDDLETOWN,4000,167612012,38,Middlesex,-72.569018,41.5224650000001
34206,16761,2013,"Hubbard Brook, Unnamed tributary to",Quantified_Electrofishing_all_species_cencus,"Brook Trout, Wild",MIDDLETOWN,4000,167612013,65,Middlesex,-72.569018,41.5224650000001
34211,16762,1992,Humaston Brook (Northfield Brook),Quantified_Electrofishing_all_species_cencus,"Brook Trout, Wild",LITCHFIELD,6909,167621992,3,Litchfield,-73.1016999999999,41.6972000000001
34222,16762,2015,Humaston Brook (Northfield Brook),Quantified_Electrofishing_all_species_cencus,"Brook Trout, Wild",LITCHFIELD,6909,167622015,1,Litchfield,-73.1016999999999,41.6972000000001
34251,16763,2014,Hungary Brook,Quantified_Electrofishing_all_species_cencus,"Brook Trout, Wild",GRANBY,4320,167632014,4,Hartford,-72.7864,41.9678000000001
34274,16764,2014,Hungary Brook,Quantified_Electrofishing_all_species_cencus,"Brook Trout, Wild",SUFFIELD,4320,167642014,1,Hartford,-72.7689,41.9956
34286,16765,2015,Hungerford Brook,Quantified_Electrofishing_all_species_cencus,"Brook Trout, Wild",EAST HADDAM,4016,167652015,1,Middlesex,-72.4066999999999,41.4320000000001
34290,16765,2023,Hungerford Brook,Quantified_Electrofishing_all_species_cencus,"Brook Trout, Wild",EAST HADDAM,4016,167652023,7,Middlesex,-72.4066999999999,41.4320000000001
34300,16767,1993,Hunts Brook,Quantified_Electrofishing_all_species_cencus,"Brook Trout, Wild",MONTVILLE,3006,167671993,36,New London,-72.155,41.4219000000001
34306,16769,1993,"Hunts Brook,Tributary to",Quantified_Electrofishing_all_species_cencus,"Brook Trout, Wild",MONTVILLE,3006,167691993,15,New London,-72.1578,41.4242
34308,16770,1991,Hurds Brook,Quantified_Electrofishing_all_species_cencus,"Brook Trout, Wild",MONROE,6024,167701991,13,Fairfield,-73.1903,41.3600000000001
34340,16772,1990,Indian River,Quantified_Electrofishing_all_species_cencus,"Brook Trout, Wild",KILLINGWORTH,5104,167721990,1,Middlesex,-72.5522,41.3311
34378,16777,1991,Ivy Brook,Quantified_Electrofishing_all_species_cencus,"Brook Trout, Wild",SHELTON,6000,167771991,2,Fairfield,-73.085,41.2922
34381,16777,2015,Ivy Brook,Quantified_Electrofishing_all_species_cencus,"Brook Trout, Wild",SHELTON,6000,167772015,3,Fairfield,-73.085,41.2922
34383,16778,1992,Ivy Mountain Brook,Quantified_Electrofishing_all_species_cencus,"Brook Trout, Wild",GOSHEN,6705,167781992,3,Litchfield,-73.205,41.8270000000001
34418,16779,1991,Jacks Brook,Quantified_Electrofishing_all_species_cencus,"Brook Trout, Wild",ROXBURY,6706,167791991,7,Litchfield,-73.2805999999999,41.5356
34429,16781,1992,Jakes Brook,Quantified_Electrofishing_all_species_cencus,"Brook Trout, Wild",TORRINGTON,6902,167811992,94,Litchfield,-73.1701649999999,41.8641460000001
34438,16783,1991,Jeremy Brook,Quantified_Electrofishing_all_species_cencus,"Brook Trout, Wild",SOUTHBURY,6023,167831991,1,New Haven,-73.1717,41.4528
34461,16784,1989,Jeremy River,Quantified_Electrofishing_all_species_cencus,"Brook Trout, Wild",HEBRON,4705,167841989,1,Tolland,-72.3722,41.6150000000001
34473,16785,1991,Jericho Brook,Quantified_Electrofishing_all_species_cencus,"Brook Trout, Wild",PLYMOUTH,6911,167851991,52,Litchfield,-73.0429999999999,41.6328
34475,16786,1993,Jordan Brook,Quantified_Electrofishing_all_species_cencus,"Brook Trout, Wild",WATERFORD,2201,167861993,257,New London,-72.1473999999999,41.3605000000001
34480,16786,2010,Jordan Brook,Quantified_Electrofishing_all_species_cencus,"Brook Trout, Wild",WATERFORD,2201,167862010,64,New London,-72.1473999999999,41.3605000000001
34486,16786,2013,Jordan Brook,Quantified_Electrofishing_all_species_cencus,"Brook Trout, Wild",WATERFORD,2201,167862013,17,New London,-72.1473999999999,41.3605000000001
34494,16786,2014,Jordan Brook,Quantified_Electrofishing_all_species_cencus,"Brook Trout, Wild",WATERFORD,2201,167862014,32,New London,-72.1473999999999,41.3605000000001
34498,16786,2023,Jordan Brook,Quantified_Electrofishing_all_species_cencus,"Brook Trout, Wild",WATERFORD,2201,167862023,26,New London,-72.1473999999999,41.3605000000001
34504,16787,1993,"Jordan Brook,Tributary to",Quantified_Electrofishing_all_species_cencus,"Brook Trout, Wild",WATERFORD,2201,167871993,55,New London,-72.1503999999999,41.3485000000001
34516,16789,1989,Ketch Brook,Quantified_Electrofishing_all_species_cencus,"Brook Trout, Wild",EAST WINDSOR,4207,167891989,1,Hartford,-72.5513999999999,41.8858000000001
34524,16790,1991,Kinney Town Brook,Quantified_Electrofishing_all_species_cencus,"Brook Trout, Wild",SEYMOUR,6900,167901991,41,New Haven,-73.0932999999999,41.3714000000001
34528,16790,2023,Kinney Town Brook,Quantified_Electrofishing_all_species_cencus,"Brook Trout, Wild",SEYMOUR,6900,167902023,15,New Haven,-73.0932999999999,41.3714000000001
34532,16791,1994,Kitt Brook,Quantified_Electrofishing_all_species_cencus,"Brook Trout, Wild",CANTERBURY,3714,167911994,5,Windham,-71.9781,41.6806
34563,16793,1993,Koistenen Brook,Quantified_Electrofishing_all_species_cencus,"Brook Trout, Wild",VOLUNTOWN,3604,167931993,4,New London,-71.8346999999999,41.5172000000001
34567,16793,2011,Koistenen Brook,Quantified_Electrofishing_all_species_cencus,"Brook Trout, Wild",VOLUNTOWN,3604,167932011,25,New London,-71.8346999999999,41.5172000000001
34570,16793,2023,Koistenen Brook,Quantified_Electrofishing_all_species_cencus,"Brook Trout, Wild",VOLUNTOWN,3604,167932023,8,New London,-71.8346999999999,41.5172000000001
34572,16794,1994,Labonte Brook,Quantified_Electrofishing_all_species_cencus,"Brook Trout, Wild",TOLLAND,3100,167941994,48,Tolland,-72.3013999999999,41.8942000000001
34575,16795,1992,Lake Waramaug Brook (Sucker Brook),Quantified_Electrofishing_all_species_cencus,"Brook Trout, Wild",WARREN,6502,167951992,1,Litchfield,-73.3455999999999,41.7069000000001
34601,16796,1993,Lathrop Brook,Quantified_Electrofishing_all_species_cencus,"Brook Trout, Wild",PLAINFIELD,3713,167961993,35,Windham,-71.8978,41.6697
34604,16797,1993,Lathrop Brook,Quantified_Electrofishing_all_species_cencus,"Brook Trout, Wild",PLAINFIELD,3713,167971993,2,Windham,-71.8858,41.6603000000001
34608,16798,1992,Leadmine Brook,Quantified_Electrofishing_all_species_cencus,"Brook Trout, Wild",HARWINTON,6908,167981992,7,Litchfield,-73.0633,41.7539
34642,16804,1991,Lewis Atwood Brook,Quantified_Electrofishing_all_species_cencus,"Brook Trout, Wild",WATERTOWN,6802,168041991,17,Litchfield,-73.1507999999999,41.5978000000001
34652,16806,1993,Lisbon Brook,Quantified_Electrofishing_all_species_cencus,"Brook Trout, Wild",LISBON,3700,168061993,43,New London,-72.0097,41.5706000000001
34657,16807,1993,Lisbon Brook,Quantified_Electrofishing_all_species_cencus,"Brook Trout, Wild",PRESTON,3700,168071993,17,New London,-72.0097,41.5694
34664,16807,2018,Lisbon Brook,Quantified_Electrofishing_all_species_cencus,"Brook Trout, Wild",PRESTON,3700,168072018,8,New London,-72.0097,41.5694
34672,16808,1993,"Lisbon Brook,Tributary to",Quantified_Electrofishing_all_species_cencus,"Brook Trout, Wild",PRESTON,3003,168081993,9,New London,-72.010914,41.5710250000001
34674,16808,2018,"Lisbon Brook,Tributary to",Quantified_Electrofishing_all_species_cencus,"Brook Trout, Wild",PRESTON,3003,168082018,16,New London,-72.010914,41.5710250000001
34677,16809,1993,Little River,Quantified_Electrofishing_all_species_cencus,"Brook Trout, Wild",SCOTLAND,3805,168091993,12,Windham,-72.0553,41.7111
34709,16811,1993,Little River (upper),Quantified_Electrofishing_all_species_cencus,"Brook Trout, Wild",HAMPTON,3805,168111993,9,Windham,-72.0508,41.7933
34721,16812,1993,"Little River,Tributary to",Quantified_Electrofishing_all_species_cencus,"Brook Trout, Wild",HAMPTON,3805,168121993,110,Windham,-72.0477999999999,41.7575000000001
34723,16813,1994,Long Branch Brook,Quantified_Electrofishing_all_species_cencus,"Brook Trout, Wild",THOMPSON,3300,168131994,3,Windham,-71.877743,42.010704
34749,16816,1993,Millstone Brook,Quantified_Electrofishing_all_species_cencus,"Brook Trout, Wild",WATERFORD,2000,168161993,1,New London,-72.1572,41.3219
34758,16817,1991,Long Swamp Brook,Quantified_Electrofishing_all_species_cencus,"Brook Trout, Wild",MIDDLEBURY,6916,168171991,9,New Haven,-73.0977999999999,41.5389000000001
34772,16819,1993,Lowden Brook,Quantified_Electrofishing_all_species_cencus,"Brook Trout, Wild",VOLUNTOWN,3602,168191993,118,New London,-71.8655689999999,41.602805
34777,16819,2011,Lowden Brook,Quantified_Electrofishing_all_species_cencus,"Brook Trout, Wild",VOLUNTOWN,3602,168192011,73,New London,-71.8655689999999,41.602805
34783,16819,2014,Lowden Brook,Quantified_Electrofishing_all_species_cencus,"Brook Trout, Wild",VOLUNTOWN,3602,168192014,68,New London,-71.8655689999999,41.602805
34785,16819,2023,Lowden Brook,Quantified_Electrofishing_all_species_cencus,"Brook Trout, Wild",VOLUNTOWN,3602,168192023,36,New London,-71.8655689999999,41.602805
34790,16820,1990,Lyons Swamp Outflow,Quantified_Electrofishing_all_species_cencus,"Brook Trout, Wild",REDDING,7202,168201990,8,Fairfield,-73.3206,41.2978000000001
34797,16821,1992,Macedonia Brook,Quantified_Electrofishing_all_species_cencus,"Brook Trout, Wild",KENT,6015,168211992,15,Litchfield,-73.4947,41.7753000000001
34804,16821,2019,Macedonia Brook,Quantified_Electrofishing_all_species_cencus,"Brook Trout, Wild",KENT,6015,168212019,12,Litchfield,-73.4947,41.7753000000001
34810,16822,1988,Mad River,Quantified_Electrofishing_all_species_cencus,"Brook Trout, Wild",WINCHESTER,4302,168221988,11,Litchfield,-73.1018999999999,41.9367
34830,16825,1991,Mallory Brook,Quantified_Electrofishing_all_species_cencus,"Brook Trout, Wild",WASHINGTON,6700,168251991,22,Litchfield,-73.3144,41.6428000000001
34840,16827,1994,Mary Brown Brook,Quantified_Electrofishing_all_species_cencus,"Brook Trout, Wild",PUTNAM,3402,168271994,5,Windham,-71.8239,41.9172
34865,16829,1994,Mashentuck Brook,Quantified_Electrofishing_all_species_cencus,"Brook Trout, Wild",KILLINGLY,3404,168291994,549,Windham,-71.8439,41.835
34874,16830,1994,Mason Brook,Quantified_Electrofishing_all_species_cencus,"Brook Trout, Wild",MANSFIELD,3207,168301994,10,Tolland,-72.2463999999999,41.835
34878,16830,2023,Mason Brook,Quantified_Electrofishing_all_species_cencus,"Brook Trout, Wild",MANSFIELD,3207,168302023,5,Tolland,-72.2463999999999,41.835
34881,16831,1994,May Brook,Quantified_Electrofishing_all_species_cencus,"Brook Trout, Wild",UNION,3701,168311994,144,Tolland,-72.1788999999999,42.0269000000001
34887,16831,2011,May Brook,Quantified_Electrofishing_all_species_cencus,"Brook Trout, Wild",UNION,3701,168312011,1,Tolland,-72.1788999999999,42.0269000000001
34895,16831,2018,May Brook,Quantified_Electrofishing_all_species_cencus,"Brook Trout, Wild",UNION,3701,168312018,8,Tolland,-72.1788999999999,42.0269000000001
34900,16831,2023,May Brook,Quantified_Electrofishing_all_species_cencus,"Brook Trout, Wild",UNION,3701,168312023,42,Tolland,-72.1788999999999,42.0269000000001
34905,16832,1994,"May Brook, tributary to",Quantified_Electrofishing_all_species_cencus,"Brook Trout, Wild",UNION,3701,168321994,35,Tolland,-72.1758,42.0286
34907,16832,2018,"May Brook, tributary to",Quantified_Electrofishing_all_species_cencus,"Brook Trout, Wild",UNION,3701,168322018,1,Tolland,-72.1758,42.0286
34910,16833,1993,McCarthys Brook,Quantified_Electrofishing_all_species_cencus,"Brook Trout, Wild",FRANKLIN,3804,168331993,4,New London,-72.1274999999999,41.5975
34948,16836,1993,Merrick Brook,Quantified_Electrofishing_all_species_cencus,"Brook Trout, Wild",SCOTLAND,3803,168361993,5,Windham,-72.11,41.6792
34978,16836,2012,Merrick Brook,Quantified_Electrofishing_all_species_cencus,"Brook Trout, Wild",SCOTLAND,3803,168362012,10,Windham,-72.11,41.6792
34988,16836,2014,Merrick Brook,Quantified_Electrofishing_all_species_cencus,"Brook Trout, Wild",SCOTLAND,3803,168362014,6,Windham,-72.11,41.6792
35001,16837,1993,Merrick Brook,Quantified_Electrofishing_all_species_cencus,"Brook Trout, Wild",HAMPTON,3803,168371993,10,Windham,-72.0828,41.7378
35009,16838,1992,Merryall Brook,Quantified_Electrofishing_all_species_cencus,"Brook Trout, Wild",NEW MILFORD,6501,168381992,30,Litchfield,-73.4453,41.6508000000001
35016,16839,1991,Merwin Brook,Quantified_Electrofishing_all_species_cencus,"Brook Trout, Wild",BROOKFIELD,6000,168391991,3,Fairfield,-73.3810999999999,41.4692000000001
35059,16843,1992,Mill Brook,Quantified_Electrofishing_all_species_cencus,"Brook Trout, Wild",SHARON,6302,168431992,7,Litchfield,-73.4775,41.8489000000001
35065,16843,2015,Mill Brook,Quantified_Electrofishing_all_species_cencus,"Brook Trout, Wild",SHARON,6302,168432015,41,Litchfield,-73.4775,41.8489000000001
35092,16846,1989,Mill Creek,Quantified_Electrofishing_all_species_cencus,"Brook Trout, Wild",HADDAM,4015,168461989,1,Middlesex,-72.5092,41.4644000000001
35099,16846,2012,Mill Creek,Quantified_Electrofishing_all_species_cencus,"Brook Trout, Wild",HADDAM,4015,168462012,9,Middlesex,-72.5092,41.4644000000001
35145,16849,2015,Mill River,Quantified_Electrofishing_all_species_cencus,"Brook Trout, Wild",STAMFORD,7404,168492015,11,Fairfield,-73.5542,41.1781
35186,16852,1993,Miller Brook,Quantified_Electrofishing_all_species_cencus,"Brook Trout, Wild",PRESTON,3716,168521993,30,New London,-71.9328,41.5292000000001
35195,16852,2008,Miller Brook,Quantified_Electrofishing_all_species_cencus,"Brook Trout, Wild",PRESTON,3716,168522008,5,New London,-71.9328,41.5292000000001
35205,16852,2014,Miller Brook,Quantified_Electrofishing_all_species_cencus,"Brook Trout, Wild",PRESTON,3716,168522014,3,New London,-71.9328,41.5292000000001
35213,16852,2019,Miller Brook,Quantified_Electrofishing_all_species_cencus,"Brook Trout, Wild",PRESTON,3716,168522019,8,New London,-71.9328,41.5292000000001
35219,16853,1993,Miller Brook,Quantified_Electrofishing_all_species_cencus,"Brook Trout, Wild",NORTH STONINGTON,3716,168531993,9,New London,-71.9225,41.5139
35224,16854,1989,Mine Brook,Quantified_Electrofishing_all_species_cencus,"Brook Trout, Wild",EAST HAMPTON,4000,168541989,1,Middlesex,-72.5492,41.5775
35226,16854,2007,Mine Brook,Quantified_Electrofishing_all_species_cencus,"Brook Trout, Wild",EAST HAMPTON,4000,168542007,9,Middlesex,-72.5492,41.5775
35230,16855,1992,Minor Pond Outflow,Quantified_Electrofishing_all_species_cencus,"Brook Trout, Wild",THOMASTON,6900,168551992,31,Litchfield,-73.0714,41.7025
35241,16857,1992,Mohawk Pond Outflow,Quantified_Electrofishing_all_species_cencus,"Brook Trout, Wild",GOSHEN,6700,168571992,19,Litchfield,-73.2886,41.8017
35250,16857,2015,Mohawk Pond Outflow,Quantified_Electrofishing_all_species_cencus,"Brook Trout, Wild",GOSHEN,6700,168572015,8,Litchfield,-73.2886,41.8017
35258,16857,2019,Mohawk Pond Outflow,Quantified_Electrofishing_all_species_cencus,"Brook Trout, Wild",GOSHEN,6700,168572019,1,Litchfield,-73.2886,41.8017
35266,16858,1993,Mohegan Brook,Quantified_Electrofishing_all_species_cencus,"Brook Trout, Wild",MONTVILLE,3005,168581993,68,New London,-72.1036,41.4539
35280,16861,1988,Moosehorn Brook,Quantified_Electrofishing_all_species_cencus,"Brook Trout, Wild",GRANBY,4319,168611988,74,Hartford,-72.8722069999999,41.97486
35284,16861,2019,Moosehorn Brook,Quantified_Electrofishing_all_species_cencus,"Brook Trout, Wild",GRANBY,4319,168612019,41,Hartford,-72.8722069999999,41.97486
35286,16862,1991,Moosehorn Brook,Quantified_Electrofishing_all_species_cencus,"Brook Trout, Wild",LITCHFIELD,6910,168621991,22,Litchfield,-73.1347,41.6767
35294,16863,1991,MOOSEHORN BROOK,Quantified_Electrofishing_all_species_cencus,"Brook Trout, Wild",ROXBURY,6700,168631991,201,Litchfield,-73.3174999999999,41.5781000000001
35299,16863,2017,MOOSEHORN BROOK,Quantified_Electrofishing_all_species_cencus,"Brook Trout, Wild",ROXBURY,6700,168632017,19,Litchfield,-73.3174999999999,41.5781000000001
35301,16863,2023,MOOSEHORN BROOK,Quantified_Electrofishing_all_species_cencus,"Brook Trout, Wild",ROXBURY,6700,168632023,55,Litchfield,-73.3174999999999,41.5781000000001
35385,16873,1994,Mount Hope River,Quantified_Electrofishing_all_species_cencus,"Brook Trout, Wild",ASHFORD,3206,168731994,8,Windham,-72.1639,41.8814
35397,16873,2018,Mount Hope River,Quantified_Electrofishing_all_species_cencus,"Brook Trout, Wild",ASHFORD,3206,168732018,6,Windham,-72.1639,41.8814
35417,16874,2012,Mountain Brook,Quantified_Electrofishing_all_species_cencus,"Brook Trout, Wild",GRANBY,4319,168742012,6,Hartford,-72.8633,41.9553000000001
35423,16875,1990,Mountain Brook,Quantified_Electrofishing_all_species_cencus,"Brook Trout, Wild",CHESHIRE,5202,168751990,9,New Haven,-72.9419,41.5214
35430,16876,1993,Mountain Brook,Quantified_Electrofishing_all_species_cencus,"Brook Trout, Wild",FRANKLIN,3804,168761993,20,New London,-72.1383,41.6258
35449,16878,1994,Muddy Brook,Quantified_Electrofishing_all_species_cencus,"Brook Trout, Wild",WOODSTOCK,3708,168781994,22,Windham,-71.9697,41.9761
35457,16879,1989,Muddy Gutter Brook,Quantified_Electrofishing_all_species_cencus,"Brook Trout, Wild",EAST HAMPTON,4709,168791989,8,Middlesex,-72.5119,41.5642
35463,16879,2012,Muddy Gutter Brook,Quantified_Electrofishing_all_species_cencus,"Brook Trout, Wild",EAST HAMPTON,4709,168792012,37,Middlesex,-72.5119,41.5642
35470,16879,2018,Muddy Gutter Brook,Quantified_Electrofishing_all_species_cencus,"Brook Trout, Wild",EAST HAMPTON,4709,168792018,11,Middlesex,-72.5119,41.5642
35475,16879,2023,Muddy Gutter Brook,Quantified_Electrofishing_all_species_cencus,"Brook Trout, Wild",EAST HAMPTON,4709,168792023,21,Middlesex,-72.5119,41.5642
35487,16881,2015,Munger Brook,Quantified_Electrofishing_all_species_cencus,"Brook Trout, Wild",NORTH BRANFORD,5111,168812015,6,New Haven,-72.7535999999999,41.3403000000001
35507,16884,1992,Naromiyocknowhusunkatankshunk Brook (FKA Morrisey),Quantified_Electrofishing_all_species_cencus,"Brook Trout, Wild",NEW MILFORD,6017,168841992,30,Litchfield,-73.4822,41.6314
35522,16884,2019,Naromiyocknowhusunkatankshunk Brook (FKA Morrisey),Quantified_Electrofishing_all_species_cencus,"Brook Trout, Wild",NEW MILFORD,6017,168842019,4,Litchfield,-73.4822,41.6314
35676,16898,1988,Freeman Hill Brook (Formerly NEGRO HILL BROOK),Quantified_Electrofishing_all_species_cencus,"Brook Trout, Wild",BURLINGTON,4314,168981988,116,Hartford,-72.9497,41.7253000000001
35682,16898,2012,Freeman Hill Brook (Formerly NEGRO HILL BROOK),Quantified_Electrofishing_all_species_cencus,"Brook Trout, Wild",BURLINGTON,4314,168982012,73,Hartford,-72.9497,41.7253000000001
35687,16899,1988,Nepaug River,Quantified_Electrofishing_all_species_cencus,"Brook Trout, Wild",NEW HARTFORD,4310,168991988,26,Litchfield,-72.973,41.8256000000001
35699,16900,1994,New City Brook,Quantified_Electrofishing_all_species_cencus,"Brook Trout, Wild",STAFFORD,3103,169001994,2,Tolland,-72.2444,41.9994
35711,16902,1988,"Sandy Brook, NNT to",Quantified_Electrofishing_all_species_cencus,"Brook Trout, Wild",COLEBROOK,4304,169021988,135,Litchfield,-73.045875,41.977339
35715,16904,1988,"Farmington River, Unnamed tributary to",Quantified_Electrofishing_all_species_cencus,"Brook Trout, Wild",NEW HARTFORD,4300,169041988,67,Litchfield,-72.9530999999999,41.842
35718,16906,2014,"West Branch Salmon Brook, Unnamed tributary to",Quantified_Electrofishing_all_species_cencus,"Brook Trout, Wild",GRANBY,4319,169062014,25,Hartford,-72.8819,41.9547000000001
35728,16909,1990,"Hammonasset River, Unnamed tributary to (Pond Meadow Brook)",Quantified_Electrofishing_all_species_cencus,"Brook Trout, Wild",KILLINGWORTH,5106,169091990,8,Middlesex,-72.6041999999999,41.4075
35751,16912,1990,"Aspetuck Reservoir, tributary to",Quantified_Electrofishing_all_species_cencus,"Brook Trout, Wild",EASTON,7202,169121990,1,Fairfield,-73.3144,41.2486000000001
35754,16913,1990,"Chatfield Hollow Brook, tributary to",Quantified_Electrofishing_all_species_cencus,"Brook Trout, Wild",MADISON,5105,169131990,36,New Haven,-72.592364,41.3358250000001
35756,16913,2010,"Chatfield Hollow Brook, tributary to",Quantified_Electrofishing_all_species_cencus,"Brook Trout, Wild",MADISON,5105,169132010,16,New Haven,-72.592364,41.3358250000001
35760,16913,2011,"Chatfield Hollow Brook, tributary to",Quantified_Electrofishing_all_species_cencus,"Brook Trout, Wild",MADISON,5105,169132011,4,New Haven,-72.592364,41.3358250000001
35769,16916,1991,"Nonewaug River, tributary to",Quantified_Electrofishing_all_species_cencus,"Brook Trout, Wild",BETHLEHEM,6802,169161991,5,Litchfield,-73.1664,41.6258
35774,16916,2018,"Nonewaug River, tributary to",Quantified_Electrofishing_all_species_cencus,"Brook Trout, Wild",BETHLEHEM,6802,169162018,2,Litchfield,-73.1664,41.6258
35813,16921,1991,North Branch Pootatuck Brook,Quantified_Electrofishing_all_species_cencus,"Brook Trout, Wild",NEWTOWN,6020,169211991,22,Fairfield,-73.2839,41.3772000000001
35823,16921,2015,North Branch Pootatuck Brook,Quantified_Electrofishing_all_species_cencus,"Brook Trout, Wild",NEWTOWN,6020,169212015,4,Fairfield,-73.2839,41.3772000000001
35833,16922,1992,North Brook,Quantified_Electrofishing_all_species_cencus,"Brook Trout, Wild",NORFOLK,6100,169221992,22,Litchfield,-73.2180999999999,42.0097000000001
35837,16922,2009,North Brook,Quantified_Electrofishing_all_species_cencus,"Brook Trout, Wild",NORFOLK,6100,169222009,50,Litchfield,-73.2180999999999,42.0097000000001
35840,16922,2011,North Brook,Quantified_Electrofishing_all_species_cencus,"Brook Trout, Wild",NORFOLK,6100,169222011,21,Litchfield,-73.2180999999999,42.0097000000001
35841,16923,1992,North Kent Brook,Quantified_Electrofishing_all_species_cencus,"Brook Trout, Wild",KENT,6000,169231992,37,Litchfield,-73.4403,41.772
35844,16924,1992,Northfield Brook,Quantified_Electrofishing_all_species_cencus,"Brook Trout, Wild",THOMASTON,6909,169241992,5,Litchfield,-73.0925,41.6864
35857,16926,1993,Norwichtown Brook,Quantified_Electrofishing_all_species_cencus,"Brook Trout, Wild",NORWICH,3900,169261993,10,New London,-72.1047,41.5525000000001
35860,16926,2007,Norwichtown Brook,Quantified_Electrofishing_all_species_cencus,"Brook Trout, Wild",NORWICH,3900,169262007,8,New London,-72.1047,41.5525000000001
35870,16928,1993,Obwebetuck Brook,Quantified_Electrofishing_all_species_cencus,"Brook Trout, Wild",WINDHAM,3800,169281993,58,Windham,-72.1806,41.6911000000001
35892,16929,1992,Ocain Brook,Quantified_Electrofishing_all_species_cencus,"Brook Trout, Wild",GOSHEN,6200,169291992,76,Litchfield,-73.2653,41.8964
35897,16930,1993,Oil Mill Brook,Quantified_Electrofishing_all_species_cencus,"Brook Trout, Wild",WATERFORD,2203,169301993,30,New London,-72.1906549999999,41.3755580000001
35903,16930,2010,Oil Mill Brook,Quantified_Electrofishing_all_species_cencus,"Brook Trout, Wild",WATERFORD,2203,169302010,2,New London,-72.1906549999999,41.3755580000001
35912,16930,2019,Oil Mill Brook,Quantified_Electrofishing_all_species_cencus,"Brook Trout, Wild",WATERFORD,2203,169302019,2,New London,-72.1906549999999,41.3755580000001
35915,16931,1993,Oil Mill Brook,Quantified_Electrofishing_all_species_cencus,"Brook Trout, Wild",EAST LYME,2203,169311993,22,New London,-72.1915,41.3731000000001
35920,16932,1993,Old Stone Mill Brook,Quantified_Electrofishing_all_species_cencus,"Brook Trout, Wild",LISBON,3805,169321993,33,New London,-72.0382999999999,41.6200000000001
35926,16932,2010,Old Stone Mill Brook,Quantified_Electrofishing_all_species_cencus,"Brook Trout, Wild",LISBON,3805,169322010,41,New London,-72.0382999999999,41.6200000000001
35931,16933,1988,Owens Brook,Quantified_Electrofishing_all_species_cencus,"Brook Trout, Wild",SIMSBURY,4300,169331988,46,Hartford,-72.8038999999999,41.8878
35932,16933,2015,Owens Brook,Quantified_Electrofishing_all_species_cencus,"Brook Trout, Wild",SIMSBURY,4300,169332015,62,Hartford,-72.8038999999999,41.8878
35933,16933,2019,Owens Brook,Quantified_Electrofishing_all_species_cencus,"Brook Trout, Wild",SIMSBURY,4300,169332019,5,Hartford,-72.8038999999999,41.8878
35934,16933,2021,Owens Brook,Quantified_Electrofishing_all_species_cencus,"Brook Trout, Wild",SIMSBURY,4300,169332021,47,Hartford,-72.8038999999999,41.8878
35937,16934,1993,Oxoboxo Brook,Quantified_Electrofishing_all_species_cencus,"Brook Trout, Wild",MONTVILLE,3004,169341993,1,New London,-72.1905,41.4831
36037,16944,1994,Peake Brook,Quantified_Electrofishing_all_species_cencus,"Brook Trout, Wild",WOODSTOCK,3708,169441994,17,Windham,-71.9433,41.9303
36053,16946,1993,Pease Brook,Quantified_Electrofishing_all_species_cencus,"Brook Trout, Wild",LEBANON,3905,169461993,82,New London,-72.2207999999999,41.6175000000001
36061,16947,1993,Peck Brook,Quantified_Electrofishing_all_species_cencus,"Brook Trout, Wild",CANTERBURY,3805,169471993,38,Windham,-72.0492,41.6769
36152,16962,1988,Phelps Brook,Quantified_Electrofishing_all_species_cencus,"Brook Trout, Wild",BURLINGTON,4310,169621988,2,Hartford,-72.9648129999999,41.799811
36199,16965,1992,Pickett Brook,Quantified_Electrofishing_all_species_cencus,"Brook Trout, Wild",HARWINTON,6900,169651992,53,Litchfield,-73.1129999999999,41.7608000000001
36205,16965,2019,Pickett Brook,Quantified_Electrofishing_all_species_cencus,"Brook Trout, Wild",HARWINTON,6900,169652019,23,Litchfield,-73.1129999999999,41.7608000000001
36224,16967,2012,Pine Brook,Quantified_Electrofishing_all_species_cencus,"Brook Trout, Wild",COLCHESTER,4704,169672012,7,New London,-72.3958,41.5736000000001
36233,16969,1993,"Pine Swamp Brook, tributary to",Quantified_Electrofishing_all_species_cencus,"Brook Trout, Wild",LEDYARD,3000,169691993,159,New London,-72.0758,41.4245000000001
36253,16972,1991,Pitch Brook,Quantified_Electrofishing_all_species_cencus,"Brook Trout, Wild",MORRIS,6910,169721991,30,Litchfield,-73.1618999999999,41.7067000000001
36256,16972,2015,Pitch Brook,Quantified_Electrofishing_all_species_cencus,"Brook Trout, Wild",MORRIS,6910,169722015,27,Litchfield,-73.1618999999999,41.7067000000001
36274,16975,1991,Pole Bridge Brook,Quantified_Electrofishing_all_species_cencus,"Brook Trout, Wild",NEWTOWN,6000,169751991,9,Fairfield,-73.2544,41.4281
36279,16976,1993,Polly Brook,Quantified_Electrofishing_all_species_cencus,"Brook Trout, Wild",WATERFORD,2203,169761993,7,New London,-72.1842,41.4039000000001
36290,16979,1992,Pond Mountain Brook,Quantified_Electrofishing_all_species_cencus,"Brook Trout, Wild",KENT,6015,169791992,31,Litchfield,-73.4804999999999,41.7678000000001
36296,16980,1989,Ponset Brook,Quantified_Electrofishing_all_species_cencus,"Brook Trout, Wild",HADDAM,4014,169801989,3,Middlesex,-72.5578,41.4797
36307,16981,1991,Pootatuck River,Quantified_Electrofishing_all_species_cencus,"Brook Trout, Wild",NEWTOWN,6020,169811991,47,Fairfield,-73.2683,41.3931000000001
36352,16984,1991,Purchase Brook,Quantified_Electrofishing_all_species_cencus,"Brook Trout, Wild",SOUTHBURY,6000,169841991,2,New Haven,-73.2911,41.4686
36360,16985,1994,Quandock Brook,Quantified_Electrofishing_all_species_cencus,"Brook Trout, Wild",KILLINGLY,3700,169851994,8,Windham,-71.9003,41.7633000000001
36372,16986,1994,Quanduck Brook,Quantified_Electrofishing_all_species_cencus,"Brook Trout, Wild",STERLING,3501,169861994,4,Windham,-71.8027999999999,41.7306
36382,16987,1994,Quanduck Brook,Quantified_Electrofishing_all_species_cencus,"Brook Trout, Wild",KILLINGLY,3501,169871994,5,Windham,-71.7997,41.8028
36443,16992,2007,Quinnipiac River,Quantified_Electrofishing_all_species_cencus,"Brook Trout, Wild",MERIDEN,5200,169922007,4,New Haven,-72.8466999999999,41.5283000000001
36452,16992,2014,Quinnipiac River,Quantified_Electrofishing_all_species_cencus,"Brook Trout, Wild",MERIDEN,5200,169922014,78,New Haven,-72.8466999999999,41.5283000000001
36488,16994,1990,Race Brook,Quantified_Electrofishing_all_species_cencus,"Brook Trout, Wild",ORANGE,5307,169941990,62,New Haven,-73.0139,41.3058
36495,16994,2012,Race Brook,Quantified_Electrofishing_all_species_cencus,"Brook Trout, Wild",ORANGE,5307,169942012,13,New Haven,-73.0139,41.3058
36519,16996,1988,Ratlum Brook,Quantified_Electrofishing_all_species_cencus,"Brook Trout, Wild",CANTON,4308,169961988,55,Hartford,-72.9383,41.8928000000001
36543,17000,1993,Red Brook,Quantified_Electrofishing_all_species_cencus,"Brook Trout, Wild",GROTON,2105,170001993,74,New London,-71.973,41.3908000000001
36553,17001,1992,Reed Brook,Quantified_Electrofishing_all_species_cencus,"Brook Trout, Wild",CORNWALL,6000,170011992,1,Litchfield,-73.3405,41.9125000000001
36557,17002,2012,Reservoir Brook,Quantified_Electrofishing_all_species_cencus,"Brook Trout, Wild",PORTLAND,4011,170022012,5,Middlesex,-72.5529999999999,41.619
36597,17005,1989,Roaring Brook,Quantified_Electrofishing_all_species_cencus,"Brook Trout, Wild",LYME,4016,170051989,1,New London,-72.4044,41.4219000000001
36609,17006,1989,Roaring Brook,Quantified_Electrofishing_all_species_cencus,"Brook Trout, Wild",GLASTONBURY,4009,170061989,8,Hartford,-72.5060999999999,41.7153000000001
36614,17006,2018,Roaring Brook,Quantified_Electrofishing_all_species_cencus,"Brook Trout, Wild",GLASTONBURY,4009,170062018,9,Hartford,-72.5060999999999,41.7153000000001
36629,17009,1994,Roaring Brook,Quantified_Electrofishing_all_species_cencus,"Brook Trout, Wild",WILLINGTON,3104,170091994,15,Tolland,-72.2825,41.9047
36646,17009,2023,Roaring Brook,Quantified_Electrofishing_all_species_cencus,"Brook Trout, Wild",WILLINGTON,3104,170092023,14,Tolland,-72.2825,41.9047
36672,17013,1993,Rose Brook,Quantified_Electrofishing_all_species_cencus,"Brook Trout, Wild",LEDYARD,3002,170131993,44,New London,-72.0119,41.4797
36673,17013,2014,Rose Brook,Quantified_Electrofishing_all_species_cencus,"Brook Trout, Wild",LEDYARD,3002,170132014,27,New London,-72.0119,41.4797
36677,17014,1994,Ruby Brook,Quantified_Electrofishing_all_species_cencus,"Brook Trout, Wild",WILLINGTON,3104,170141994,1,Tolland,-72.2539,41.9239000000001
36684,17015,1989,Safstrom Brook,Quantified_Electrofishing_all_species_cencus,"Brook Trout, Wild",EAST HAMPTON,4700,170151989,2,Middlesex,-72.4793999999999,41.5281000000001
36748,17019,1989,Salmon River,Quantified_Electrofishing_all_species_cencus,"Brook Trout, Wild",COLCHESTER,4700,170191989,4,New London,-72.4372539999999,41.566601
36786,17026,1994,Sandy Brook,Quantified_Electrofishing_all_species_cencus,"Brook Trout, Wild",BROOKLYN,3711,170261994,8,Windham,-71.9897,41.8089000000001
36792,17026,2014,Sandy Brook,Quantified_Electrofishing_all_species_cencus,"Brook Trout, Wild",BROOKLYN,3711,170262014,22,Windham,-71.9897,41.8089000000001
36799,17026,2023,Sandy Brook,Quantified_Electrofishing_all_species_cencus,"Brook Trout, Wild",BROOKLYN,3711,170262023,8,Windham,-71.9897,41.8089000000001
36806,17027,1990,Sanford Brook,Quantified_Electrofishing_all_species_cencus,"Brook Trout, Wild",BETHANY,5305,170271990,104,New Haven,-72.9747,41.4320000000001
36809,17028,1994,Sap Tree Run,Quantified_Electrofishing_all_species_cencus,"Brook Trout, Wild",POMFRET,3710,170281994,31,Windham,-71.9732999999999,41.8600000000001
36811,17028,2014,Sap Tree Run,Quantified_Electrofishing_all_species_cencus,"Brook Trout, Wild",POMFRET,3710,170282014,48,Windham,-71.9732999999999,41.8600000000001
36813,17028,2023,Sap Tree Run,Quantified_Electrofishing_all_species_cencus,"Brook Trout, Wild",POMFRET,3710,170282023,45,Windham,-71.9732999999999,41.8600000000001
36816,17029,1988,Sawmill Brook,Quantified_Electrofishing_all_species_cencus,"Brook Trout, Wild",HARTLAND,4308,170291988,83,Hartford,-72.9671999999999,41.9908
36848,17032,1991,Sawmill Brook,Quantified_Electrofishing_all_species_cencus,"Brook Trout, Wild",SHERMAN,6401,170321991,11,Fairfield,-73.4933,41.5767000000001
36865,17032,2019,Sawmill Brook,Quantified_Electrofishing_all_species_cencus,"Brook Trout, Wild",SHERMAN,6401,170322019,1,Fairfield,-73.4933,41.5767000000001
36880,17033,1989,Scantic River,Quantified_Electrofishing_all_species_cencus,"Brook Trout, Wild",SOMERS,4200,170331989,8,Tolland,-72.4605999999999,42.0036000000001
36896,17035,1991,Second Hill Brook,Quantified_Electrofishing_all_species_cencus,"Brook Trout, Wild",BRIDGEWATER,6700,170351991,31,Litchfield,-73.3564,41.5614
36901,17037,1991,Shattuck Brook,Quantified_Electrofishing_all_species_cencus,"Brook Trout, Wild",NAUGATUCK,6916,170371991,11,New Haven,-73.0839,41.5117000000001
36997,17042,1993,"Shetucket River, tributary to",Quantified_Electrofishing_all_species_cencus,"Brook Trout, Wild",SPRAGUE,3800,170421993,30,New London,-72.1129999999999,41.6503000000001
37000,17044,1993,"Shetucket River, tributary to",Quantified_Electrofishing_all_species_cencus,"Brook Trout, Wild",NORWICH,3800,170441993,69,New London,-72.0481,41.585
37022,17047,1993,Shunock River,Quantified_Electrofishing_all_species_cencus,"Brook Trout, Wild",NORTH STONINGTON,1004,170471993,14,New London,-71.8506,41.4253
37054,17050,1994,Sibley Brook,Quantified_Electrofishing_all_species_cencus,"Brook Trout, Wild",EASTFORD,3203,170501994,7,Windham,-72.1199999999999,41.91
37061,17052,1988,Slocum Brook (Slocum River),Quantified_Electrofishing_all_species_cencus,"Brook Trout, Wild",COLEBROOK,4301,170521988,88,Litchfield,-73.0352999999999,42.0322
37088,17055,2014,Snake Meadow Brook,Quantified_Electrofishing_all_species_cencus,"Brook Trout, Wild",PLAINFIELD,3502,170552014,1,Windham,-71.8511,41.7478
37106,17057,1991,South Branch Bullet Hill Brook,Quantified_Electrofishing_all_species_cencus,"Brook Trout, Wild",SOUTHBURY,6800,170571991,85,New Haven,-73.2105999999999,41.4761
37116,17059,1992,Spaulding Brook,Quantified_Electrofishing_all_species_cencus,"Brook Trout, Wild",NORFOLK,6100,170591992,11,Litchfield,-73.1928,41.9878
37133,17063,1992,Spruce Brook,Quantified_Electrofishing_all_species_cencus,"Brook Trout, Wild",LITCHFIELD,6906,170631992,58,Litchfield,-73.1405999999999,41.7617000000001
37137,17064,1994,Squaw Hollow Brook,Quantified_Electrofishing_all_species_cencus,"Brook Trout, Wild",ASHFORD,3205,170641994,28,Windham,-72.1793,41.8534000000001
37139,17064,2023,Squaw Hollow Brook,Quantified_Electrofishing_all_species_cencus,"Brook Trout, Wild",ASHFORD,3205,170642023,2,Windham,-72.1793,41.8534000000001
37140,17065,1990,Stannard Pond Outflow,Quantified_Electrofishing_all_species_cencus,"Brook Trout, Wild",MADISON,5106,170651990,5,New Haven,-72.6553,41.4183
37171,17068,1992,Stewart Hollow Brook,Quantified_Electrofishing_all_species_cencus,"Brook Trout, Wild",KENT,6000,170681992,20,Litchfield,-73.4189,41.7783000000001
37172,17069,1994,Stiles Brook,Quantified_Electrofishing_all_species_cencus,"Brook Trout, Wild",WILLINGTON,3207,170691994,74,Tolland,-72.2318999999999,41.912
37175,17070,1992,Still Brook,Quantified_Electrofishing_all_species_cencus,"Brook Trout, Wild",LITCHFIELD,6705,170701992,130,Litchfield,-73.2463999999999,41.7219000000001
37250,17079,1994,Still River,Quantified_Electrofishing_all_species_cencus,"Brook Trout, Wild",EASTFORD,3202,170791994,1,Windham,-72.085,41.8789
37261,17080,1994,Stonehouse Brook,Quantified_Electrofishing_all_species_cencus,"Brook Trout, Wild",CHAPLIN,3204,170801994,181,Windham,-72.1428,41.8008
37265,17081,1994,Stonehouse Brook,Quantified_Electrofishing_all_species_cencus,"Brook Trout, Wild",CHAPLIN,3204,170811994,28,Windham,-72.1489,41.7764000000001
37308,17084,1993,Stony Brook,Quantified_Electrofishing_all_species_cencus,"Brook Trout, Wild",LYME,4020,170841993,88,New London,-72.1143749999999,41.4597820000001
37312,17085,1993,Stony Brook,Quantified_Electrofishing_all_species_cencus,"Brook Trout, Wild",MONTVILLE,3005,170851993,117,New London,-72.1181,41.4739000000001
37320,17086,1993,Stony Brook,Quantified_Electrofishing_all_species_cencus,"Brook Trout, Wild",MONTVILLE,3005,170861993,3,New London,-72.1058,41.4522000000001
37329,17088,1988,Store House Brook,Quantified_Electrofishing_all_species_cencus,"Brook Trout, Wild",BARKHAMSTED,4308,170881988,59,Litchfield,-72.9460999999999,41.9128000000001
37331,17088,2012,Store House Brook,Quantified_Electrofishing_all_species_cencus,"Brook Trout, Wild",BARKHAMSTED,4308,170882012,48,Litchfield,-72.9460999999999,41.9128000000001
37333,17089,2021,Straitsville Brook,Quantified_Electrofishing_all_species_cencus,"Brook Trout, Wild",NAUGATUCK,6918,170892021,1,New Haven,-73.0244,41.4683000000001
37359,17092,1993,Sugar Brook,Quantified_Electrofishing_all_species_cencus,"Brook Trout, Wild",PLAINFIELD,3700,170921993,154,Windham,-71.9381,41.7144000000001
37364,17092,2015,Sugar Brook,Quantified_Electrofishing_all_species_cencus,"Brook Trout, Wild",PLAINFIELD,3700,170922015,42,Windham,-71.9381,41.7144000000001
37368,17092,2023,Sugar Brook,Quantified_Electrofishing_all_species_cencus,"Brook Trout, Wild",PLAINFIELD,3700,170922023,19,Windham,-71.9381,41.7144000000001
37375,17093,1989,Sumner Brook,Quantified_Electrofishing_all_species_cencus,"Brook Trout, Wild",MIDDLETOWN,4013,170931989,1,Middlesex,-72.6297,41.5183000000001
37396,17094,1993,Susquetonscut Brook,Quantified_Electrofishing_all_species_cencus,"Brook Trout, Wild",FRANKLIN,3907,170941993,2,New London,-72.153,41.5969000000001
37407,17095,1993,Susquetonscut Brook,Quantified_Electrofishing_all_species_cencus,"Brook Trout, Wild",LEBANON,3907,170951993,1,New London,-72.2042,41.6439
37439,17104,1990,Tatetuck Brook,Quantified_Electrofishing_all_species_cencus,"Brook Trout, Wild",EASTON,7108,171041990,105,Fairfield,-73.2819,41.2831
37450,17105,1990,Tatetuck Brook,Quantified_Electrofishing_all_species_cencus,"Brook Trout, Wild",EASTON,7108,171051990,29,Fairfield,-73.28194,41.2830500000001
37458,17105,2019,Tatetuck Brook,Quantified_Electrofishing_all_species_cencus,"Brook Trout, Wild",EASTON,7108,171052019,28,Fairfield,-73.28194,41.2830500000001
37461,17106,1994,Tatnic Brook,Quantified_Electrofishing_all_species_cencus,"Brook Trout, Wild",CANTERBURY,3711,171061994,3,Windham,-71.9542,41.7361000000001
37471,17108,1994,Taylor Brook,Quantified_Electrofishing_all_species_cencus,"Brook Trout, Wild",WOODSTOCK,3707,171081994,1,Windham,-72.0003,41.9386000000001
37502,17111,1994,Tenmile River,Quantified_Electrofishing_all_species_cencus,"Brook Trout, Wild",LEBANON,3110,171111994,1,New London,-72.2555,41.7003
37510,17112,1994,"Tenmile River, tributary to",Quantified_Electrofishing_all_species_cencus,"Brook Trout, Wild",LEBANON,3110,171121994,64,New London,-72.2372,41.6978
37516,17113,1992,Thayer Brook,Quantified_Electrofishing_all_species_cencus,"Brook Trout, Wild",KENT,6000,171131992,25,Litchfield,-73.4912429999999,41.7101260000001
37519,17114,1994,Theims Brook,Quantified_Electrofishing_all_species_cencus,"Brook Trout, Wild",COVENTRY,3108,171141994,3,Tolland,-72.3169,41.7328000000001
37527,17115,1988,Thompson Brook,Quantified_Electrofishing_all_species_cencus,"Brook Trout, Wild",AVON,4316,171151988,10,Hartford,-72.8361,41.7725
37536,17116,1993,Thompson Brook,Quantified_Electrofishing_all_species_cencus,"Brook Trout, Wild",GROTON,2107,171161993,147,New London,-72.0411,41.3975
37539,17117,1989,Thrasher Brook,Quantified_Electrofishing_all_species_cencus,"Brook Trout, Wild",SOMERS,4200,171171989,45,Tolland,-72.4533,42.0172000000001
37549,17119,1991,Todd Hollow Brook,Quantified_Electrofishing_all_species_cencus,"Brook Trout, Wild",PLYMOUTH,6911,171191991,37,Litchfield,-73.0361,41.6522000000001
37555,17120,1991,Todd Hollow Brook,Quantified_Electrofishing_all_species_cencus,"Brook Trout, Wild",PLYMOUTH,6911,171201991,11,Litchfield,-73.0414,41.6708
37559,17121,1988,Torringford Brook,Quantified_Electrofishing_all_species_cencus,"Brook Trout, Wild",NEW HARTFORD,4310,171211988,116,Litchfield,-73.0407999999999,41.8345
37566,17121,2019,Torringford Brook,Quantified_Electrofishing_all_species_cencus,"Brook Trout, Wild",NEW HARTFORD,4310,171212019,16,Litchfield,-73.0407999999999,41.8345
37572,17122,1991,Towantic Brook,Quantified_Electrofishing_all_species_cencus,"Brook Trout, Wild",OXFORD,6920,171221991,77,New Haven,-73.1043999999999,41.4408
37582,17122,2019,Towantic Brook,Quantified_Electrofishing_all_species_cencus,"Brook Trout, Wild",OXFORD,6920,171222019,30,New Haven,-73.1043999999999,41.4408
37585,17122,2023,Towantic Brook,Quantified_Electrofishing_all_species_cencus,"Brook Trout, Wild",OXFORD,6920,171222023,34,New Haven,-73.1043999999999,41.4408
37589,17123,1993,Trading Cove Brook,Quantified_Electrofishing_all_species_cencus,"Brook Trout, Wild",BOZRAH,3001,171231993,5,New London,-72.1799999999999,41.5169000000001
37628,17125,1991,Transylvania Brook,Quantified_Electrofishing_all_species_cencus,"Brook Trout, Wild",SOUTHBURY,6806,171251991,89,New Haven,-73.2574999999999,41.4956
37634,17125,2014,Transylvania Brook,Quantified_Electrofishing_all_species_cencus,"Brook Trout, Wild",SOUTHBURY,6806,171252014,2,New Haven,-73.2574999999999,41.4956
37638,17125,2021,Transylvania Brook,Quantified_Electrofishing_all_species_cencus,"Brook Trout, Wild",SOUTHBURY,6806,171252021,9,New Haven,-73.2574999999999,41.4956
37643,17126,1991,Transylvania Brook,Quantified_Electrofishing_all_species_cencus,"Brook Trout, Wild",SOUTHBURY,6806,171261991,2,New Haven,-73.2606,41.4781
37664,17127,1991,"Bullymuck Brook, tributary to",Quantified_Electrofishing_all_species_cencus,"Brook Trout, Wild",NEW MILFORD,6000,171271991,12,Litchfield,-73.4630999999999,41.5889000000001
37668,17129,1991,"Deep Brook, tributary to",Quantified_Electrofishing_all_species_cencus,"Brook Trout, Wild",NEWTOWN,6019,171291991,12,Fairfield,-73.3153,41.3922000000001
37672,17129,2012,"Deep Brook, tributary to",Quantified_Electrofishing_all_species_cencus,"Brook Trout, Wild",NEWTOWN,6019,171292012,24,Fairfield,-73.3153,41.3922000000001
37675,17130,1991,"East Spring Brook, tributary to",Quantified_Electrofishing_all_species_cencus,"Brook Trout, Wild",BETHLEHEM,6801,171301991,21,Litchfield,-73.1997,41.6292
37676,17131,1991,"Lake Lillinonah, tributary to",Quantified_Electrofishing_all_species_cencus,"Brook Trout, Wild",BRIDGEWATER,6000,171311991,130,Litchfield,-73.3839,41.5189
37677,17132,1991,"Putnam Lake, tributary to",Quantified_Electrofishing_all_species_cencus,"Brook Trout, Wild",NEW FAIRFIELD,8102,171321991,17,Fairfield,-73.5286,41.4747
37679,17133,1991,"Transylvania Brook, tributary to",Quantified_Electrofishing_all_species_cencus,"Brook Trout, Wild",SOUTHBURY,6806,171331991,30,New Haven,-73.27,41.5069
37681,17133,2019,"Transylvania Brook, tributary to",Quantified_Electrofishing_all_species_cencus,"Brook Trout, Wild",SOUTHBURY,6806,171332019,14,New Haven,-73.27,41.5069
37684,17134,1991,"Transylvania Brook, tributary to",Quantified_Electrofishing_all_species_cencus,"Brook Trout, Wild",ROXBURY,6806,171341991,96,Litchfield,-73.2553,41.5142000000001
37686,17134,2019,"Transylvania Brook, tributary to",Quantified_Electrofishing_all_species_cencus,"Brook Trout, Wild",ROXBURY,6806,171342019,3,Litchfield,-73.2553,41.5142000000001
37689,17135,1991,"Walker Brook, tributary to",Quantified_Electrofishing_all_species_cencus,"Brook Trout, Wild",NEW MILFORD,6700,171351991,17,Litchfield,-73.355702,41.6143430000001
37692,17135,2019,"Walker Brook, tributary to",Quantified_Electrofishing_all_species_cencus,"Brook Trout, Wild",NEW MILFORD,6700,171352019,1,Litchfield,-73.355702,41.6143430000001
37695,17136,1991,"Walker Brook, tributary to",Quantified_Electrofishing_all_species_cencus,"Brook Trout, Wild",NEW MILFORD,6700,171361991,13,Litchfield,-73.3522,41.6003000000001
37699,17137,1991,"Wigwam Brook, tributary to",Quantified_Electrofishing_all_species_cencus,"Brook Trout, Wild",LITCHFIELD,6910,171371991,2,Litchfield,-73.1439,41.7072000000001
37702,17138,1992,Nylbs Brook,Quantified_Electrofishing_all_species_cencus,"Brook Trout, Wild",MORRIS,6705,171381992,9,Litchfield,-73.2655999999999,41.6883
37712,17141,1992,"Cobble Brook, tributary to",Quantified_Electrofishing_all_species_cencus,"Brook Trout, Wild",KENT,6013,171411992,33,Litchfield,-73.448011,41.7170150000001
37719,17142,1992,"East Aspetuck River, tributary to",Quantified_Electrofishing_all_species_cencus,"Brook Trout, Wild",WASHINGTON,6502,171421992,6,Litchfield,-73.3625,41.6689000000001
37725,17144,1992,"East Br. Naugatuck River, tributary to",Quantified_Electrofishing_all_species_cencus,"Brook Trout, Wild",TORRINGTON,6905,171441992,17,Litchfield,-73.1261,41.8586000000001
37733,17145,1992,"East Br. Naugatuck River, tributary to",Quantified_Electrofishing_all_species_cencus,"Brook Trout, Wild",TORRINGTON,6905,171451992,61,Litchfield,-73.1217,41.8708
37736,17145,2019,"East Br. Naugatuck River, tributary to",Quantified_Electrofishing_all_species_cencus,"Brook Trout, Wild",TORRINGTON,6905,171452019,7,Litchfield,-73.1217,41.8708
37739,17146,1992,"East Br. Shepaug River, tributary to",Quantified_Electrofishing_all_species_cencus,"Brook Trout, Wild",LITCHFIELD,6700,171461992,1,Litchfield,-73.2927999999999,41.7158000000001
37740,17147,1992,"East Br. Shepaug River, tributary to",Quantified_Electrofishing_all_species_cencus,"Brook Trout, Wild",CORNWALL,6700,171471992,44,Litchfield,-73.295,41.8264
37742,17147,2015,"East Br. Shepaug River, tributary to",Quantified_Electrofishing_all_species_cencus,"Brook Trout, Wild",CORNWALL,6700,171472015,100,Litchfield,-73.295,41.8264
37744,17148,1992,"Hall Meadow Brook, tributary to",Quantified_Electrofishing_all_species_cencus,"Brook Trout, Wild",NORFOLK,6901,171481992,183,Litchfield,-73.1881,41.9189000000001
37751,17148,2011,"Hall Meadow Brook, tributary to",Quantified_Electrofishing_all_species_cencus,"Brook Trout, Wild",NORFOLK,6901,171482011,44,Litchfield,-73.1881,41.9189000000001
37758,17148,2014,"Hall Meadow Brook, tributary to",Quantified_Electrofishing_all_species_cencus,"Brook Trout, Wild",NORFOLK,6901,171482014,119,Litchfield,-73.1881,41.9189000000001
37762,17148,2023,"Hall Meadow Brook, tributary to",Quantified_Electrofishing_all_species_cencus,"Brook Trout, Wild",NORFOLK,6901,171482023,119,Litchfield,-73.1881,41.9189000000001
37769,17150,1992,"Kent Falls Brook, tributary to",Quantified_Electrofishing_all_species_cencus,"Brook Trout, Wild",WARREN,6012,171501992,114,Litchfield,-73.3935999999999,41.7544
37771,17151,1992,"Lake Waramaug Brook, tributary to",Quantified_Electrofishing_all_species_cencus,"Brook Trout, Wild",WARREN,6502,171511992,32,Litchfield,-73.3369,41.7383
37780,17151,2019,"Lake Waramaug Brook, tributary to",Quantified_Electrofishing_all_species_cencus,"Brook Trout, Wild",WARREN,6502,171512019,16,Litchfield,-73.3369,41.7383
37783,17152,1992,"Leadmine Brook, tributary to",Quantified_Electrofishing_all_species_cencus,"Brook Trout, Wild",HARWINTON,6900,171521992,25,Litchfield,-73.0821999999999,41.7386000000001
37786,17153,1992,"Macedonia Brook, tributary to",Quantified_Electrofishing_all_species_cencus,"Brook Trout, Wild",KENT,6015,171531992,20,Litchfield,-73.4858,41.7839000000001
37790,17154,1992,"Naromiyocknowhusunkatankshunk Brook, tributary to",Quantified_Electrofishing_all_species_cencus,"Brook Trout, Wild",SHERMAN,6017,171541992,47,Fairfield,-73.4901,41.6106
37799,17155,1992,"Naugatuck River, tributary to",Quantified_Electrofishing_all_species_cencus,"Brook Trout, Wild",LITCHFIELD,6900,171551992,84,Litchfield,-73.105,41.7314000000001
37805,17155,2007,"Naugatuck River, tributary to",Quantified_Electrofishing_all_species_cencus,"Brook Trout, Wild",LITCHFIELD,6900,171552007,15,Litchfield,-73.105,41.7314000000001
37808,17156,1992,"Nickelmine Brook, tributary to",Quantified_Electrofishing_all_species_cencus,"Brook Trout, Wild",GOSHEN,6705,171561992,4,Litchfield,-73.1931939999999,41.850288
37813,17157,1992,"Rock Brook, tributary to",Quantified_Electrofishing_all_species_cencus,"Brook Trout, Wild",HARWINTON,6907,171571992,25,Litchfield,-73.0228,41.7764000000001
37821,17157,2019,"Rock Brook, tributary to",Quantified_Electrofishing_all_species_cencus,"Brook Trout, Wild",HARWINTON,6907,171572019,6,Litchfield,-73.0228,41.7764000000001
37840,17160,1992,"Shepaug River, unnamed tributary to",Quantified_Electrofishing_all_species_cencus,"Brook Trout, Wild",WASHINGTON,6700,171601992,75,Litchfield,-73.3206,41.6561
37845,17162,1992,"West Aspetuck River, tributary to",Quantified_Electrofishing_all_species_cencus,"Brook Trout, Wild",KENT,6500,171621992,190,Litchfield,-73.3905999999999,41.7153000000001
37846,17162,2018,"West Aspetuck River, tributary to",Quantified_Electrofishing_all_species_cencus,"Brook Trout, Wild",KENT,6500,171622018,40,Litchfield,-73.3905999999999,41.7153000000001
37847,17163,1992,"West Aspetuck River, tributary to",Quantified_Electrofishing_all_species_cencus,"Brook Trout, Wild",NEW MILFORD,6500,171631992,9,Litchfield,-73.3896999999999,41.6725000000001
37854,17165,1992,Valley Brook,Quantified_Electrofishing_all_species_cencus,"Brook Trout, Wild",CORNWALL,6010,171651992,56,Litchfield,-73.3346999999999,41.8239
37862,17166,1990,Round Pond Brook,Quantified_Electrofishing_all_species_cencus,"Brook Trout, Wild",RIDGEFIELD,8105,171661990,43,Fairfield,-73.5456,41.3000000000001
37866,17166,2008,Round Pond Brook,Quantified_Electrofishing_all_species_cencus,"Brook Trout, Wild",RIDGEFIELD,8105,171662008,3,Fairfield,-73.5456,41.3000000000001
37869,17167,1992,Wachocastinook Creek,Quantified_Electrofishing_all_species_cencus,"Brook Trout, Wild",SALISBURY,6005,171671992,25,Litchfield,-73.4435999999999,41.9983
37876,17167,2011,Wachocastinook Creek,Quantified_Electrofishing_all_species_cencus,"Brook Trout, Wild",SALISBURY,6005,171672011,7,Litchfield,-73.4435999999999,41.9983
37881,17167,2012,Wachocastinook Creek,Quantified_Electrofishing_all_species_cencus,"Brook Trout, Wild",SALISBURY,6005,171672012,26,Litchfield,-73.4435999999999,41.9983
37886,17167,2013,Wachocastinook Creek,Quantified_Electrofishing_all_species_cencus,"Brook Trout, Wild",SALISBURY,6005,171672013,11,Litchfield,-73.4435999999999,41.9983
37890,17167,2014,Wachocastinook Creek,Quantified_Electrofishing_all_species_cencus,"Brook Trout, Wild",SALISBURY,6005,171672014,13,Litchfield,-73.4435999999999,41.9983
37892,17167,2015,Wachocastinook Creek,Quantified_Electrofishing_all_species_cencus,"Brook Trout, Wild",SALISBURY,6005,171672015,14,Litchfield,-73.4435999999999,41.9983
37895,17167,2018,Wachocastinook Creek,Quantified_Electrofishing_all_species_cencus,"Brook Trout, Wild",SALISBURY,6005,171672018,8,Litchfield,-73.4435999999999,41.9983
37899,17167,2019,Wachocastinook Creek,Quantified_Electrofishing_all_species_cencus,"Brook Trout, Wild",SALISBURY,6005,171672019,13,Litchfield,-73.4435999999999,41.9983
37909,17169,1993,Waldo Brook,Quantified_Electrofishing_all_species_cencus,"Brook Trout, Wild",SPRAGUE,3800,171691993,103,New London,-72.0986,41.6547
37919,17169,2014,Waldo Brook,Quantified_Electrofishing_all_species_cencus,"Brook Trout, Wild",SPRAGUE,3800,171692014,35,New London,-72.0986,41.6547
37926,17169,2023,Waldo Brook,Quantified_Electrofishing_all_species_cencus,"Brook Trout, Wild",SPRAGUE,3800,171692023,10,New London,-72.0986,41.6547
37932,17170,1991,Walker Brook,Quantified_Electrofishing_all_species_cencus,"Brook Trout, Wild",WASHINGTON,6700,171701991,1,Litchfield,-73.3497,41.6078000000001
37945,17172,1992,Wangum Lake Brook,Quantified_Electrofishing_all_species_cencus,"Brook Trout, Wild",CANAAN,6202,171721992,28,Litchfield,-73.2791999999999,41.9528
37950,17172,2019,Wangum Lake Brook,Quantified_Electrofishing_all_species_cencus,"Brook Trout, Wild",CANAAN,6202,171722019,14,Litchfield,-73.2791999999999,41.9528
37954,17173,1992,Waramaug Brook,Quantified_Electrofishing_all_species_cencus,"Brook Trout, Wild",WARREN,6502,171731992,2,Litchfield,-73.3414,41.7397
37975,17176,1991,Weekeepeemee River,Quantified_Electrofishing_all_species_cencus,"Brook Trout, Wild",BETHLEHEM,6804,171761991,3,Litchfield,-73.2247,41.6486
37990,17178,1991,Welton Brook,Quantified_Electrofishing_all_species_cencus,"Brook Trout, Wild",WATERBURY,6916,171781991,2,New Haven,-73.0735999999999,41.5217000000001
37999,17179,1992,West Aspetuck River,Quantified_Electrofishing_all_species_cencus,"Brook Trout, Wild",KENT,6500,171791992,27,Litchfield,-73.4014,41.6989
38010,17179,2015,West Aspetuck River,Quantified_Electrofishing_all_species_cencus,"Brook Trout, Wild",KENT,6500,171792015,6,Litchfield,-73.4014,41.6989
38019,17179,2018,West Aspetuck River,Quantified_Electrofishing_all_species_cencus,"Brook Trout, Wild",KENT,6500,171792018,15,Litchfield,-73.4014,41.6989
38060,17182,2014,West Branch Butternut Brook,Quantified_Electrofishing_all_species_cencus,"Brook Trout, Wild",LITCHFIELD,6704,171822014,1,Litchfield,-73.2375,41.7595000000001
38066,17183,1992,West Branch Leadmine Brook,Quantified_Electrofishing_all_species_cencus,"Brook Trout, Wild",HARWINTON,6908,171831992,10,Litchfield,-73.0796999999999,41.7942
38083,17185,1992,West Branch Shepaug River,Quantified_Electrofishing_all_species_cencus,"Brook Trout, Wild",CORNWALL,6702,171851992,78,Litchfield,-73.3228,41.7947
38088,17186,1991,Wewaka Brook,Quantified_Electrofishing_all_species_cencus,"Brook Trout, Wild",BRIDGEWATER,6000,171861991,5,Litchfield,-73.3507999999999,41.4878
38097,17186,2010,Wewaka Brook,Quantified_Electrofishing_all_species_cencus,"Brook Trout, Wild",BRIDGEWATER,6000,171862010,17,Litchfield,-73.3507999999999,41.4878
38100,17186,2012,Wewaka Brook,Quantified_Electrofishing_all_species_cencus,"Brook Trout, Wild",BRIDGEWATER,6000,171862012,9,Litchfield,-73.3507999999999,41.4878
38106,17186,2014,Wewaka Brook,Quantified_Electrofishing_all_species_cencus,"Brook Trout, Wild",BRIDGEWATER,6000,171862014,3,Litchfield,-73.3507999999999,41.4878
38113,17187,1993,Wheeler Brook,Quantified_Electrofishing_all_species_cencus,"Brook Trout, Wild",STONINGTON,2101,171871993,38,New London,-71.8814,41.4072
38120,17188,1994,Whetstone Brook,Quantified_Electrofishing_all_species_cencus,"Brook Trout, Wild",KILLINGLY,3404,171881994,26,Windham,-71.8543999999999,41.8347000000001
38136,17189,1994,White Brook,Quantified_Electrofishing_all_species_cencus,"Brook Trout, Wild",POMFRET,3710,171891994,9,Windham,-71.9338999999999,41.8342000000001
38151,17191,1993,Whitford Brook (Lantern Hill),Quantified_Electrofishing_all_species_cencus,"Brook Trout, Wild",NORTH STONINGTON,2104,171911993,1,New London,-71.9483,41.455
38158,17192,1992,Whittlesey Brook,Quantified_Electrofishing_all_species_cencus,"Brook Trout, Wild",MORRIS,6705,171921992,3,Litchfield,-73.2205999999999,41.6864
38177,17193,1991,Wigwam Brook,Quantified_Electrofishing_all_species_cencus,"Brook Trout, Wild",LITCHFIELD,6910,171931991,23,Litchfield,-73.1492,41.7069000000001
38182,17193,2015,Wigwam Brook,Quantified_Electrofishing_all_species_cencus,"Brook Trout, Wild",LITCHFIELD,6910,171932015,12,Litchfield,-73.1492,41.7069000000001
38188,17194,1993,"Williams Brook, Tributary to",Quantified_Electrofishing_all_species_cencus,"Brook Trout, Wild",LEDYARD,2103,171941993,10,New London,-71.9727999999999,41.4470000000001
38263,17201,1993,Willys Meadow Brook,Quantified_Electrofishing_all_species_cencus,"Brook Trout, Wild",WATERFORD,2203,172011993,17,New London,-72.1878,41.3811000000001
38290,17205,1992,Womenshenuck Brook,Quantified_Electrofishing_all_species_cencus,"Brook Trout, Wild",NEW MILFORD,6016,172051992,19,Litchfield,-73.4766999999999,41.6547
38302,17206,1992,Womenshenuck Brook,Quantified_Electrofishing_all_species_cencus,"Brook Trout, Wild",NEW MILFORD,6016,172061992,7,Litchfield,-73.479476,41.6462710000001
38342,17207,1991,Wood Creek,Quantified_Electrofishing_all_species_cencus,"Brook Trout, Wild",BETHLEHEM,6804,172071991,110,Litchfield,-73.2411,41.6486
38345,17208,1992,Wood Creek,Quantified_Electrofishing_all_species_cencus,"Brook Trout, Wild",NORFOLK,6100,172081992,4,Litchfield,-73.1967,42.0119
38370,17210,1993,Wyassup Brook,Quantified_Electrofishing_all_species_cencus,"Brook Trout, Wild",NORTH STONINGTON,1001,172101993,68,New London,-71.8586,41.4719000000001
38375,17210,2019,Wyassup Brook,Quantified_Electrofishing_all_species_cencus,"Brook Trout, Wild",NORTH STONINGTON,1001,172102019,4,New London,-71.8586,41.4719000000001
38402,17215,1993,Yawbucs Brook,Quantified_Electrofishing_all_species_cencus,"Brook Trout, Wild",NORTH STONINGTON,1004,172151993,25,New London,-71.8939,41.465
38418,17271,2015,Cherry Brook,Quantified_Electrofishing_all_species_cencus,"Brook Trout, Wild",CANTON,4309,172712015,13,Hartford,-72.9063,41.8733
38440,17283,2012,Chalker Brook,Quantified_Electrofishing_all_species_cencus,"Brook Trout, Wild",DURHAM,4607,172832012,1,Middlesex,-72.6799999999999,41.4536000000001
38451,17285,2012,Ellen Doyle Brook,Quantified_Electrofishing_all_species_cencus,"Brook Trout, Wild",MIDDLEFIELD,4607,172852012,1,Middlesex,-72.7114,41.5112
38470,17293,2008,Roaring Brook,Quantified_Electrofishing_all_species_cencus,"Brook Trout, Wild",STAFFORD,3104,172932008,4,Tolland,-72.2585999999999,41.9457
38476,17294,2008,Mount Hope River,Quantified_Electrofishing_all_species_cencus,"Brook Trout, Wild",ASHFORD,3206,172942008,3,Windham,-72.1713,41.8902
38496,17296,2008,Little River,Quantified_Electrofishing_all_species_cencus,"Brook Trout, Wild",HAMPTON,3805,172962008,25,Windham,-72.0527,41.7433
38540,17300,2010,Cabin Brook,Quantified_Electrofishing_all_species_cencus,"Brook Trout, Wild",COLCHESTER,4703,173002010,40,New London,-72.3167,41.5605
38543,17300,2012,Cabin Brook,Quantified_Electrofishing_all_species_cencus,"Brook Trout, Wild",COLCHESTER,4703,173002012,40,New London,-72.3167,41.5605
38555,17312,2013,Gulf Brook,Quantified_Electrofishing_all_species_cencus,"Brook Trout, Wild",NORTH BRANFORD,5112,173122013,8,New Haven,-72.7805999999999,41.3805
38557,17312,2018,Gulf Brook,Quantified_Electrofishing_all_species_cencus,"Brook Trout, Wild",NORTH BRANFORD,5112,173122018,11,New Haven,-72.7805999999999,41.3805
38572,17314,2009,Fivemile Brook,Quantified_Electrofishing_all_species_cencus,"Brook Trout, Wild",OXFORD,6000,173142009,56,New Haven,-73.1541,41.3916
38577,17314,2018,Fivemile Brook,Quantified_Electrofishing_all_species_cencus,"Brook Trout, Wild",OXFORD,6000,173142018,3,New Haven,-73.1541,41.3916
38580,17318,2010,Jordan Brook,Quantified_Electrofishing_all_species_cencus,"Brook Trout, Wild",WATERFORD,2201,173182010,28,New London,-72.1509,41.3683
38586,17321,2011,East Spring Brook,Quantified_Electrofishing_all_species_cencus,"Brook Trout, Wild",BETHLEHEM,6801,173212011,10,Litchfield,-73.1761,41.6121000000001
38596,17321,2019,East Spring Brook,Quantified_Electrofishing_all_species_cencus,"Brook Trout, Wild",BETHLEHEM,6801,173212019,3,Litchfield,-73.1761,41.6121000000001
38604,17323,2010,Heft Brook,Quantified_Electrofishing_all_species_cencus,"Brook Trout, Wild",KILLINGWORTH,5103,173232010,6,Middlesex,-72.544,41.4022000000001
38619,17333,2016,Wood Creek,Quantified_Electrofishing_all_species_cencus,"Brook Trout, Wild",BETHLEHEM,6804,173332016,27,Litchfield,-73.2257,41.6275000000001
38627,17339,2023,Aggard Brook,Quantified_Electrofishing_all_species_cencus,"Brook Trout, Wild",STAFFORD,3103,173392023,8,Tolland,-72.2506999999999,42.0235000000001
38629,17340,2008,Alden Brook,Quantified_Electrofishing_all_species_cencus,"Brook Trout, Wild",STAFFORD,3103,173402008,11,Tolland,-72.2834,41.9954000000001
38643,17351,2008,Brigham Tavern Brook,Quantified_Electrofishing_all_species_cencus,"Brook Trout, Wild",COVENTRY,3100,173512008,3,Tolland,-72.3124,41.801
38645,17354,2006,Bush Meadow Brook,Quantified_Electrofishing_all_species_cencus,"Brook Trout, Wild",UNION,3203,173542006,4,Tolland,-72.153154,41.975939
38648,17360,2014,Diamond Ledge Brook,Quantified_Electrofishing_all_species_cencus,"Brook Trout, Wild",STAFFORD,3101,173602014,56,Tolland,-72.3539,41.9713
38652,17362,2014,Ellis Brook,Quantified_Electrofishing_all_species_cencus,"Brook Trout, Wild",STAFFORD,3101,173622014,32,Tolland,-72.3638,41.9897
38678,17379,2011,Little River,Quantified_Electrofishing_all_species_cencus,"Brook Trout, Wild",REDDING,7201,173792011,6,Fairfield,-73.3692,41.2919000000001
38694,17391,2011,Mill River,Quantified_Electrofishing_all_species_cencus,"Brook Trout, Wild",EASTON,7108,173912011,13,Fairfield,-73.254,41.2412
38706,17391,2012,Mill River,Quantified_Electrofishing_all_species_cencus,"Brook Trout, Wild",EASTON,7108,173912012,17,Fairfield,-73.254,41.2412
38713,17393,2019,Naromiyocknowhusunkatankshunk Brook (FKA Morrisey),Quantified_Electrofishing_all_species_cencus,"Brook Trout, Wild",SHERMAN,6017,173932019,33,Fairfield,-73.4884,41.6103000000001
38720,17398,2015,Freeman Hill Brook (formerly Negro Hill Brook),Quantified_Electrofishing_all_species_cencus,"Brook Trout, Wild",BURLINGTON,4314,173982015,41,Hartford,-72.95,41.7254
38723,17403,2008,Potash Brook,Quantified_Electrofishing_all_species_cencus,"Brook Trout, Wild",STAFFORD,3103,174032008,5,Tolland,-72.2592999999999,42.0189
38728,17403,2014,Potash Brook,Quantified_Electrofishing_all_species_cencus,"Brook Trout, Wild",STAFFORD,3103,174032014,12,Tolland,-72.2592999999999,42.0189
38740,17407,2008,Safford Brook,Quantified_Electrofishing_all_species_cencus,"Brook Trout, Wild",WOODSTOCK,3201,174072008,6,Windham,-72.0583999999999,41.9262000000001
38763,17414,2011,Shepaug River,Quantified_Electrofishing_all_species_cencus,"Brook Trout, Wild",WARREN,6700,174142011,2,Litchfield,-73.2927999999999,41.7185000000001
38804,17414,2015,Shepaug River,Quantified_Electrofishing_all_species_cencus,"Brook Trout, Wild",WARREN,6700,174142015,3,Litchfield,-73.2927999999999,41.7185000000001
38845,17435,2011,Wachocastinook Creek,Quantified_Electrofishing_all_species_cencus,"Brook Trout, Wild",SALISBURY,6005,174352011,1,Litchfield,-73.4677,42.0048
38849,17435,2012,Wachocastinook Creek,Quantified_Electrofishing_all_species_cencus,"Brook Trout, Wild",SALISBURY,6005,174352012,3,Litchfield,-73.4677,42.0048
38853,17436,2011,Wachocastinook Creek,Quantified_Electrofishing_all_species_cencus,"Brook Trout, Wild",SALISBURY,6005,174362011,6,Litchfield,-73.4417,41.9967
38860,17436,2012,Wachocastinook Creek,Quantified_Electrofishing_all_species_cencus,"Brook Trout, Wild",SALISBURY,6005,174362012,4,Litchfield,-73.4417,41.9967
38865,17436,2013,Wachocastinook Creek,Quantified_Electrofishing_all_species_cencus,"Brook Trout, Wild",SALISBURY,6005,174362013,1,Litchfield,-73.4417,41.9967
38869,17436,2014,Wachocastinook Creek,Quantified_Electrofishing_all_species_cencus,"Brook Trout, Wild",SALISBURY,6005,174362014,3,Litchfield,-73.4417,41.9967
38871,17436,2018,Wachocastinook Creek,Quantified_Electrofishing_all_species_cencus,"Brook Trout, Wild",SALISBURY,6005,174362018,2,Litchfield,-73.4417,41.9967
38874,17436,2019,Wachocastinook Creek,Quantified_Electrofishing_all_species_cencus,"Brook Trout, Wild",SALISBURY,6005,174362019,3,Litchfield,-73.4417,41.9967
38877,17436,2023,Wachocastinook Creek,Quantified_Electrofishing_all_species_cencus,"Brook Trout, Wild",SALISBURY,6005,174362023,4,Litchfield,-73.4417,41.9967
38887,17462,2006,burnap brook,Quantified_Electrofishing_all_species_cencus,"Brook Trout, Wild",ANDOVER,3107,174622006,45,Tolland,-72.3923,41.7486000000001
38896,17462,2014,burnap brook,Quantified_Electrofishing_all_species_cencus,"Brook Trout, Wild",ANDOVER,3107,174622014,3,Tolland,-72.3923,41.7486000000001
38919,17471,2014,Rufus brook,Quantified_Electrofishing_all_species_cencus,"Brook Trout, Wild",COVENTRY,3108,174712014,4,Tolland,-72.3242,41.7393000000001
38984,17530,2010,Haleys Brook,Quantified_Electrofishing_all_species_cencus,"Brook Trout, Wild",GROTON,2105,175302010,9,New London,-71.97682,41.38712
38991,17530,2011,Haleys Brook,Quantified_Electrofishing_all_species_cencus,"Brook Trout, Wild",GROTON,2105,175302011,8,New London,-71.97682,41.38712
38998,17531,2010,Stony Brook,Quantified_Electrofishing_all_species_cencus,"Brook Trout, Wild",WATERFORD,2204,175312010,9,New London,-72.1732699999999,41.3709900000001
39000,17532,2012,Bride Brook,Quantified_Electrofishing_all_species_cencus,"Brook Trout, Wild",EAST LYME,2206,175322012,106,New London,-72.2452,41.34121
39019,17546,2010,Billings Avery Brook,Quantified_Electrofishing_all_species_cencus,"Brook Trout, Wild",LEDYARD,3000,175462010,4,New London,-72.06433,41.4589100000001
39098,17574,2012,Creamery Brook,Quantified_Electrofishing_all_species_cencus,"Brook Trout, Wild",ELLINGTON,4206,175742012,42,Tolland,-72.5082,41.9256
39102,17574,2018,Creamery Brook,Quantified_Electrofishing_all_species_cencus,"Brook Trout, Wild",ELLINGTON,4206,175742018,26,Tolland,-72.5082,41.9256
39108,17582,2014,Knowlton Brook,Quantified_Electrofishing_all_species_cencus,"Brook Trout, Wild",ASHFORD,3205,175822014,4,Windham,-72.202928,41.868907
39163,17631,2011,Hart Brook,Quantified_Electrofishing_all_species_cencus,"Brook Trout, Wild",TORRINGTON,6902,176312011,9,Litchfield,-73.166907,41.864378
39167,17632,2011,Wildcat Brook,Quantified_Electrofishing_all_species_cencus,"Brook Trout, Wild",BURLINGTON,4314,176322011,18,Hartford,-72.9325709999999,41.7279050000001
39174,17633,2011,Whigville Brook,Quantified_Electrofishing_all_species_cencus,"Brook Trout, Wild",BURLINGTON,4314,176332011,9,Hartford,-72.9362409999999,41.727112
39183,17634,2011,Race Brook,Quantified_Electrofishing_all_species_cencus,"Brook Trout, Wild",ORANGE,5307,176342011,42,New Haven,-73.029963,41.292043
39197,17635,2011,Shattuck Brook,Quantified_Electrofishing_all_species_cencus,"Brook Trout, Wild",MIDDLEBURY,6916,176352011,17,New Haven,-73.079168,41.5201880000001
39206,17636,2011,Goat Brook,Quantified_Electrofishing_all_species_cencus,"Brook Trout, Wild",MIDDLEBURY,6916,176362011,1,New Haven,-73.109991,41.5357720000001
39220,17639,2011,Kent Falls Brook,Quantified_Electrofishing_all_species_cencus,"Brook Trout, Wild",KENT,6012,176392011,2,Litchfield,-73.4131869999999,41.7726030000001
39246,17655,2011,Northfield Brook,Quantified_Electrofishing_all_species_cencus,"Brook Trout, Wild",THOMASTON,6909,176552011,5,Litchfield,-73.0802449999999,41.669294
39263,17658,2011,East Branch Naugatuck River,Quantified_Electrofishing_all_species_cencus,"Brook Trout, Wild",WINCHESTER,6905,176582011,8,Litchfield,-73.1365489999999,41.8853120000001
39270,17659,2011,Ocain Brook,Quantified_Electrofishing_all_species_cencus,"Brook Trout, Wild",CORNWALL,6200,176592011,49,Litchfield,-73.269037,41.9000520000001
39274,17661,2011,Sawmill Brook,Quantified_Electrofishing_all_species_cencus,"Brook Trout, Wild",SHERMAN,6401,176612011,12,Fairfield,-73.507742,41.5825080000001
39284,17663,2011,Walker Brook,Quantified_Electrofishing_all_species_cencus,"Brook Trout, Wild",WASHINGTON,6700,176632011,6,Litchfield,-73.350748,41.6043720000001
39290,17665,2023,Hemp Swamp Brook,Quantified_Electrofishing_all_species_cencus,"Brook Trout, Wild",BEACON FALLS,6900,176652023,3,New Haven,-73.073411,41.427912
39368,17703,2011,Railroad Brook,Quantified_Electrofishing_all_species_cencus,"Brook Trout, Wild",VERNON,4503,177032011,25,Tolland,-72.4454689999999,41.819125
39397,17729,2013,Shepaug River,Quantified_Electrofishing_all_species_cencus,"Brook Trout, Wild",WASHINGTON,6700,177292013,1,Litchfield,-73.3191669999999,41.652089
39416,17742,2006,Jacks Brook,Quantified_Electrofishing_all_species_cencus,"Brook Trout, Wild",ROXBURY,6706,177422006,49,Litchfield,-73.2857519999999,41.5327820000001
39449,17761,2007,Battle Swamp Brook,Quantified_Electrofishing_all_species_cencus,"Brook Trout, Wild",ROXBURY,6700,177612007,17,Litchfield,-73.33167,41.5819300000001
39466,17777,2010,Cold Brook,Quantified_Electrofishing_all_species_cencus,"Brook Trout, Wild",NORWICH,3800,177772010,27,New London,-72.072051,41.6022520000001
39468,17778,2010,Cold Brook,Quantified_Electrofishing_all_species_cencus,"Brook Trout, Wild",NORWICH,3800,177782010,52,New London,-72.075183,41.59894
39472,17781,2013,Hetchel Swamp Brook,Quantified_Electrofishing_all_species_cencus,"Brook Trout, Wild",NORTH STONINGTON,1001,177812013,15,New London,-71.83706,41.48101
39483,17793,2006,Trading Cove Brook,Quantified_Electrofishing_all_species_cencus,"Brook Trout, Wild",MONTVILLE,3001,177932006,12,New London,-72.1019699999999,41.4973600000001
39486,17794,2008,Main Brook,Quantified_Electrofishing_all_species_cencus,"Brook Trout, Wild",PRESTON,3002,177942008,2,New London,-71.9667899999999,41.4949700000001
39495,17796,2007,Crowley Brook,Quantified_Electrofishing_all_species_cencus,"Brook Trout, Wild",PRESTON,3003,177962007,5,New London,-72.03829,41.4974500000001
39499,17796,2014,Crowley Brook,Quantified_Electrofishing_all_species_cencus,"Brook Trout, Wild",PRESTON,3003,177962014,125,New London,-72.03829,41.4974500000001
39507,17797,2007,Mohegan Brook,Quantified_Electrofishing_all_species_cencus,"Brook Trout, Wild",MONTVILLE,3005,177972007,23,New London,-72.10367,41.45788
39509,17798,2008,Dunham Pond Brook,Quantified_Electrofishing_all_species_cencus,"Brook Trout, Wild",MANSFIELD,3100,177982008,7,Tolland,-72.275,41.7797
39513,17800,2007,Newcomb Brook,Quantified_Electrofishing_all_species_cencus,"Brook Trout, Wild",TOLLAND,3100,178002007,26,Tolland,-72.3153799999999,41.85099
39519,17803,2006,Ash Brook,Quantified_Electrofishing_all_species_cencus,"Brook Trout, Wild",COVENTRY,3108,178032006,3,Tolland,-72.4004899999999,41.77824
39524,17804,2006,Ash Brook,Quantified_Electrofishing_all_species_cencus,"Brook Trout, Wild",COVENTRY,3108,178042006,9,Tolland,-72.40131,41.7772900000001
39540,17807,2008,"Hop River, tributary to",Quantified_Electrofishing_all_species_cencus,"Brook Trout, Wild",ANDOVER,3108,178072008,7,Tolland,-72.39937,41.7568200000001
39545,17808,2008,"Hop River, unnamed tributary to",Quantified_Electrofishing_all_species_cencus,"Brook Trout, Wild",ANDOVER,3108,178082008,6,Tolland,-72.39957,41.75678
39548,17808,2019,"Hop River, unnamed tributary to",Quantified_Electrofishing_all_species_cencus,"Brook Trout, Wild",ANDOVER,3108,178082019,16,Tolland,-72.39957,41.75678
39553,17809,2007,Ames Brook,Quantified_Electrofishing_all_species_cencus,"Brook Trout, Wild",CHAPLIN,3200,178092007,20,Windham,-72.1276599999999,41.7547500000001
39561,17813,2006,Bosworth Brook,Quantified_Electrofishing_all_species_cencus,"Brook Trout, Wild",WOODSTOCK,3201,178132006,18,Windham,-72.0552299999999,41.91601
39572,17816,2006,Indian Hut Brook,Quantified_Electrofishing_all_species_cencus,"Brook Trout, Wild",EASTFORD,3201,178162006,3,Windham,-72.06398,41.9027600000001
39593,17829,2006,North Leadmine Brook,Quantified_Electrofishing_all_species_cencus,"Brook Trout, Wild",ASHFORD,3203,178292006,7,Windham,-72.1640199999999,41.95822
39595,17830,2006,North Leadmine Brook,Quantified_Electrofishing_all_species_cencus,"Brook Trout, Wild",ASHFORD,3203,178302006,5,Windham,-72.163845,41.9584360000001
39601,17833,2006,South Leadmine Brook,Quantified_Electrofishing_all_species_cencus,"Brook Trout, Wild",ASHFORD,3203,178332006,1,Windham,-72.1634099999999,41.9561
39605,17834,2006,South Leadmine Brook,Quantified_Electrofishing_all_species_cencus,"Brook Trout, Wild",ASHFORD,3203,178342006,1,Windham,-72.1633229999999,41.9561890000001
39607,17835,2007,East Branch Stonehouse Brook,Quantified_Electrofishing_all_species_cencus,"Brook Trout, Wild",CHAPLIN,3204,178352007,26,Windham,-72.1256299999999,41.8235100000001
39643,17845,2007,Barley Brook,Quantified_Electrofishing_all_species_cencus,"Brook Trout, Wild",KILLINGLY,3400,178452007,10,Windham,-71.8294999999999,41.8849000000001
39652,17847,2007,"Fivemile River, Tributary To",Quantified_Electrofishing_all_species_cencus,"Brook Trout, Wild",KILLINGLY,3400,178472007,16,Windham,-71.8602,41.8872000000001
39655,17849,2008,Kelly Brook,Quantified_Electrofishing_all_species_cencus,"Brook Trout, Wild",KILLINGLY,3400,178492008,36,Windham,-71.8318,41.87992
39656,17850,2010,Kelly Brook,Quantified_Electrofishing_all_species_cencus,"Brook Trout, Wild",KILLINGLY,3400,178502010,7,Windham,-71.8359399999999,41.87213
39657,17850,2014,Kelly Brook,Quantified_Electrofishing_all_species_cencus,"Brook Trout, Wild",KILLINGLY,3400,178502014,34,Windham,-71.8359399999999,41.87213
39658,17850,2015,Kelly Brook,Quantified_Electrofishing_all_species_cencus,"Brook Trout, Wild",KILLINGLY,3400,178502015,5,Windham,-71.8359399999999,41.87213
39667,17816,2015,Indian Hut Brook,Quantified_Electrofishing_all_species_cencus,"Brook Trout, Wild",EASTFORD,3201,178162015,19,Windham,-72.06398,41.9027600000001
39672,17818,2008,Skinner Brook,Quantified_Electrofishing_all_species_cencus,"Brook Trout, Wild",WOODSTOCK,3201,178182008,1,Windham,-72.04491,41.9321
39681,17823,2008,Haven's Ledge Brook,Quantified_Electrofishing_all_species_cencus,"Brook Trout, Wild",EASTFORD,3202,178232008,30,Windham,-72.0765,41.8797000000001
39687,17936,2015,Terry Brook,Quantified_Electrofishing_all_species_cencus,"Brook Trout, Wild",ENFIELD,4200,179362015,14,Hartford,-72.5210999999999,41.98326
39692,17937,2010,Thrasher Brook,Quantified_Electrofishing_all_species_cencus,"Brook Trout, Wild",SOMERS,4200,179372010,83,Tolland,-72.44913,42.0195000000001
39697,17938,2009,Thrasher Brook,Quantified_Electrofishing_all_species_cencus,"Brook Trout, Wild",SOMERS,4200,179382009,2,Tolland,-72.4241,42.0268
39704,17942,2007,Gillette Brook,Quantified_Electrofishing_all_species_cencus,"Brook Trout, Wild",COLCHESTER,4703,179422007,23,New London,-72.36072,41.552606
39706,17943,2007,Gillette Brook,Quantified_Electrofishing_all_species_cencus,"Brook Trout, Wild",LEBANON,4202,179432007,5,New London,-72.22632,41.5814100000001
39710,17944,2009,"Gillettes Brook, tributary to",Quantified_Electrofishing_all_species_cencus,"Brook Trout, Wild",SOMERS,4202,179442009,10,Tolland,-72.4037999999999,42.0143
39721,17945,2008,Gulf Stream,Quantified_Electrofishing_all_species_cencus,"Brook Trout, Wild",SOMERS,4203,179452008,4,Tolland,-72.4200999999999,41.9791700000001
39725,17945,2023,Gulf Stream,Quantified_Electrofishing_all_species_cencus,"Brook Trout, Wild",SOMERS,4203,179452023,37,Tolland,-72.4200999999999,41.9791700000001
39728,17947,2010,Lievre Brook,Quantified_Electrofishing_all_species_cencus,"Brook Trout, Wild",SOMERS,4203,179472010,36,Tolland,-72.4119899999999,41.9816000000001
39730,17948,2006,lievre Brook,Quantified_Electrofishing_all_species_cencus,"Brook Trout, Wild",SOMERS,4203,179482006,16,Tolland,-72.41911,41.9790300000001
39734,17948,2008,lievre Brook,Quantified_Electrofishing_all_species_cencus,"Brook Trout, Wild",SOMERS,4203,179482008,13,Tolland,-72.41911,41.9790300000001
39739,17951,2006,Abbey Brook,Quantified_Electrofishing_all_species_cencus,"Brook Trout, Wild",SOMERS,4204,179512006,48,Tolland,-72.4605799999999,41.9552
39756,17955,2010,Broad Brook,Quantified_Electrofishing_all_species_cencus,"Brook Trout, Wild",ELLINGTON,4206,179552010,6,Tolland,-72.48455,41.9153900000001
39765,17955,2023,Broad Brook,Quantified_Electrofishing_all_species_cencus,"Brook Trout, Wild",ELLINGTON,4206,179552023,72,Tolland,-72.48455,41.9153900000001
39776,17958,2009,"Colebrook Reservoir, tributary to",Quantified_Electrofishing_all_species_cencus,"Brook Trout, Wild",COLEBROOK,4300,179582009,62,Litchfield,-73.0338399999999,42.0265900000001
39778,17959,2009,"Colebrook Reservoir, tributary to",Quantified_Electrofishing_all_species_cencus,"Brook Trout, Wild",COLEBROOK,4300,179592009,46,Litchfield,-73.06062,42.01743
39786,17962,2008,"Still River, Tributary to",Quantified_Electrofishing_all_species_cencus,"Brook Trout, Wild",TORRINGTON,4303,179622008,90,Litchfield,-73.0888899999999,41.85639
39792,17852,2010,Shady Oak School House Brook,Quantified_Electrofishing_all_species_cencus,"Brook Trout, Wild",KILLINGLY,3403,178522010,5,Windham,-71.8092799999999,41.8986600000001
39793,17852,2014,Shady Oak School House Brook,Quantified_Electrofishing_all_species_cencus,"Brook Trout, Wild",KILLINGLY,3403,178522014,26,Windham,-71.8092799999999,41.8986600000001
39794,17852,2015,Shady Oak School House Brook,Quantified_Electrofishing_all_species_cencus,"Brook Trout, Wild",KILLINGLY,3403,178522015,6,Windham,-71.8092799999999,41.8986600000001
39798,17854,2010,"Mashentuck Brook, tributary to",Quantified_Electrofishing_all_species_cencus,"Brook Trout, Wild",KILLINGLY,3404,178542010,40,Windham,-71.83645,41.8256000000001
39799,17856,2007,Vaughn Brook,Quantified_Electrofishing_all_species_cencus,"Brook Trout, Wild",STERLING,3500,178562007,1,Windham,-71.8097299999999,41.66736
39800,17858,2010,Quanduck Brook,Quantified_Electrofishing_all_species_cencus,"Brook Trout, Wild",KILLINGLY,3501,178582010,5,Windham,-71.79495,41.8168000000001
39819,17861,2010,Wilcox Brook,Quantified_Electrofishing_all_species_cencus,"Brook Trout, Wild",KILLINGLY,3502,178612010,53,Windham,-71.8428,41.7734
39820,17862,2010,Woods Brook,Quantified_Electrofishing_all_species_cencus,"Brook Trout, Wild",PLAINFIELD,3502,178622010,8,Windham,-71.8518,41.7483
39825,17863,2010,"Wood Brook, unnamed tributary to",Quantified_Electrofishing_all_species_cencus,"Brook Trout, Wild",STERLING,3502,178632010,1,Windham,-71.8348,41.751
39846,17871,2007,"Sandy Brook, tributary to",Quantified_Electrofishing_all_species_cencus,"Brook Trout, Wild",BROOKLYN,3711,178712007,45,Windham,-71.99006,41.81095
39848,17872,2008,Stony Brook,Quantified_Electrofishing_all_species_cencus,"Brook Trout, Wild",BROOKLYN,3711,178722008,6,Windham,-71.97655,41.78272
39856,17876,2008,Ayers Brook,Quantified_Electrofishing_all_species_cencus,"Brook Trout, Wild",PRESTON,3716,178762008,31,New London,-71.9693,41.5602900000001
39866,17880,2008,"Miller Brook, tributary to",Quantified_Electrofishing_all_species_cencus,"Brook Trout, Wild",PRESTON,3716,178802008,46,New London,-71.9244399999999,41.53484
39870,17881,2009,Hunters Brook,Quantified_Electrofishing_all_species_cencus,"Brook Trout, Wild",NORWICH,3800,178812009,20,New London,-72.0597999999999,41.5603
39881,17886,2007,Goshen Brook,Quantified_Electrofishing_all_species_cencus,"Brook Trout, Wild",LEBANON,3900,178862007,2,New London,-72.2373899999999,41.5969600000001
39886,17886,2019,Goshen Brook,Quantified_Electrofishing_all_species_cencus,"Brook Trout, Wild",LEBANON,3900,178862019,6,New London,-72.2373899999999,41.5969600000001
39894,17888,2006,Hinkley Brook,Quantified_Electrofishing_all_species_cencus,"Brook Trout, Wild",LEBANON,3905,178882006,32,New London,-72.22835,41.61301
39913,17891,2011,dividend brook,Quantified_Electrofishing_all_species_cencus,"Brook Trout, Wild",ROCKY HILL,4000,178912011,11,Hartford,-72.6550099999999,41.64556
39918,17895,2011,Hydes Brook,Quantified_Electrofishing_all_species_cencus,"Brook Trout, Wild",ELLINGTON,4206,178952011,2,Tolland,-72.452192,41.922764
39939,17902,2007,Mine Brook,Quantified_Electrofishing_all_species_cencus,"Brook Trout, Wild",EAST HAMPTON,4000,179022007,18,Middlesex,-72.54991,41.5779600000001
39963,17909,2010,Porter Brook,Quantified_Electrofishing_all_species_cencus,"Brook Trout, Wild",EAST HARTFORD,4006,179092010,1,Hartford,-72.6188,41.7309000000001
39968,17910,2010,"Porter Brook, tributary to",Quantified_Electrofishing_all_species_cencus,"Brook Trout, Wild",EAST HARTFORD,4006,179102010,48,Hartford,-72.5766,41.7497000000001
39972,17912,2010,"Salmon Brook, tributary to",Quantified_Electrofishing_all_species_cencus,"Brook Trout, Wild",GLASTONBURY,4006,179122010,33,Hartford,-72.5968,41.7208000000001
39974,17913,2007,Dark Hollow Brook,Quantified_Electrofishing_all_species_cencus,"Brook Trout, Wild",GLASTONBURY,4008,179132007,49,Hartford,-72.52627,41.6618700000001
39979,17914,2007,Dark Hollow Brook,Quantified_Electrofishing_all_species_cencus,"Brook Trout, Wild",GLASTONBURY,4008,179142007,19,Hartford,-72.51613,41.6574600000001
39984,17917,2007,Buck Brook,Quantified_Electrofishing_all_species_cencus,"Brook Trout, Wild",PORTLAND,4011,179172007,35,Middlesex,-72.55744,41.6263200000001
39990,17920,2010,Bible Rock Brook,Quantified_Electrofishing_all_species_cencus,"Brook Trout, Wild",HADDAM,4014,179202010,3,Middlesex,-72.57289,41.5038700000001
40006,17922,2010,"Ponset Brook, tributary to",Quantified_Electrofishing_all_species_cencus,"Brook Trout, Wild",HADDAM,4014,179222010,61,Middlesex,-72.57847,41.44676
40008,17924,2010,Rockadundee Brook,Quantified_Electrofishing_all_species_cencus,"Brook Trout, Wild",STAFFORD,4200,179242010,11,Tolland,-72.38596,42.03146
40009,17926,2006,"Rockadundee Brook, tributary to",Quantified_Electrofishing_all_species_cencus,"Brook Trout, Wild",STAFFORD,4200,179262006,28,Tolland,-72.39016,42.0303700000001
40024,17931,2009,Buckhorn Brook,Quantified_Electrofishing_all_species_cencus,"Brook Trout, Wild",ENFIELD,4205,179312009,1,Hartford,-72.5307,41.9587000000001
40026,17932,2010,Schanade Brook,Quantified_Electrofishing_all_species_cencus,"Brook Trout, Wild",SOMERS,4200,179322010,23,Tolland,-72.4451999999999,42.0135300000001
40031,17934,2009,Spring Brook,Quantified_Electrofishing_all_species_cencus,"Brook Trout, Wild",SOMERS,4200,179342009,2,Tolland,-72.4952,41.9789000000001
40034,17935,2010,Spring Glen Brook,Quantified_Electrofishing_all_species_cencus,"Brook Trout, Wild",EAST WINDSOR,4200,179352010,12,Hartford,-72.5705599999999,41.8992700000001
40038,17936,2010,Terry Brook,Quantified_Electrofishing_all_species_cencus,"Brook Trout, Wild",ENFIELD,4200,179362010,28,Hartford,-72.5210999999999,41.98326
40040,17964,2009,"Doolittle Lake Brook, unnamed tributary to (Balder Brook Or NNT Brumagin Brook)",Quantified_Electrofishing_all_species_cencus,"Brook Trout, Wild",NORFOLK,4304,179642009,66,Litchfield,-73.1369099999999,42.0258400000001
40041,17965,2009,"Doolittle Lake Brook, unnamed tributary to (NNT Brumagin Brook)",Quantified_Electrofishing_all_species_cencus,"Brook Trout, Wild",NORFOLK,4304,179652009,50,Litchfield,-73.13371,42.0213000000001
40045,17967,2009,North Brook,Quantified_Electrofishing_all_species_cencus,"Brook Trout, Wild",COLEBROOK,4304,179672009,2,Litchfield,-73.10716,42.0311400000001
40051,17969,2009,"Sandy Brook, tributary to",Quantified_Electrofishing_all_species_cencus,"Brook Trout, Wild",COLEBROOK,4304,179692009,2,Litchfield,-73.08975,42.0172700000001
40054,17970,2009,"Sandy Brook, tributary to",Quantified_Electrofishing_all_species_cencus,"Brook Trout, Wild",NORFOLK,4304,179702009,22,Litchfield,-73.13055,42.0403900000001
40059,17972,2007,Railroad Brook,Quantified_Electrofishing_all_species_cencus,"Brook Trout, Wild",BOLTON,4503,179722007,13,Tolland,-72.3672299999999,41.7961100000001
40146,17984,2012,Hope Valley Brook,Quantified_Electrofishing_all_species_cencus,"Brook Trout, Wild",HEBRON,4705,179842012,27,Tolland,-72.3781,41.6336000000001
40158,17987,2007,Green River,Quantified_Electrofishing_all_species_cencus,"Brook Trout, Wild",EAST HAMPTON,4709,179872007,5,Middlesex,-72.53428,41.59081
40161,17988,2007,Dykas Brook,Quantified_Electrofishing_all_species_cencus,"Brook Trout, Wild",EAST HAMPTON,4710,179882007,23,Middlesex,-72.45726,41.4931800000001
40192,17994,2007,Brooksvale Stream,Quantified_Electrofishing_all_species_cencus,"Brook Trout, Wild",HAMDEN,5301,179942007,73,New Haven,-72.94167,41.4561100000001
40194,17995,2007,Brooksvale Stream,Quantified_Electrofishing_all_species_cencus,"Brook Trout, Wild",HAMDEN,5301,179952007,95,New Haven,-72.941458,41.456192
40199,17998,2010,Adams Brook,Quantified_Electrofishing_all_species_cencus,"Brook Trout, Wild",CORNWALL,6000,179982010,4,Litchfield,-73.353,41.8920000000001
40206,18001,2010,Gunn Brook,Quantified_Electrofishing_all_species_cencus,"Brook Trout, Wild",CORNWALL,6000,180012010,12,Litchfield,-73.3609999999999,41.789
40208,18002,2010,Gunn Brook,Quantified_Electrofishing_all_species_cencus,"Brook Trout, Wild",CORNWALL,6000,180022010,35,Litchfield,-73.3729999999999,41.797
40210,18002,2013,Gunn Brook,Quantified_Electrofishing_all_species_cencus,"Brook Trout, Wild",CORNWALL,6000,180022013,24,Litchfield,-73.3729999999999,41.797
40215,18003,2010,"Housatonic River, Tributary to",Quantified_Electrofishing_all_species_cencus,"Brook Trout, Wild",NEW MILFORD,6000,180032010,3,Litchfield,-73.4299999999999,41.5810000000001
40218,18006,2010,Millard Brook,Quantified_Electrofishing_all_species_cencus,"Brook Trout, Wild",CORNWALL,6000,180062010,24,Litchfield,-73.391,41.7910000000001
40219,18008,2010,Preston Brook,Quantified_Electrofishing_all_species_cencus,"Brook Trout, Wild",CORNWALL,6000,180082010,16,Litchfield,-73.35784,41.9060200000001
40222,18009,2010,Rocky River,Quantified_Electrofishing_all_species_cencus,"Brook Trout, Wild",NEW MILFORD,6000,180092010,1,Litchfield,-73.442,41.583
40230,18010,2010,Squash Hollow Brook,Quantified_Electrofishing_all_species_cencus,"Brook Trout, Wild",NEW MILFORD,6000,180102010,54,Litchfield,-73.466,41.6250000000001
40231,18011,2010,Squash Hollow Brook,Quantified_Electrofishing_all_species_cencus,"Brook Trout, Wild",NEW MILFORD,6000,180112010,72,Litchfield,-73.467,41.6250000000001
40234,18012,2010,Wildcat Hollow Brook,Quantified_Electrofishing_all_species_cencus,"Brook Trout, Wild",SALISBURY,6000,180122010,68,Litchfield,-73.371,41.986
40235,18013,2010,Baldwin Brook,Quantified_Electrofishing_all_species_cencus,"Brook Trout, Wild",CORNWALL,6010,180132010,5,Litchfield,-73.33,41.857
40236,18014,2010,Baldwin Brook,Quantified_Electrofishing_all_species_cencus,"Brook Trout, Wild",CORNWALL,6010,180142010,13,Litchfield,-73.330002,41.8575050000001
40237,18015,2010,Birdseye Brook,Quantified_Electrofishing_all_species_cencus,"Brook Trout, Wild",CORNWALL,6010,180152010,29,Litchfield,-73.3079999999999,41.8530000000001
40265,18050,2008,Blackberry River,Quantified_Electrofishing_all_species_cencus,"Brook Trout, Wild",NORTH CANAAN,6100,180502008,1,Litchfield,-73.31191,42.0134600000001
40288,18050,2012,Blackberry River,Quantified_Electrofishing_all_species_cencus,"Brook Trout, Wild",NORTH CANAAN,6100,180502012,1,Litchfield,-73.31191,42.0134600000001
40314,18051,2009,Blackberry River Trib,Quantified_Electrofishing_all_species_cencus,"Brook Trout, Wild",NORTH CANAAN,6100,180512009,6,Litchfield,-73.29556,42.0094500000001
40319,18052,2009,Duming Brook,Quantified_Electrofishing_all_species_cencus,"Brook Trout, Wild",NORTH CANAAN,6100,180522009,2,Litchfield,-73.2825,42.00834
40323,18053,2009,North Brook,Quantified_Electrofishing_all_species_cencus,"Brook Trout, Wild",NORFOLK,6100,180532009,18,Litchfield,-73.22635,42.0039800000001
40330,18054,2009,Ginger Creek,Quantified_Electrofishing_all_species_cencus,"Brook Trout, Wild",NORFOLK,6101,180542009,32,Litchfield,-73.2138899999999,42.03889
40334,18057,2009,Camp Brook,Quantified_Electrofishing_all_species_cencus,"Brook Trout, Wild",ROXBURY,6700,180572009,88,Litchfield,-73.32418,41.51217
40339,18058,2009,"Camp Brook, tributary to",Quantified_Electrofishing_all_species_cencus,"Brook Trout, Wild",ROXBURY,6700,180582009,132,Litchfield,-73.32392,41.51156
40342,18059,2009,Pierce Brook,Quantified_Electrofishing_all_species_cencus,"Brook Trout, Wild",ROXBURY,6700,180592009,34,Litchfield,-73.30799,41.51892
40345,18061,2010,Shepaug River,Quantified_Electrofishing_all_species_cencus,"Brook Trout, Wild",WASHINGTON,6700,180612010,6,Litchfield,-73.297,41.6900000000001
40355,18061,2013,Shepaug River,Quantified_Electrofishing_all_species_cencus,"Brook Trout, Wild",WASHINGTON,6700,180612013,6,Litchfield,-73.297,41.6900000000001
40368,18061,2014,Shepaug River,Quantified_Electrofishing_all_species_cencus,"Brook Trout, Wild",WASHINGTON,6700,180612014,6,Litchfield,-73.297,41.6900000000001
40378,18061,2015,Shepaug River,Quantified_Electrofishing_all_species_cencus,"Brook Trout, Wild",WASHINGTON,6700,180612015,5,Litchfield,-73.297,41.6900000000001
40387,18061,2018,Shepaug River,Quantified_Electrofishing_all_species_cencus,"Brook Trout, Wild",WASHINGTON,6700,180612018,7,Litchfield,-73.297,41.6900000000001
40399,18061,2019,Shepaug River,Quantified_Electrofishing_all_species_cencus,"Brook Trout, Wild",WASHINGTON,6700,180612019,2,Litchfield,-73.297,41.6900000000001
40471,18063,2009,Turrill Brook,Quantified_Electrofishing_all_species_cencus,"Brook Trout, Wild",ROXBURY,6700,180632009,130,Litchfield,-73.3154699999999,41.51057
40476,18063,2019,Turrill Brook,Quantified_Electrofishing_all_species_cencus,"Brook Trout, Wild",ROXBURY,6700,180632019,92,Litchfield,-73.3154699999999,41.51057
40480,18064,2006,Jacks Brook,Quantified_Electrofishing_all_species_cencus,"Brook Trout, Wild",ROXBURY,6706,180642006,19,Litchfield,-73.2875,41.5297200000001
40488,18089,2023,Spruce Brook,Quantified_Electrofishing_all_species_cencus,"Brook Trout, Wild",LITCHFIELD,6906,180892023,65,Litchfield,-73.139068,41.7619290000001
40495,18125,2006,Beacon Hill Brook,Quantified_Electrofishing_all_species_cencus,"Brook Trout, Wild",NAUGATUCK,6918,181252006,1,New Haven,-73.02861,41.4675
40502,18126,2019,Beacon Hill Brook,Quantified_Electrofishing_all_species_cencus,"Brook Trout, Wild",BEACON FALLS,6918,181262019,1,New Haven,-73.03944,41.46639
40506,18127,2006,Beacon Hill Brook,Quantified_Electrofishing_all_species_cencus,"Brook Trout, Wild",BETHANY,6918,181272006,11,New Haven,-73.00195,41.4669500000001
40511,18127,2018,Beacon Hill Brook,Quantified_Electrofishing_all_species_cencus,"Brook Trout, Wild",BETHANY,6918,181272018,15,New Haven,-73.00195,41.4669500000001
40550,18144,2008,"Mopus Brook, tributary to",Quantified_Electrofishing_all_species_cencus,"Brook Trout, Wild",RIDGEFIELD,8104,181442008,20,Fairfield,-73.5406,41.3488
40554,18145,2008,"Mopus Brook, tributary to",Quantified_Electrofishing_all_species_cencus,"Brook Trout, Wild",RIDGEFIELD,8104,181452008,8,Fairfield,-73.5386999999999,41.3351000000001
42288,18159,2012,West Branch Farmington River,Quantified_Electrofishing_all_species_cencus,"Brook Trout, Wild",BARKHAMSTED,4300,181592012,1,Litchfield,-73.01674,41.94516
42484,18208,2012,Pole Bridge Brook,Quantified_Electrofishing_all_species_cencus,"Brook Trout, Wild",HADDAM,4015,182082012,13,Middlesex,-72.530287,41.463597
42489,18209,2010,Cabin Brook,Quantified_Electrofishing_all_species_cencus,"Brook Trout, Wild",COLCHESTER,4703,182092010,3,New London,-72.330771,41.5605200000001
42492,18209,2012,Cabin Brook,Quantified_Electrofishing_all_species_cencus,"Brook Trout, Wild",COLCHESTER,4703,182092012,9,New London,-72.330771,41.5605200000001
42497,18211,2012,Ratlum Brook,Quantified_Electrofishing_all_species_cencus,"Brook Trout, Wild",NEW HARTFORD,4308,182112012,23,Litchfield,-72.946961,41.8865650000001
42502,18212,2012,Hawley Brook,Quantified_Electrofishing_all_species_cencus,"Brook Trout, Wild",AVON,4300,182122012,14,Hartford,-72.907011,41.7768960000001
42513,18212,2013,Hawley Brook,Quantified_Electrofishing_all_species_cencus,"Brook Trout, Wild",AVON,4300,182122013,17,Hartford,-72.907011,41.7768960000001
42527,18214,2012,Deep Hollow Brook,Quantified_Electrofishing_all_species_cencus,"Brook Trout, Wild",HADDAM,4000,182142012,38,Middlesex,-72.476866,41.438751
42535,18217,2012,Falls Brook,Quantified_Electrofishing_all_species_cencus,"Brook Trout, Wild",HARTLAND,4308,182172012,70,Hartford,-72.955182,42.017974
42543,18270,2010,Wewaka Brook,Quantified_Electrofishing_all_species_cencus,"Brook Trout, Wild",BRIDGEWATER,6000,182702010,32,Litchfield,-73.3497,41.5010300000001
42547,18270,2012,Wewaka Brook,Quantified_Electrofishing_all_species_cencus,"Brook Trout, Wild",BRIDGEWATER,6000,182702012,3,Litchfield,-73.3497,41.5010300000001
42815,18393,2010,Stony Brook,Quantified_Electrofishing_all_species_cencus,"Brook Trout, Wild",WATERFORD,2204,183932010,45,New London,-72.173108,41.368992
42818,18393,2012,Stony Brook,Quantified_Electrofishing_all_species_cencus,"Brook Trout, Wild",WATERFORD,2204,183932012,13,New London,-72.173108,41.368992
42859,18435,2012,Parmalee Brook,Quantified_Electrofishing_all_species_cencus,"Brook Trout, Wild",DURHAM,4607,184352012,1,Middlesex,-72.699,41.4570000000001
42876,18437,2012,Pine Brook,Quantified_Electrofishing_all_species_cencus,"Brook Trout, Wild",EAST HAMPTON,4709,184372012,25,Middlesex,-72.5271999999999,41.56456
42921,18448,2012,Wintergreen Brook,Quantified_Electrofishing_all_species_cencus,"Brook Trout, Wild",GLASTONBURY,4009,184482012,12,Hartford,-72.5346,41.68595
42942,18451,2012,Carr Brook,Quantified_Electrofishing_all_species_cencus,"Brook Trout, Wild",PORTLAND,4012,184512012,1,Middlesex,-72.6052999999999,41.5963600000001
42973,18459,2014,West Branch Shepaug River,Quantified_Electrofishing_all_species_cencus,"Brook Trout, Wild",CORNWALL,6702,184592014,16,Litchfield,-73.3220239999999,41.782545
42983,18464,2013,"East Branch Salmon Brook, Unnamed Tributary to",Quantified_Electrofishing_all_species_cencus,"Brook Trout, Wild",GRANBY,4320,184642013,42,Hartford,-72.84923,42.011738
42988,18468,2013,Joe Clark Brook,Quantified_Electrofishing_all_species_cencus,"Brook Trout, Wild",LEDYARD,3003,184682013,19,New London,-72.0413,41.4846870000001
42995,18468,2014,Joe Clark Brook,Quantified_Electrofishing_all_species_cencus,"Brook Trout, Wild",LEDYARD,3003,184682014,24,New London,-72.0413,41.4846870000001
43020,18508,2014,South Fork Hockanum River (Hop Brook),Quantified_Electrofishing_all_species_cencus,"Brook Trout, Wild",MANCHESTER,4504,185082014,5,Hartford,-72.530362,41.7642210000001
43030,18509,2011,South Fork Hockanum River (Hop Brook),Quantified_Electrofishing_all_species_cencus,"Brook Trout, Wild",MANCHESTER,4504,185092011,14,Hartford,-72.516012,41.7627390000001
43062,18522,2012,Beaver Brook,Quantified_Electrofishing_all_species_cencus,"Brook Trout, Wild",DANBURY,6600,185222012,44,Fairfield,-73.43269,41.420555
43068,18523,2012,Bonney Brook,Quantified_Electrofishing_all_species_cencus,"Brook Trout, Wild",CORNWALL,6000,185232012,13,Litchfield,-73.37541,41.8149530000001
43073,18523,2019,Bonney Brook,Quantified_Electrofishing_all_species_cencus,"Brook Trout, Wild",CORNWALL,6000,185232019,7,Litchfield,-73.37541,41.8149530000001
43079,18524,2012,Culver Brook,Quantified_Electrofishing_all_species_cencus,"Brook Trout, Wild",PUTNAM,3700,185242012,81,Windham,-71.88922,41.898585
43085,18525,2012,Culver Brook,Quantified_Electrofishing_all_species_cencus,"Brook Trout, Wild",PUTNAM,3700,185252012,2,Windham,-71.89872,41.899391
43096,18526,2012,Culver Brook,Quantified_Electrofishing_all_species_cencus,"Brook Trout, Wild",PUTNAM,3700,185262012,23,Windham,-71.89644,41.900091
43108,18527,2012,Deep Hollow Brook,Quantified_Electrofishing_all_species_cencus,"Brook Trout, Wild",HADDAM,4000,185272012,17,Middlesex,-72.4781629999999,41.437329
43112,18530,2012,East Branch Shepaug River,Quantified_Electrofishing_all_species_cencus,"Brook Trout, Wild",LITCHFIELD,6700,185302012,1,Litchfield,-73.27763,41.7662320000001
43143,18536,2012,"Hawleys Brook, Unnamed Tributary to",Quantified_Electrofishing_all_species_cencus,"Brook Trout, Wild",EASTON,7200,185362012,67,Fairfield,-73.34103,41.251918
43205,18539,2012,Joe Clark Brook,Quantified_Electrofishing_all_species_cencus,"Brook Trout, Wild",LEDYARD,3003,185392012,35,New London,-72.02466,41.47204
43209,18540,2012,Kirby Brook,Quantified_Electrofishing_all_species_cencus,"Brook Trout, Wild",WASHINGTON,6700,185402012,1,Litchfield,-73.31346,41.623903
43216,18541,2012,"Kirby Brook, Unnamed Tributary to",Quantified_Electrofishing_all_species_cencus,"Brook Trout, Wild",WASHINGTON,6700,185412012,16,Litchfield,-73.30797,41.6254430000001
43222,18542,2012,"Lake Lillinonah, Unnamed Tributary to",Quantified_Electrofishing_all_species_cencus,"Brook Trout, Wild",BROOKFIELD,6000,185422012,2,Fairfield,-73.37152,41.4860090000001
43230,18544,2012,Little Jack's Brook,Quantified_Electrofishing_all_species_cencus,"Brook Trout, Wild",ROXBURY,6706,185442012,1,Litchfield,-73.2988099999999,41.546369
43235,18545,2012,Merryall Brook,Quantified_Electrofishing_all_species_cencus,"Brook Trout, Wild",NEW MILFORD,6501,185452012,49,Litchfield,-73.44391,41.675302
43259,18551,2012,"Pond Brook, Unnamed Tributary to",Quantified_Electrofishing_all_species_cencus,"Brook Trout, Wild",NEWTOWN,6018,185512012,25,Fairfield,-73.35678,41.4353830000001
43285,18556,2012,"Shepaug River, Unnamed Tributary to (Canoe Brook)",Quantified_Electrofishing_all_species_cencus,"Brook Trout, Wild",WASHINGTON,6700,185562012,50,Litchfield,-73.32649,41.644865
43287,18556,2019,"Shepaug River, Unnamed Tributary to (Canoe Brook)",Quantified_Electrofishing_all_species_cencus,"Brook Trout, Wild",WASHINGTON,6700,185562019,15,Litchfield,-73.32649,41.644865
43292,18559,2012,"Sprain Brook, Unnamed Tributary to",Quantified_Electrofishing_all_species_cencus,"Brook Trout, Wild",ROXBURY,6803,185592012,89,Litchfield,-73.2712099999999,41.5983820000001
43295,18560,2012,"Clark Creek, Unnamed Tributary to",Quantified_Electrofishing_all_species_cencus,"Brook Trout, Wild",HADDAM,4000,185602012,4,Middlesex,-72.466,41.43805
43297,18561,2012,"Roaring Brook #2, Unnamed Tributary to",Quantified_Electrofishing_all_species_cencus,"Brook Trout, Wild",EAST HADDAM,4016,185612012,35,Middlesex,-72.383543,41.4727560000001
43317,18566,2017,Birch Mountain Brook,Quantified_Electrofishing_all_species_cencus,"Brook Trout, Wild",MANCHESTER,4504,185662017,13,Hartford,-72.511667,41.761899
43322,18567,2011,Browns Brook,Quantified_Electrofishing_all_species_cencus,"Brook Trout, Wild",UNION,3701,185672011,1,Tolland,-72.18008,42.0091990000001
43331,18571,2011,Crooked Brook,Quantified_Electrofishing_all_species_cencus,"Brook Trout, Wild",GRISWOLD,3600,185712011,17,New London,-71.9195599999999,41.587341
43349,18575,2011,Ford Brook,Quantified_Electrofishing_all_species_cencus,"Brook Trout, Wild",NORWICH,3001,185752011,3,New London,-72.1073,41.514059
43361,18578,2011,Green Fall River,Quantified_Electrofishing_all_species_cencus,"Brook Trout, Wild",VOLUNTOWN,1002,185782011,11,New London,-71.80945,41.5197190000001
43367,18578,2014,Green Fall River,Quantified_Electrofishing_all_species_cencus,"Brook Trout, Wild",VOLUNTOWN,1002,185782014,14,New London,-71.80945,41.5197190000001
43423,18587,2011,"Beaver Meadow Brook, Unnamed Tributary to",Quantified_Electrofishing_all_species_cencus,"Brook Trout, Wild",HADDAM,4015,185872011,14,Middlesex,-72.5392899999999,41.450134
43427,18587,2013,"Beaver Meadow Brook, Unnamed Tributary to",Quantified_Electrofishing_all_species_cencus,"Brook Trout, Wild",HADDAM,4015,185872013,68,Middlesex,-72.5392899999999,41.450134
43433,18590,2011,"Lyman Brook, Unnamed tributary to",Quantified_Electrofishing_all_species_cencus,"Brook Trout, Wild",MARLBOROUGH,4707,185902011,34,Hartford,-72.44667,41.629802
43437,18590,2013,"Lyman Brook, Unnamed tributary to",Quantified_Electrofishing_all_species_cencus,"Brook Trout, Wild",MARLBOROUGH,4707,185902013,25,Hartford,-72.44667,41.629802
43439,18590,2014,"Lyman Brook, Unnamed tributary to",Quantified_Electrofishing_all_species_cencus,"Brook Trout, Wild",MARLBOROUGH,4707,185902014,17,Hartford,-72.44667,41.629802
43458,18596,2011,Parmalee Brook,Quantified_Electrofishing_all_species_cencus,"Brook Trout, Wild",DURHAM,4607,185962011,5,Middlesex,-72.71383,41.4437070000001
43463,18597,2011,Palmer Brook,Quantified_Electrofishing_all_species_cencus,"Brook Trout, Wild",GRISWOLD,3600,185972011,30,New London,-71.92679,41.610032
43471,18599,2011,Swain Johnson Brook,Quantified_Electrofishing_all_species_cencus,"Brook Trout, Wild",HADDAM,4000,185992011,9,Middlesex,-72.53356,41.4925220000001
43474,18601,2011,Porter Brook,Quantified_Electrofishing_all_species_cencus,"Brook Trout, Wild",MANCHESTER,4504,186012011,1,Hartford,-72.511739,41.7626690000001
43476,18601,2017,Porter Brook,Quantified_Electrofishing_all_species_cencus,"Brook Trout, Wild",MANCHESTER,4504,186012017,6,Hartford,-72.511739,41.7626690000001
43482,18602,2011,Porter Brook,Quantified_Electrofishing_all_species_cencus,"Brook Trout, Wild",MANCHESTER,4504,186022011,14,Hartford,-72.5033119999999,41.764894
43488,18603,2011,South Fork Hockanum River (Hop Brook),Quantified_Electrofishing_all_species_cencus,"Brook Trout, Wild",MANCHESTER,4504,186032011,1,Hartford,-72.55355,41.7653980000001
43512,18621,2015,Pond Mountain Brook,Quantified_Electrofishing_all_species_cencus,"Brook Trout, Wild",KENT,6015,186212015,9,Litchfield,-73.4736,41.767439
43517,18625,2013,Hopp Brook,Quantified_Electrofishing_all_species_cencus,"Brook Trout, Wild",BETHANY,6919,186252013,15,New Haven,-73.0398299999999,41.40308
43522,18625,2016,Hopp Brook,Quantified_Electrofishing_all_species_cencus,"Brook Trout, Wild",BETHANY,6919,186252016,119,New Haven,-73.0398299999999,41.40308
43546,18628,2013,Eaton Brook,Quantified_Electrofishing_all_species_cencus,"Brook Trout, Wild",HAMDEN,5302,186282013,6,New Haven,-72.9113,41.4256
43568,18632,2013,Catlin Brook,Quantified_Electrofishing_all_species_cencus,"Brook Trout, Wild",HARWINTON,6908,186322013,4,Litchfield,-73.06774,41.77196
43576,18633,2013,Cathole Brook,Quantified_Electrofishing_all_species_cencus,"Brook Trout, Wild",MERIDEN,5205,186332013,18,New Haven,-72.80191,41.5529000000001
43593,18638,2013,Tobey Pond Brook,Quantified_Electrofishing_all_species_cencus,"Brook Trout, Wild",NORFOLK,6100,186382013,29,Litchfield,-73.22345,41.98483
43623,18643,2023,Meetinghouse Brook,Quantified_Electrofishing_all_species_cencus,"Brook Trout, Wild",MERIDEN,5200,186432023,1,New Haven,-72.7999,41.5135000000001
43714,18650,2023,Mount Tom Pond,Quantified_Electrofishing_all_species_cencus,"Brook Trout, Wild",LITCHFIELD,6705,186502023,5,Litchfield,-73.2777,41.70075
43726,18653,2014,Billings Brook,Quantified_Electrofishing_all_species_cencus,"Brook Trout, Wild",GRISWOLD,3605,186532014,9,New London,-71.891,41.5430000000001
43802,18684,2014,Pegmill Brook,Quantified_Electrofishing_all_species_cencus,"Brook Trout, Wild",VOLUNTOWN,1002,186842014,2,New London,-71.804752,41.524567
43820,18687,2014,Creamery Brook,Quantified_Electrofishing_all_species_cencus,"Brook Trout, Wild",BROOKLYN,3711,186872014,6,Windham,-71.9508539999999,41.767902
43827,18688,2013,Allen Brook,Quantified_Electrofishing_all_species_cencus,"Brook Trout, Wild",WALLINGFORD,5207,186882013,1,New Haven,-72.832137,41.4241230000001
43833,18695,2013,Spring Brook,Quantified_Electrofishing_all_species_cencus,"Brook Trout, Wild",WALLINGFORD,5208,186952013,22,New Haven,-72.759001,41.467313
43838,18708,2014,Mashamoquet Brook,Quantified_Electrofishing_all_species_cencus,"Brook Trout, Wild",POMFRET,3710,187082014,2,Windham,-71.959598,41.861089
43849,18709,2014,Fivemile River,Quantified_Electrofishing_all_species_cencus,"Brook Trout, Wild",KILLINGLY,3400,187092014,1,Windham,-71.870627,41.8692390000001
43859,18710,2014,Whetstone Brook,Quantified_Electrofishing_all_species_cencus,"Brook Trout, Wild",KILLINGLY,3404,187102014,2,Windham,-71.867499,41.8355540000001
43873,18712,2014,Bobbin Mill Brook,Quantified_Electrofishing_all_species_cencus,"Brook Trout, Wild",NORWICH,3900,187122014,5,New London,-72.091174,41.547265
43961,18723,2014,Bungee Brook,Quantified_Electrofishing_all_species_cencus,"Brook Trout, Wild",EASTFORD,3201,187232014,4,Windham,-72.066854,41.9021230000001
43987,18726,2014,South Fork Hockanum River (Hop Brook),Quantified_Electrofishing_all_species_cencus,"Brook Trout, Wild",MANCHESTER,4504,187262014,2,Hartford,-72.554655,41.7692070000001
43996,18727,2011,South Fork Hockanum River (Hop Brook),Quantified_Electrofishing_all_species_cencus,"Brook Trout, Wild",MANCHESTER,4504,187272011,6,Hartford,-72.530402,41.7642210000001
44007,18729,2014,Harris Brook,Quantified_Electrofishing_all_species_cencus,"Brook Trout, Wild",SALEM,4801,187292014,2,New London,-72.2695459999999,41.4950150000001
44014,18735,2013,Leadmine Brook,Quantified_Electrofishing_all_species_cencus,"Brook Trout, Wild",UNION,3203,187352013,9,Tolland,-72.156695,41.9572600000001
44022,18735,2014,Leadmine Brook,Quantified_Electrofishing_all_species_cencus,"Brook Trout, Wild",UNION,3203,187352014,21,Tolland,-72.156695,41.9572600000001
44025,18735,2015,Leadmine Brook,Quantified_Electrofishing_all_species_cencus,"Brook Trout, Wild",UNION,3203,187352015,18,Tolland,-72.156695,41.9572600000001
44030,18736,2013,Leadmine Brook,Quantified_Electrofishing_all_species_cencus,"Brook Trout, Wild",ASHFORD,3203,187362013,31,Windham,-72.1556439999999,41.9570820000001
44038,18736,2014,Leadmine Brook,Quantified_Electrofishing_all_species_cencus,"Brook Trout, Wild",ASHFORD,3203,187362014,23,Windham,-72.1556439999999,41.9570820000001
44041,18736,2015,Leadmine Brook,Quantified_Electrofishing_all_species_cencus,"Brook Trout, Wild",ASHFORD,3203,187362015,21,Windham,-72.1556439999999,41.9570820000001
44051,18743,2014,Lathrop Brook,Quantified_Electrofishing_all_species_cencus,"Brook Trout, Wild",PLAINFIELD,3713,187432014,36,Windham,-71.898152,41.6705470000001
44058,18744,2014,Tatnic Brook,Quantified_Electrofishing_all_species_cencus,"Brook Trout, Wild",CANTERBURY,3711,187442014,10,Windham,-71.956377,41.7401530000001
44075,18746,2014,Bear Swamp Brook,Quantified_Electrofishing_all_species_cencus,"Brook Trout, Wild",ANDOVER,3108,187462014,4,Tolland,-72.341403,41.7414210000001
44082,18753,2014,Moritz Brook,Quantified_Electrofishing_all_species_cencus,"Brook Trout, Wild",ASHFORD,3205,187532014,27,Windham,-72.199497,41.8548720000001
44102,18755,2014,Wood Brook,Quantified_Electrofishing_all_species_cencus,"Brook Trout, Wild",PLAINFIELD,3502,187552014,45,Windham,-71.848963,41.7481670000001
44109,18757,2014,Gravelly Brook,Quantified_Electrofishing_all_species_cencus,"Brook Trout, Wild",WOODSTOCK,3708,187572014,6,Windham,-71.983646,41.981505
44144,18767,2014,"Cady Brook, Unnamed tributary to (Shady Oak Brook)",Quantified_Electrofishing_all_species_cencus,"Brook Trout, Wild",KILLINGLY,3403,187672014,6,Windham,-71.7987659999999,41.8947380000001
44145,18768,2014,Main Brook,Quantified_Electrofishing_all_species_cencus,"Brook Trout, Wild",NORTH STONINGTON,3002,187682014,16,New London,-71.947821,41.5107630000001
44149,18769,2014,West Brook,Quantified_Electrofishing_all_species_cencus,"Brook Trout, Wild",TOLLAND,4500,187692014,24,Tolland,-72.4028769999999,41.883649
44152,18782,2013,Beaver Meadow Brook,Quantified_Electrofishing_all_species_cencus,"Brook Trout, Wild",HADDAM,4015,187822013,45,Middlesex,-72.537424,41.451854
44156,18782,2015,Beaver Meadow Brook,Quantified_Electrofishing_all_species_cencus,"Brook Trout, Wild",HADDAM,4015,187822015,6,Middlesex,-72.537424,41.451854
44165,18791,2013,"Hubbard Brook, Unnamed tributary to",Quantified_Electrofishing_all_species_cencus,"Brook Trout, Wild",MIDDLETOWN,4000,187912013,43,Middlesex,-72.5665,41.5242160000001
44168,18792,2013,Lyman Brook,Quantified_Electrofishing_all_species_cencus,"Brook Trout, Wild",MARLBOROUGH,4707,187922013,85,Hartford,-72.44559,41.62929
44181,18793,2015,Salmon Creek,Quantified_Electrofishing_all_species_cencus,"Brook Trout, Wild",SALISBURY,6007,187932015,4,Litchfield,-73.40397,41.9662300000001
44203,18797,2013,"Lake Zoar, Unnamed Tributary to",Quantified_Electrofishing_all_species_cencus,"Brook Trout, Wild",MONROE,6000,187972013,4,Fairfield,-73.17556,41.3809600000001
44208,18806,2014,Bradley Brook,Quantified_Electrofishing_all_species_cencus,"Brook Trout, Wild",GRANBY,4320,188062014,12,Hartford,-72.8077,41.98569
44236,18807,2015,Shepaug River,Quantified_Electrofishing_all_species_cencus,"Brook Trout, Wild",WASHINGTON,6700,188072015,2,Litchfield,-73.31999,41.65509
44295,18816,2019,Railroad Brook,Quantified_Electrofishing_all_species_cencus,"Brook Trout, Wild",BOLTON,4503,188162019,4,Tolland,-72.449356,41.7991930000001
44316,18833,2014,Valley Brook,Quantified_Electrofishing_all_species_cencus,"Brook Trout, Wild",HARTLAND,4306,188332014,22,Hartford,-72.92909,42.0344400000001
44320,18835,2009,Gulf Stream,Quantified_Electrofishing_all_species_cencus,"Brook Trout, Wild",SOMERS,4203,188352009,6,Tolland,-72.46367,41.9821600000001
44329,18835,2010,Gulf Stream,Quantified_Electrofishing_all_species_cencus,"Brook Trout, Wild",SOMERS,4203,188352010,2,Tolland,-72.46367,41.9821600000001
44336,18863,2010,Norfolk Brook,Quantified_Electrofishing_all_species_cencus,"Brook Trout, Wild",NORFOLK,6100,188632010,36,Litchfield,-73.2015499999999,41.98729
44376,18877,2015,Leadmine Brook,Quantified_Electrofishing_all_species_cencus,"Brook Trout, Wild",HARWINTON,6908,188772015,1,Litchfield,-73.05769,41.7211
44398,18883,2015,East Branch Naugatuck River,Quantified_Electrofishing_all_species_cencus,"Brook Trout, Wild",TORRINGTON,6905,188832015,12,Litchfield,-73.12913,41.85783
44406,18888,2015,Sprain Brook tributary,Quantified_Electrofishing_all_species_cencus,"Brook Trout, Wild",WASHINGTON,6803,188882015,9,Litchfield,-73.27035,41.6121600000001
44409,18889,2015,Bee Brook,Quantified_Electrofishing_all_species_cencus,"Brook Trout, Wild",WASHINGTON,6700,188892015,22,Litchfield,-73.31994,41.6601400000001
44419,18889,2023,Bee Brook,Quantified_Electrofishing_all_species_cencus,"Brook Trout, Wild",WASHINGTON,6700,188892023,4,Litchfield,-73.31994,41.6601400000001
44428,18891,2009,Terry Brook,Quantified_Electrofishing_all_species_cencus,"Brook Trout, Wild",ENFIELD,4200,188912009,13,Hartford,-72.51955,41.9844840000001
44435,18891,2015,Terry Brook,Quantified_Electrofishing_all_species_cencus,"Brook Trout, Wild",ENFIELD,4200,188912015,8,Hartford,-72.51955,41.9844840000001
44441,18892,2015,Terry Brook,Quantified_Electrofishing_all_species_cencus,"Brook Trout, Wild",ENFIELD,4200,188922015,9,Hartford,-72.516959,41.9866220000001
44494,18904,2018,Stony Brook,Quantified_Electrofishing_all_species_cencus,"Brook Trout, Wild",MONTVILLE,3005,189042018,5,New London,-72.118173,41.468147
44504,18917,2015,Wolfpit Brook,Quantified_Electrofishing_all_species_cencus,"Brook Trout, Wild",BETHEL,6605,189172015,2,Fairfield,-73.3749999999999,41.35868
44507,18918,2015,Housatonic trib,Quantified_Electrofishing_all_species_cencus,"Brook Trout, Wild",NEW MILFORD,6000,189182015,30,Litchfield,-73.4689999999999,41.6323
44520,18920,2015,"Shepaug River, Unnamed Tributary to",Quantified_Electrofishing_all_species_cencus,"Brook Trout, Wild",WASHINGTON,6700,189202015,42,Litchfield,-73.3302899999999,41.6129100000001
44524,18921,2015,"Shepaug River, Unnamed Tributary to",Quantified_Electrofishing_all_species_cencus,"Brook Trout, Wild",WASHINGTON,6700,189212015,10,Litchfield,-73.33967,41.60567
44527,18921,2019,"Shepaug River, Unnamed Tributary to",Quantified_Electrofishing_all_species_cencus,"Brook Trout, Wild",WASHINGTON,6700,189212019,14,Litchfield,-73.33967,41.60567
44531,18922,2015,"Shepaug River, Unnamed Tributary to",Quantified_Electrofishing_all_species_cencus,"Brook Trout, Wild",WASHINGTON,6700,189222015,46,Litchfield,-73.32809,41.6230100000001
44533,18923,2015,"Shepaug River, Unnamed Tributary to",Quantified_Electrofishing_all_species_cencus,"Brook Trout, Wild",WASHINGTON,6700,189232015,12,Litchfield,-73.31861,41.64428
44537,18925,2015,"East Branch Shepaug River, Unnamed tributary to (Hart Pond outflow)",Quantified_Electrofishing_all_species_cencus,"Brook Trout, Wild",LITCHFIELD,6700,189252015,3,Litchfield,-73.2891999999999,41.7823000000001
45163,19018,2016,Long Meadow Pond Brook,Quantified_Electrofishing_all_species_cencus,"Brook Trout, Wild",NAUGATUCK,6917,190182016,1,New Haven,-73.0984309999999,41.495843
45170,19020,2016,Moosehorn Brook,Quantified_Electrofishing_all_species_cencus,"Brook Trout, Wild",ROXBURY,6700,190202016,8,Litchfield,-73.3270909999999,41.5708710000001
45177,19024,2016,Crystal Lake Brook,Quantified_Electrofishing_all_species_cencus,"Brook Trout, Wild",STAFFORD,3101,190242016,3,Tolland,-72.362173,41.9668060000001
45378,19048,2017,South Fork Hockanum River (Hop Brook),Quantified_Electrofishing_all_species_cencus,"Brook Trout, Wild",MANCHESTER,4504,190482017,2,Hartford,-72.51339,41.7624190000001
45384,19077,2018,"Sherman Brook, Trib. of",Quantified_Electrofishing_all_species_cencus,"Brook Trout, Wild",COLCHESTER,3903,190772018,1,New London,-72.2842209999999,41.569733
45387,19083,2018,"Sherman Brook, Trib. of",Quantified_Electrofishing_all_species_cencus,"Brook Trout, Wild",COLCHESTER,3903,190832018,25,New London,-72.283331,41.5702020000001
45459,19107,2018,Mott Hill Brook,Quantified_Electrofishing_all_species_cencus,"Brook Trout, Wild",GLASTONBURY,4008,191072018,12,Hartford,-72.527071,41.6442230000001
45460,19107,2019,Mott Hill Brook,Quantified_Electrofishing_all_species_cencus,"Brook Trout, Wild",GLASTONBURY,4008,191072019,25,Hartford,-72.527071,41.6442230000001
45461,19108,2018,Mott Hill Brook,Quantified_Electrofishing_all_species_cencus,"Brook Trout, Wild",GLASTONBURY,4008,191082018,12,Hartford,-72.526878,41.6416570000001
45462,19108,2019,Mott Hill Brook,Quantified_Electrofishing_all_species_cencus,"Brook Trout, Wild",GLASTONBURY,4008,191082019,81,Hartford,-72.526878,41.6416570000001
45467,19120,2018,Bullet Hill Brook,Quantified_Electrofishing_all_species_cencus,"Brook Trout, Wild",SOUTHBURY,6800,191202018,35,New Haven,-73.2121,41.480239
45474,19121,2016,Bullet Hill Brook,Quantified_Electrofishing_all_species_cencus,"Brook Trout, Wild",SOUTHBURY,6800,191212016,30,New Haven,-73.19425,41.4849400000001
45477,19138,2015,Poland River,Quantified_Electrofishing_all_species_cencus,"Brook Trout, Wild",PLYMOUTH,4313,191382015,25,Litchfield,-73.009085,41.704014
45484,19163,2022,Morgan Brook,Quantified_Electrofishing_all_species_cencus,"Brook Trout, Wild",BARKHAMSTED,4305,191632022,5,Litchfield,-72.995379,41.9028510000001
45517,19185,2018,Bloody Brook,Quantified_Electrofishing_all_species_cencus,"Brook Trout, Wild",CORNWALL,6010,191852018,19,Litchfield,-73.348374,41.8406360000001
45524,19201,2023,Cold Brook,Quantified_Electrofishing_all_species_cencus,"Brook Trout, Wild",CROMWELL,4600,192012023,1,Middlesex,-72.695025,41.6143970000001
45549,19218,2017,Thompson Brook,Quantified_Electrofishing_all_species_cencus,"Brook Trout, Wild",AVON,4316,192182017,1,Hartford,-72.8304229999999,41.770833
45568,19269,2023,Waterworks Brook,Quantified_Electrofishing_all_species_cencus,"Brook Trout, Wild",WINDSOR LOCKS,4000,192692023,19,Hartford,-72.63614,41.906662
46124,19306,2023,Cedar Lake,Quantified_Electrofishing_all_species_cencus,"Brook Trout, Wild",CHESTER,4017,193062023,1,Middlesex,-72.499,41.4010000000001
50013,19501,2023,Mount Hope River,Quantified_Electrofishing_all_species_cencus,"Brook Trout, Wild",ASHFORD,3206,195012023,46,Windham,-72.177649,41.932957
50036,19573,2015,Beaver Meadow Brook,Quantified_Electrofishing_all_species_cencus,"Brook Trout, Wild",HADDAM,4015,195732015,49,Middlesex,-72.5388,41.4504600000001
50040,19588,2021,Roaring Brook,Quantified_Electrofishing_all_species_cencus,"Brook Trout, Wild",GLASTONBURY,4009,195882021,67,Hartford,-72.518016,41.7048310000001
50048,19603,2023,Sawmill Brook (DUP 15146?),Quantified_Electrofishing_all_species_cencus,"Brook Trout, Wild",MANSFIELD,3208,196032023,28,Tolland,-72.202896,41.743928
50054,19629,2023,Stonehouse Brook Trib.,Quantified_Electrofishing_all_species_cencus,"Brook Trout, Wild",CHAPLIN,3204,196292023,7,Windham,-72.1495629999999,41.777384
50057,19638,2017,Birch Mountain Brook,Quantified_Electrofishing_all_species_cencus,"Brook Trout, Wild",MANCHESTER,4504,196382017,20,Hartford,-72.4987199999999,41.7630800000001
50070,19642,2018,"Shepaug River, Unnamed Tributary to",Quantified_Electrofishing_all_species_cencus,"Brook Trout, Wild",WASHINGTON,6700,196422018,10,Litchfield,-73.327844,41.6073240000001
50076,19642,2019,"Shepaug River, Unnamed Tributary to",Quantified_Electrofishing_all_species_cencus,"Brook Trout, Wild",WASHINGTON,6700,196422019,12,Litchfield,-73.327844,41.6073240000001
50095,19679,2017,Leadmine Brook,Quantified_Electrofishing_all_species_cencus,"Brook Trout, Wild",HARWINTON,6908,196792017,1,Litchfield,-73.0614199999999,41.75789
50118,19696,2017,"Whiting River, Unnamed tributary to",Quantified_Electrofishing_all_species_cencus,"Brook Trout, Wild",NORTH CANAAN,6101,196962017,1,Litchfield,-73.268021,42.0343300000001
50154,19700,2017,Beaver Meadow Brook,Quantified_Electrofishing_all_species_cencus,"Brook Trout, Wild",HADDAM,4015,197002017,18,Middlesex,-72.53605,41.4522900000001
50158,19709,2017,Poland River,Quantified_Electrofishing_all_species_cencus,"Brook Trout, Wild",PLYMOUTH,4313,197092017,6,Litchfield,-73.0034929999999,41.6899110000001
50166,19724,2018,Pettee Brook,Quantified_Electrofishing_all_species_cencus,"Brook Trout, Wild",SALISBURY,6005,197242018,49,Litchfield,-73.4442999999999,41.9738
50168,19725,2018,"Wachocastinook Brook, Unnamed tributary to",Quantified_Electrofishing_all_species_cencus,"Brook Trout, Wild",SALISBURY,6005,197252018,22,Litchfield,-73.4324,41.982
50171,19733,2018,Pond Mountain Brook,Quantified_Electrofishing_all_species_cencus,"Brook Trout, Wild",KENT,6015,197332018,12,Litchfield,-73.47336,41.76748
50176,19733,2019,Pond Mountain Brook,Quantified_Electrofishing_all_species_cencus,"Brook Trout, Wild",KENT,6015,197332019,9,Litchfield,-73.47336,41.76748
50198,19742,2019,Hollenbeck River,Quantified_Electrofishing_all_species_cencus,"Brook Trout, Wild",CORNWALL,6200,197422019,7,Litchfield,-73.2857099999999,41.89275
50206,19749,2018,Staddle Brook,Quantified_Electrofishing_all_species_cencus,"Brook Trout, Wild",ANDOVER,3108,197492018,7,Tolland,-72.36918,41.73756
50215,19751,2018,"Sandy Brook, Unnamed tributary to",Quantified_Electrofishing_all_species_cencus,"Brook Trout, Wild",COLEBROOK,4304,197512018,43,Litchfield,-73.04464,41.9826
50226,19812,2017,Foote Sawmill Brook,Quantified_Electrofishing_all_species_cencus,"Brook Trout, Wild",MARLBOROUGH,4707,198122017,16,Hartford,-72.46045,41.675775
50235,19813,2017,Flat Brook,Quantified_Electrofishing_all_species_cencus,"Brook Trout, Wild",MARLBOROUGH,4707,198132017,6,Hartford,-72.463,41.6757650000001
50239,19838,2018,Hop Brook Trib,Quantified_Electrofishing_all_species_cencus,"Brook Trout, Wild",MANCHESTER,4504,198382018,55,Hartford,-72.50152,41.74183
50241,19919,2019,Pond Mountain Brook,Quantified_Electrofishing_all_species_cencus,"Brook Trout, Wild",KENT,6015,199192019,3,Litchfield,-73.479599,41.767184
50256,19931,2018,Charters Brook,Quantified_Electrofishing_all_species_cencus,"Brook Trout, Wild",TOLLAND,4501,199312018,95,Tolland,-72.40556,41.903266
50261,19932,2018,Whigville Brook,Quantified_Electrofishing_all_species_cencus,"Brook Trout, Wild",BURLINGTON,4314,199322018,31,Hartford,-72.9607799999999,41.7401300000001
50264,19933,2018,Thompson Brook,Quantified_Electrofishing_all_species_cencus,"Brook Trout, Wild",LEDYARD,2107,199332018,11,New London,-72.04427,41.40193
50269,19940,2018,Gunn Brook,Quantified_Electrofishing_all_species_cencus,"Brook Trout, Wild",CORNWALL,6000,199402018,74,Litchfield,-73.37902,41.800009
50271,19954,2018,"Ball Brook, Unnamed tributary to",Quantified_Electrofishing_all_species_cencus,"Brook Trout, Wild",SALISBURY,6006,199542018,4,Litchfield,-73.4315999999999,42.0137930000001
50292,19984,2019,"Nonnewaug River, No Name Tributary to",Quantified_Electrofishing_all_species_cencus,"Brook Trout, Wild",WOODBURY,6802,199842019,20,Litchfield,-73.192381,41.5530830000001
50392,20054,2018,Blackmans Brook,Quantified_Electrofishing_all_species_cencus,"Brook Trout, Wild",ANDOVER,3108,200542018,57,Tolland,-72.3777919999999,41.7433270000001
50409,20060,2018,Hurds Brook,Quantified_Electrofishing_all_species_cencus,"Brook Trout, Wild",MONROE,6024,200602018,2,Fairfield,-73.1919799999999,41.3500000000001
50417,20061,2018,Mount Hope River,Quantified_Electrofishing_all_species_cencus,"Brook Trout, Wild",ASHFORD,3206,200612018,67,Windham,-72.17456,41.9006000000001
50425,20062,2018,"Shepaug River, Unnamed tributary to",Quantified_Electrofishing_all_species_cencus,"Brook Trout, Wild",NEW MILFORD,6700,200622018,9,Litchfield,-73.35209,41.5886800000001
50430,20064,2018,Merrick Brook,Quantified_Electrofishing_all_species_cencus,"Brook Trout, Wild",HAMPTON,3803,200642018,9,Windham,-72.096308,41.7683490000001
50434,20068,2018,Porter Brook,Quantified_Electrofishing_all_species_cencus,"Brook Trout, Wild",MANCHESTER,4504,200682018,34,Hartford,-72.470367,41.771941
50435,20069,2018,Porter Brook,Quantified_Electrofishing_all_species_cencus,"Brook Trout, Wild",MANCHESTER,4504,200692018,40,Hartford,-72.473287,41.773287
50436,20070,2018,Porter Brook,Quantified_Electrofishing_all_species_cencus,"Brook Trout, Wild",MANCHESTER,4504,200702018,30,Hartford,-72.472842,41.7728960000001
50437,20071,2018,Porter Brook,Quantified_Electrofishing_all_species_cencus,"Brook Trout, Wild",MANCHESTER,4504,200712018,194,Hartford,-72.471402,41.7723950000001
50438,20072,2018,Porter Brook,Quantified_Electrofishing_all_species_cencus,"Brook Trout, Wild",BOLTON,4504,200722018,80,Tolland,-72.467967,41.7717920000001
50440,20073,2018,Skinner Brook,Quantified_Electrofishing_all_species_cencus,"Brook Trout, Wild",WOODSTOCK,3201,200732018,2,Windham,-72.04401,41.9309900000001
50472,20079,2018,Gunn Brook,Quantified_Electrofishing_all_species_cencus,"Brook Trout, Wild",CORNWALL,6000,200792018,34,Litchfield,-73.3872,41.8051
50476,20080,2018,Merwin Brook,Quantified_Electrofishing_all_species_cencus,"Brook Trout, Wild",BROOKFIELD,6000,200802018,11,Fairfield,-73.383,41.4839000000001
50496,20085,2019,Sprain Brook,Quantified_Electrofishing_all_species_cencus,"Brook Trout, Wild",WOODBURY,6803,200852019,2,Litchfield,-73.231703,41.571109
50507,20087,2018,"Sargent River, Unnamed tributary to",Quantified_Electrofishing_all_species_cencus,"Brook Trout, Wild",WOODBRIDGE,5303,200872018,37,New Haven,-72.990328,41.3823980000001
50538,20092,2018,Gunn Brook,Quantified_Electrofishing_all_species_cencus,"Brook Trout, Wild",CORNWALL,6000,200922018,66,Litchfield,-73.3817,41.8035
50545,20095,2019,Kirby Brook,Quantified_Electrofishing_all_species_cencus,"Brook Trout, Wild",WASHINGTON,6700,200952019,6,Litchfield,-73.3233999999999,41.6166000000001
50551,20096,2018,"Shepaug River, Unnamed tributary to (Curtis Brook)",Quantified_Electrofishing_all_species_cencus,"Brook Trout, Wild",WASHINGTON,6700,200962018,17,Litchfield,-73.3285999999999,41.6079
50556,20096,2019,"Shepaug River, Unnamed tributary to (Curtis Brook)",Quantified_Electrofishing_all_species_cencus,"Brook Trout, Wild",WASHINGTON,6700,200962019,58,Litchfield,-73.3285999999999,41.6079
50565,20097,2019,Hollenbeck River,Quantified_Electrofishing_all_species_cencus,"Brook Trout, Wild",CORNWALL,6200,200972019,1,Litchfield,-73.2852999999999,41.8936
50570,20098,2018,Cemetery Brook,Quantified_Electrofishing_all_species_cencus,"Brook Trout, Wild",REDDING,7200,200982018,3,Fairfield,-73.40957,41.294274
50577,20099,2018,Moffitts Brook,Quantified_Electrofishing_all_species_cencus,"Brook Trout, Wild",REDDING,7200,200992018,12,Fairfield,-73.409173,41.29429
50580,20123,2019,Labonte Brook,Quantified_Electrofishing_all_species_cencus,"Brook Trout, Wild",TOLLAND,3100,201232019,108,Tolland,-72.3077,41.9035900000001
50582,20124,2019,NNT to Sucker Brook,Quantified_Electrofishing_all_species_cencus,"Brook Trout, Wild",WINCHESTER,4302,201242019,36,Litchfield,-73.115359,41.916858
50589,20127,2019,Pequabuck River,Quantified_Electrofishing_all_species_cencus,"Brook Trout, Wild",BRISTOL,4315,201272019,3,Hartford,-72.969139,41.670147
50597,20128,2021,Susquetonscut Brook,Quantified_Electrofishing_all_species_cencus,"Brook Trout, Wild",FRANKLIN,3907,201282021,1,New London,-72.139504,41.580635
50608,20129,2019,Ocain Brook,Quantified_Electrofishing_all_species_cencus,"Brook Trout, Wild",GOSHEN,6200,201292019,12,Litchfield,-73.264893,41.899369
50619,20136,2019,"Andover Lake, Unnamed tributary to (Skoog Brook)",Quantified_Electrofishing_all_species_cencus,"Brook Trout, Wild",ANDOVER,3108,201362019,9,Tolland,-72.3543999999999,41.7126000000001
50665,20191,2019,Grants Brook,Quantified_Electrofishing_all_species_cencus,"Brook Trout, Wild",MANSFIELD,3206,201912019,1,Tolland,-72.1675,41.82858
50668,20206,2019,Gillette Brook,Quantified_Electrofishing_all_species_cencus,"Brook Trout, Wild",COLCHESTER,4703,202062019,7,New London,-72.369716,41.578831
50677,20209,2019,Babbling Brook,Quantified_Electrofishing_all_species_cencus,"Brook Trout, Wild",SHERMAN,6017,202092019,12,Fairfield,-73.49103,41.60882
50684,20210,2019,Nonewaug River,Quantified_Electrofishing_all_species_cencus,"Brook Trout, Wild",WOODBURY,6802,202102019,31,Litchfield,-73.18996,41.5675200000001
50712,20217,2019,"Shepaug River, unnamed tributary (Canoe Brook)",Quantified_Electrofishing_all_species_cencus,"Brook Trout, Wild",WASHINGTON,6700,202172019,4,Litchfield,-73.3213919999999,41.6409160000001
50729,20223,2019,Pine Brook,Quantified_Electrofishing_all_species_cencus,"Brook Trout, Wild",BETHANY,5200,202232019,9,New Haven,-73.0305,41.3897000000001
50735,20224,2019,Black Brook,Quantified_Electrofishing_all_species_cencus,"Brook Trout, Wild",WOODBRIDGE,6025,202242019,37,New Haven,-73.0407999999999,41.3828
50737,20225,2019,Hopp Brook,Quantified_Electrofishing_all_species_cencus,"Brook Trout, Wild",BETHANY,6919,202252019,133,New Haven,-73.0325,41.4129
50772,20236,2019,Goshen Brook,Quantified_Electrofishing_all_species_cencus,"Brook Trout, Wild",LEBANON,3900,202362019,28,New London,-72.232677,41.574707
50778,20237,2019,Canoe Brook,Quantified_Electrofishing_all_species_cencus,"Brook Trout, Wild",WASHINGTON,6700,202372019,3,Litchfield,-73.324245,41.644216
50780,20238,2019,Hop Brook,Quantified_Electrofishing_all_species_cencus,"Brook Trout, Wild",ROXBURY,6700,202382019,3,Litchfield,-73.33367,41.5484940000001
50787,20239,2019,Nonewaug River,Quantified_Electrofishing_all_species_cencus,"Brook Trout, Wild",WOODBURY,6802,202392019,4,Litchfield,-73.1946129999999,41.5535380000001
50805,20249,2019,Gillette Brook,Quantified_Electrofishing_all_species_cencus,"Brook Trout, Wild",COLCHESTER,4703,202492019,8,New London,-72.36659,41.558657
50810,20251,2019,Buell Brook,Quantified_Electrofishing_all_species_cencus,"Brook Trout, Wild",EAST HADDAM,4710,202512019,9,Middlesex,-72.4386,41.5213000000001
50851,20262,2019,"Roaring Brook, NNT to",Quantified_Electrofishing_all_species_cencus,"Brook Trout, Wild",PROSPECT,5301,202622019,4,New Haven,-72.948032,41.4790550000001
50853,20263,2019,"Naugatuck Reservoir, NNT to",Quantified_Electrofishing_all_species_cencus,"Brook Trout, Wild",PROSPECT,6918,202632019,47,New Haven,-72.970429,41.480578
50855,20266,2019,"Stonehouse Brook, NNT to",Quantified_Electrofishing_all_species_cencus,"Brook Trout, Wild",CHAPLIN,3204,202662019,21,Windham,-72.145437,41.7995080000001
50856,20267,2019,"Stonehouse Brook, NNT to",Quantified_Electrofishing_all_species_cencus,"Brook Trout, Wild",CHAPLIN,3204,202672019,45,Windham,-72.1466609999999,41.7818770000001
50857,20268,2019,"Natchaug River, NNT to",Quantified_Electrofishing_all_species_cencus,"Brook Trout, Wild",WINDHAM,3200,202682019,42,Windham,-72.150246,41.7519970000001
50859,20269,2019,"Shetucket River, NNT to",Quantified_Electrofishing_all_species_cencus,"Brook Trout, Wild",WINDHAM,3800,202692019,52,Windham,-72.160558,41.666027
50933,20295,2019,Bush Meadow Brook,Quantified_Electrofishing_all_species_cencus,"Brook Trout, Wild",UNION,3203,202952019,61,Tolland,-72.167975,41.9773470000001
50934,20297,2019,Ragged Hill Brook,Quantified_Electrofishing_all_species_cencus,"Brook Trout, Wild",POMFRET,3710,202972019,6,Windham,-72.024288,41.8973030000001
50943,20300,2019,"Lake Zoar, Unnamed Tributary To",Quantified_Electrofishing_all_species_cencus,"Brook Trout, Wild",OXFORD,6000,203002019,6,New Haven,-73.190213,41.4121040000001
50947,20301,2019,"Lake Zoar, Unnamed Tributary To",Quantified_Electrofishing_all_species_cencus,"Brook Trout, Wild",OXFORD,6000,203012019,15,New Haven,-73.1906299999999,41.39802
50950,20302,2019,"Hancock Brook, NNT to",Quantified_Electrofishing_all_species_cencus,"Brook Trout, Wild",PLYMOUTH,6911,203022019,21,Litchfield,-73.009422,41.644282
50953,20303,2019,"Hancock Brook, NNT to",Quantified_Electrofishing_all_species_cencus,"Brook Trout, Wild",PLYMOUTH,6911,203032019,59,Litchfield,-73.0234189999999,41.6369050000001
50960,20312,2019,White Hill Community Brook,Quantified_Electrofishing_all_species_cencus,"Brook Trout, Wild",SHELTON,6000,203122019,1,Fairfield,-73.14973,41.36864
50971,20314,2019,Round Hill Brook,Quantified_Electrofishing_all_species_cencus,"Brook Trout, Wild",OXFORD,6000,203142019,62,New Haven,-73.15833,41.376179
50973,20315,2019,Tributary to Round Hill Brook,Quantified_Electrofishing_all_species_cencus,"Brook Trout, Wild",OXFORD,6000,203152019,26,New Haven,-73.159868,41.3749980000001
50992,20318,2021,Pickett Brook,Quantified_Electrofishing_all_species_cencus,"Brook Trout, Wild",HARWINTON,6900,203182021,26,Litchfield,-73.110034,41.762732
50996,20319,2021,"East Branch Shepaug River, Unnamed tributary to",Quantified_Electrofishing_all_species_cencus,"Brook Trout, Wild",CORNWALL,6700,203192021,128,Litchfield,-73.289136,41.827436
50999,20320,2021,North Brook,Quantified_Electrofishing_all_species_cencus,"Brook Trout, Wild",NORFOLK,6100,203202021,36,Litchfield,-73.2237229999999,42.006716
51001,20321,2021,Slater Brook,Quantified_Electrofishing_all_species_cencus,"Brook Trout, Wild",KILLINGLY,3404,203212021,1,Windham,-71.82418,41.8297900000001
51015,20326,2019,"Pachaug River, NNT to",Quantified_Electrofishing_all_species_cencus,"Brook Trout, Wild",GRISWOLD,3600,203262019,1,New London,-71.9391189999999,41.5797390000001
51021,20328,2019,"Willimantic River, NNT to",Quantified_Electrofishing_all_species_cencus,"Brook Trout, Wild",WILLINGTON,3100,203282019,24,Tolland,-72.300243,41.922175
51023,20330,2019,"Baker Brook, NNT to, NNT to",Quantified_Electrofishing_all_species_cencus,"Brook Trout, Wild",STAFFORD,3100,203302019,16,Tolland,-72.279844,41.9491180000001
51025,20331,2019,"Baker Brook, NNT to",Quantified_Electrofishing_all_species_cencus,"Brook Trout, Wild",STAFFORD,3100,203312019,2,Tolland,-72.287633,41.952528
51029,20336,2019,"Middle River, NNT to",Quantified_Electrofishing_all_species_cencus,"Brook Trout, Wild",STAFFORD,3102,203362019,52,Tolland,-72.328794,42.011671
51033,20399,2018,Pond Mountain Brook,Quantified_Electrofishing_all_species_cencus,"Brook Trout, Wild",KENT,6015,203992018,9,Litchfield,-73.47292,41.76759
51037,20399,2019,Pond Mountain Brook,Quantified_Electrofishing_all_species_cencus,"Brook Trout, Wild",KENT,6015,203992019,1,Litchfield,-73.47292,41.76759
51046,20402,2018,Pettee Brook,Quantified_Electrofishing_all_species_cencus,"Brook Trout, Wild",SALISBURY,6005,204022018,49,Litchfield,-73.44514,41.97443
51049,20403,2018,Loon Brook,Quantified_Electrofishing_all_species_cencus,"Brook Trout, Wild",NORFOLK,4304,204032018,12,Litchfield,-73.1575,41.9999
51053,20403,2019,Loon Brook,Quantified_Electrofishing_all_species_cencus,"Brook Trout, Wild",NORFOLK,4304,204032019,12,Litchfield,-73.1575,41.9999
51058,20404,2018,Loon Brook,Quantified_Electrofishing_all_species_cencus,"Brook Trout, Wild",NORFOLK,4304,204042018,3,Litchfield,-73.1583199999999,42.00005
51061,20404,2019,Loon Brook,Quantified_Electrofishing_all_species_cencus,"Brook Trout, Wild",NORFOLK,4304,204042019,10,Litchfield,-73.1583199999999,42.00005
51067,20407,2019,Hop Brook,Quantified_Electrofishing_all_species_cencus,"Brook Trout, Wild",ROXBURY,6700,204072019,3,Litchfield,-73.3323789999999,41.5474990000001
51073,20408,2019,Shepaug River trib Canoe Brook,Quantified_Electrofishing_all_species_cencus,"Brook Trout, Wild",WASHINGTON,6700,204082019,4,Litchfield,-73.32352,41.6437000000001
51077,20457,2021,West River,Quantified_Electrofishing_all_species_cencus,"Brook Trout, Wild",BETHANY,5305,204572021,13,New Haven,-72.96487,41.425143
51081,20458,2021,Muddy River,Quantified_Electrofishing_all_species_cencus,"Brook Trout, Wild",WALLINGFORD,5208,204582021,1,New Haven,-72.7992399999999,41.418218
51097,20460,2021,Safford Brook,Quantified_Electrofishing_all_species_cencus,"Brook Trout, Wild",WOODSTOCK,3201,204602021,2,Windham,-72.048726,41.9352170000001
51105,20461,2022,Wigwam Brook,Quantified_Electrofishing_all_species_cencus,"Brook Trout, Wild",LITCHFIELD,6910,204612022,1,Litchfield,-73.149173,41.7088570000001
51113,20500,2021,"Eightmile River, Unnamed tributary to",Quantified_Electrofishing_all_species_cencus,"Brook Trout, Wild",EAST HADDAM,4800,205002021,2,Middlesex,-72.3380999999999,41.4682
51119,20519,2021,Lost Pond Brook,Quantified_Electrofishing_all_species_cencus,"Brook Trout, Wild",UNION,3202,205192021,6,Tolland,-72.1014,41.9661100000001
51124,20522,2021,Marks Brook,Quantified_Electrofishing_all_species_cencus,"Brook Trout, Wild",NAUGATUCK,6918,205222021,9,New Haven,-73.00522,41.4730300000001
51128,20523,2021,Marks Brook,Quantified_Electrofishing_all_species_cencus,"Brook Trout, Wild",NAUGATUCK,6918,205232021,19,New Haven,-73.0061699999999,41.47209
51135,20525,2022,Hart Brook,Quantified_Electrofishing_all_species_cencus,"Brook Trout, Wild",GOSHEN,6902,205252022,51,Litchfield,-73.19528,41.885113
51139,20600,2021,"Bungee Brook, NNT to",Quantified_Electrofishing_all_species_cencus,"Brook Trout, Wild",EASTFORD,3201,206002021,5,Windham,-72.060034,41.9073760000001
51178,20611,2021,Fawn Hill Brook,Quantified_Electrofishing_all_species_cencus,"Brook Trout, Wild",EAST HAMPTON,4708,206112021,12,Middlesex,-72.510587,41.619262
51187,20615,2021,"Wintergreen Brook, NNT to",Quantified_Electrofishing_all_species_cencus,"Brook Trout, Wild",GLASTONBURY,4009,206152021,10,Hartford,-72.529437,41.683209
51204,20632,2022,Roaring Brook,Quantified_Electrofishing_all_species_cencus,"Brook Trout, Wild",NORFOLK,6100,206322022,113,Litchfield,-73.23864,42.0011700000001
51224,20637,2022,"Poland River, NNT to",Quantified_Electrofishing_all_species_cencus,"Brook Trout, Wild",PLYMOUTH,4313,206372022,2,Litchfield,-73.00677,41.6942000000001
51228,20639,2022,Millard Brook,Quantified_Electrofishing_all_species_cencus,"Brook Trout, Wild",CORNWALL,6000,206392022,16,Litchfield,-73.384467,41.788148
51231,20640,2022,Foot Sawmill Brook,Quantified_Electrofishing_all_species_cencus,"Brook Trout, Wild",MARLBOROUGH,4707,206402022,1,Hartford,-72.452254,41.680553
51254,20835,2022,"Railroad Brook, NNT to",Quantified_Electrofishing_all_species_cencus,"Brook Trout, Wild",VERNON,4503,208352022,15,Tolland,-72.445127,41.817256
51256,20836,2022,"Railroad Brook, NNT to",Quantified_Electrofishing_all_species_cencus,"Brook Trout, Wild",VERNON,4503,208362022,6,Tolland,-72.445845,41.8158080000001
51264,20846,2023,NNT to Ponset Brook,Quantified_Electrofishing_all_species_cencus,"Brook Trout, Wild",HADDAM,4014,208462023,47,Middlesex,-72.581327,41.450006
51269,20847,2023,NNT to Eightmile River,Quantified_Electrofishing_all_species_cencus,"Brook Trout, Wild",LYME,4800,208472023,1,New London,-72.35054,41.4212220000001
51293,14129,1998,Beacon Hill Brook,Qualitative_electrofishing_presence indicated,"Brook Trout, Wild",BEACON FALLS,6918,141291998,8,New Haven,-73.0501,41.4684
51330,14129,2007,Beacon Hill Brook,Qualitative_electrofishing_presence indicated,"Brook Trout, Wild",BEACON FALLS,6918,141292007,101,New Haven,-73.0501,41.4684
51338,14129,2008,Beacon Hill Brook,Qualitative_electrofishing_presence indicated,"Brook Trout, Wild",BEACON FALLS,6918,141292008,1,New Haven,-73.0501,41.4684
51347,14129,2009,Beacon Hill Brook,Qualitative_electrofishing_presence indicated,"Brook Trout, Wild",BEACON FALLS,6918,141292009,2,New Haven,-73.0501,41.4684
51354,14129,2010,Beacon Hill Brook,Qualitative_electrofishing_presence indicated,"Brook Trout, Wild",BEACON FALLS,6918,141292010,10,New Haven,-73.0501,41.4684
51364,14129,2012,Beacon Hill Brook,Qualitative_electrofishing_presence indicated,"Brook Trout, Wild",BEACON FALLS,6918,141292012,1,New Haven,-73.0501,41.4684
51373,14129,2013,Beacon Hill Brook,Qualitative_electrofishing_presence indicated,"Brook Trout, Wild",BEACON FALLS,6918,141292013,4,New Haven,-73.0501,41.4684
51393,14129,2015,Beacon Hill Brook,Qualitative_electrofishing_presence indicated,"Brook Trout, Wild",BEACON FALLS,6918,141292015,8,New Haven,-73.0501,41.4684
51403,14143,1998,Branch Brook,Qualitative_electrofishing_presence indicated,"Brook Trout, Wild",THOMASTON,6910,141431998,13,Litchfield,-73.0821999999999,41.648
51426,14167,2015,Deep Brook,Qualitative_electrofishing_presence indicated,"Brook Trout, Wild",NEWTOWN,6019,141672015,2,Fairfield,-73.2864999999999,41.4081
51441,14167,2017,Deep Brook,Qualitative_electrofishing_presence indicated,"Brook Trout, Wild",NEWTOWN,6019,141672017,69,Fairfield,-73.2864999999999,41.4081
51468,14175,2002,East Branch Naugatuck River,Qualitative_electrofishing_presence indicated,"Brook Trout, Wild",TORRINGTON,6905,141752002,21,Litchfield,-73.1231999999999,41.8203
51479,14172,2016,Deep Brook,Qualitative_electrofishing_presence indicated,"Brook Trout, Wild",NEWTOWN,6019,141722016,1,Fairfield,-73.2823,41.4131
51495,14175,2003,East Branch Naugatuck River,Qualitative_electrofishing_presence indicated,"Brook Trout, Wild",TORRINGTON,6905,141752003,12,Litchfield,-73.1231999999999,41.8203
51538,14175,2007,East Branch Naugatuck River,Qualitative_electrofishing_presence indicated,"Brook Trout, Wild",TORRINGTON,6905,141752007,1,Litchfield,-73.1231999999999,41.8203
51565,14175,2009,East Branch Naugatuck River,Qualitative_electrofishing_presence indicated,"Brook Trout, Wild",TORRINGTON,6905,141752009,1,Litchfield,-73.1231999999999,41.8203
51593,14179,2001,East Branch Naugatuck River,Qualitative_electrofishing_presence indicated,"Brook Trout, Wild",TORRINGTON,6905,141792001,33,Litchfield,-73.115842,41.7973450000001
51604,14179,2003,East Branch Naugatuck River,Qualitative_electrofishing_presence indicated,"Brook Trout, Wild",TORRINGTON,6905,141792003,1,Litchfield,-73.115842,41.7973450000001
51638,14179,2007,East Branch Naugatuck River,Qualitative_electrofishing_presence indicated,"Brook Trout, Wild",TORRINGTON,6905,141792007,1,Litchfield,-73.115842,41.7973450000001
51660,14188,2000,Eightmile River,Qualitative_electrofishing_presence indicated,"Brook Trout, Wild",SOUTHINGTON,5201,141882000,1,Hartford,-72.8977,41.5880000000001
51670,14188,2001,Eightmile River,Qualitative_electrofishing_presence indicated,"Brook Trout, Wild",SOUTHINGTON,5201,141882001,10,Hartford,-72.8977,41.5880000000001
51679,14188,2002,Eightmile River,Qualitative_electrofishing_presence indicated,"Brook Trout, Wild",SOUTHINGTON,5201,141882002,14,Hartford,-72.8977,41.5880000000001
51711,14188,2007,Eightmile River,Qualitative_electrofishing_presence indicated,"Brook Trout, Wild",SOUTHINGTON,5201,141882007,8,Hartford,-72.8977,41.5880000000001
51720,14188,2009,Eightmile River,Qualitative_electrofishing_presence indicated,"Brook Trout, Wild",SOUTHINGTON,5201,141882009,11,Hartford,-72.8977,41.5880000000001
51727,14188,2010,Eightmile River,Qualitative_electrofishing_presence indicated,"Brook Trout, Wild",SOUTHINGTON,5201,141882010,11,Hartford,-72.8977,41.5880000000001
51737,14188,2013,Eightmile River,Qualitative_electrofishing_presence indicated,"Brook Trout, Wild",SOUTHINGTON,5201,141882013,3,Hartford,-72.8977,41.5880000000001
51746,14188,2014,Eightmile River,Qualitative_electrofishing_presence indicated,"Brook Trout, Wild",SOUTHINGTON,5201,141882014,1,Hartford,-72.8977,41.5880000000001
51763,14188,2016,Eightmile River,Qualitative_electrofishing_presence indicated,"Brook Trout, Wild",SOUTHINGTON,5201,141882016,8,Hartford,-72.8977,41.5880000000001
51776,14188,2017,Eightmile River,Qualitative_electrofishing_presence indicated,"Brook Trout, Wild",SOUTHINGTON,5201,141882017,6,Hartford,-72.8977,41.5880000000001
51843,14193,2015,Farm River,Qualitative_electrofishing_presence indicated,"Brook Trout, Wild",NORTH BRANFORD,5112,141932015,2,New Haven,-72.7941,41.3818000000001
52024,14219,2000,Hammonasset River,Qualitative_electrofishing_presence indicated,"Brook Trout, Wild",KILLINGWORTH,5106,142192000,1,Middlesex,-72.6328,41.4125000000001
52031,14229,2006,Hockanum Brook,Qualitative_electrofishing_presence indicated,"Brook Trout, Wild",BEACON FALLS,6900,142292006,1,New Haven,-73.051,41.4373000000001
52038,14230,2008,Hockanum Brook,Qualitative_electrofishing_presence indicated,"Brook Trout, Wild",BEACON FALLS,6900,142302008,21,New Haven,-73.0593,41.4366000000001
52111,14248,2001,Hop Brook,Qualitative_electrofishing_presence indicated,"Brook Trout, Wild",NAUGATUCK,6916,142482001,1,New Haven,-73.0536999999999,41.4987
52161,14298,2011,Mill River,Qualitative_electrofishing_presence indicated,"Brook Trout, Wild",FAIRFIELD,7108,142982011,2,Fairfield,-73.2569999999999,41.208
52175,14298,2012,Mill River,Qualitative_electrofishing_presence indicated,"Brook Trout, Wild",FAIRFIELD,7108,142982012,2,Fairfield,-73.2569999999999,41.208
52197,14298,2014,Mill River,Qualitative_electrofishing_presence indicated,"Brook Trout, Wild",FAIRFIELD,7108,142982014,5,Fairfield,-73.2569999999999,41.208
52212,14298,2015,Mill River,Qualitative_electrofishing_presence indicated,"Brook Trout, Wild",FAIRFIELD,7108,142982015,1,Fairfield,-73.2569999999999,41.208
52238,14298,2017,Mill River,Qualitative_electrofishing_presence indicated,"Brook Trout, Wild",FAIRFIELD,7108,142982017,1,Fairfield,-73.2569999999999,41.208
52461,14392,2007,Pequabuck River,Qualitative_electrofishing_presence indicated,"Brook Trout, Wild",BRISTOL,4315,143922007,1,Hartford,-72.8977,41.6738
52534,14417,1998,Quinnipiac River,Qualitative_electrofishing_presence indicated,"Brook Trout, Wild",SOUTHINGTON,5200,144171998,1,Hartford,-72.891,41.5878000000001
52560,14417,2001,Quinnipiac River,Qualitative_electrofishing_presence indicated,"Brook Trout, Wild",SOUTHINGTON,5200,144172001,2,Hartford,-72.891,41.5878000000001
52572,14417,2002,Quinnipiac River,Qualitative_electrofishing_presence indicated,"Brook Trout, Wild",SOUTHINGTON,5200,144172002,14,Hartford,-72.891,41.5878000000001
52619,14417,2007,Quinnipiac River,Qualitative_electrofishing_presence indicated,"Brook Trout, Wild",SOUTHINGTON,5200,144172007,2,Hartford,-72.891,41.5878000000001
52629,14417,2008,Quinnipiac River,Qualitative_electrofishing_presence indicated,"Brook Trout, Wild",SOUTHINGTON,5200,144172008,4,Hartford,-72.891,41.5878000000001
52640,14417,2009,Quinnipiac River,Qualitative_electrofishing_presence indicated,"Brook Trout, Wild",SOUTHINGTON,5200,144172009,2,Hartford,-72.891,41.5878000000001
52647,14417,2010,Quinnipiac River,Qualitative_electrofishing_presence indicated,"Brook Trout, Wild",SOUTHINGTON,5200,144172010,12,Hartford,-72.891,41.5878000000001
52659,14417,2011,Quinnipiac River,Qualitative_electrofishing_presence indicated,"Brook Trout, Wild",SOUTHINGTON,5200,144172011,8,Hartford,-72.891,41.5878000000001
52671,14417,2013,Quinnipiac River,Qualitative_electrofishing_presence indicated,"Brook Trout, Wild",SOUTHINGTON,5200,144172013,1,Hartford,-72.891,41.5878000000001
52682,14417,2014,Quinnipiac River,Qualitative_electrofishing_presence indicated,"Brook Trout, Wild",SOUTHINGTON,5200,144172014,4,Hartford,-72.891,41.5878000000001
52705,14417,2016,Quinnipiac River,Qualitative_electrofishing_presence indicated,"Brook Trout, Wild",SOUTHINGTON,5200,144172016,21,Hartford,-72.891,41.5878000000001
52719,14417,2017,Quinnipiac River,Qualitative_electrofishing_presence indicated,"Brook Trout, Wild",SOUTHINGTON,5200,144172017,5,Hartford,-72.891,41.5878000000001
52730,14420,2001,Quinnipiac River,Qualitative_electrofishing_presence indicated,"Brook Trout, Wild",CHESHIRE,5200,144202001,4,New Haven,-72.8704999999999,41.5502000000001
52743,14425,1998,Quinnipiac River,Qualitative_electrofishing_presence indicated,"Brook Trout, Wild",SOUTHINGTON,5200,144251998,28,Hartford,-72.8833,41.6300000000001
52817,14435,2000,Salmon Brook,Qualitative_electrofishing_presence indicated,"Brook Trout, Wild",EAST GRANBY,4320,144352000,5,Hartford,-72.7748999999999,41.9366000000001
52834,14435,2001,Salmon Brook,Qualitative_electrofishing_presence indicated,"Brook Trout, Wild",EAST GRANBY,4320,144352001,12,Hartford,-72.7748999999999,41.9366000000001
52852,14435,2002,Salmon Brook,Qualitative_electrofishing_presence indicated,"Brook Trout, Wild",EAST GRANBY,4320,144352002,5,Hartford,-72.7748999999999,41.9366000000001
52902,14435,2008,Salmon Brook,Qualitative_electrofishing_presence indicated,"Brook Trout, Wild",EAST GRANBY,4320,144352008,5,Hartford,-72.7748999999999,41.9366000000001
52917,14436,1991,Salmon Brook,Qualitative_electrofishing_presence indicated,"Brook Trout, Wild",GLASTONBURY,4006,144361991,11,Hartford,-72.602,41.7191
52920,14436,2000,Salmon Brook,Qualitative_electrofishing_presence indicated,"Brook Trout, Wild",GLASTONBURY,4006,144362000,3,Hartford,-72.602,41.7191
52926,14436,2001,Salmon Brook,Qualitative_electrofishing_presence indicated,"Brook Trout, Wild",GLASTONBURY,4006,144362001,20,Hartford,-72.602,41.7191
52937,14436,2003,Salmon Brook,Qualitative_electrofishing_presence indicated,"Brook Trout, Wild",GLASTONBURY,4006,144362003,9,Hartford,-72.602,41.7191
52953,14436,2005,Salmon Brook,Qualitative_electrofishing_presence indicated,"Brook Trout, Wild",GLASTONBURY,4006,144362005,2,Hartford,-72.602,41.7191
52958,14436,2006,Salmon Brook,Qualitative_electrofishing_presence indicated,"Brook Trout, Wild",GLASTONBURY,4006,144362006,7,Hartford,-72.602,41.7191
52971,14436,2007,Salmon Brook,Qualitative_electrofishing_presence indicated,"Brook Trout, Wild",GLASTONBURY,4006,144362007,3,Hartford,-72.602,41.7191
52980,14436,2008,Salmon Brook,Qualitative_electrofishing_presence indicated,"Brook Trout, Wild",GLASTONBURY,4006,144362008,2,Hartford,-72.602,41.7191
52985,14436,2011,Salmon Brook,Qualitative_electrofishing_presence indicated,"Brook Trout, Wild",GLASTONBURY,4006,144362011,3,Hartford,-72.602,41.7191
52998,14436,2012,Salmon Brook,Qualitative_electrofishing_presence indicated,"Brook Trout, Wild",GLASTONBURY,4006,144362012,1,Hartford,-72.602,41.7191
53032,14437,2001,Salmon Brook,Qualitative_electrofishing_presence indicated,"Brook Trout, Wild",GLASTONBURY,4006,144372001,2,Hartford,-72.5851,41.7167000000001
53057,14437,2007,Salmon Brook,Qualitative_electrofishing_presence indicated,"Brook Trout, Wild",GLASTONBURY,4006,144372007,4,Hartford,-72.5851,41.7167000000001
53068,14437,2010,Salmon Brook,Qualitative_electrofishing_presence indicated,"Brook Trout, Wild",GLASTONBURY,4006,144372010,1,Hartford,-72.5851,41.7167000000001
53092,14437,2012,Salmon Brook,Qualitative_electrofishing_presence indicated,"Brook Trout, Wild",GLASTONBURY,4006,144372012,1,Hartford,-72.5851,41.7167000000001
53106,14437,2014,Salmon Brook,Qualitative_electrofishing_presence indicated,"Brook Trout, Wild",GLASTONBURY,4006,144372014,1,Hartford,-72.5851,41.7167000000001
53118,14437,2015,Salmon Brook,Qualitative_electrofishing_presence indicated,"Brook Trout, Wild",GLASTONBURY,4006,144372015,2,Hartford,-72.5851,41.7167000000001
53153,14438,2003,Salmon Brook,Qualitative_electrofishing_presence indicated,"Brook Trout, Wild",GLASTONBURY,4006,144382003,124,Hartford,-72.5559,41.7211
53157,14438,2014,Salmon Brook,Qualitative_electrofishing_presence indicated,"Brook Trout, Wild",GLASTONBURY,4006,144382014,83,Hartford,-72.5559,41.7211
53368,14532,2002,Morgan Brook,Qualitative_electrofishing_presence indicated,"Brook Trout, Wild",BARKHAMSTED,4305,145322002,3,Litchfield,-72.9888999999999,41.9018
53415,14532,2007,Morgan Brook,Qualitative_electrofishing_presence indicated,"Brook Trout, Wild",BARKHAMSTED,4305,145322007,3,Litchfield,-72.9888999999999,41.9018
53459,14580,2005,Willimantic River,Qualitative_electrofishing_presence indicated,"Brook Trout, Wild",STAFFORD,3100,145802005,1,Tolland,-72.3036999999999,41.9505
53466,14584,1998,Roaring Brook,Qualitative_electrofishing_presence indicated,"Brook Trout, Wild",WILLINGTON,3104,145841998,2,Tolland,-72.2891,41.9040000000001
53481,14584,2001,Roaring Brook,Qualitative_electrofishing_presence indicated,"Brook Trout, Wild",WILLINGTON,3104,145842001,1,Tolland,-72.2891,41.9040000000001
53483,14584,2002,Roaring Brook,Qualitative_electrofishing_presence indicated,"Brook Trout, Wild",WILLINGTON,3104,145842002,5,Tolland,-72.2891,41.9040000000001
53516,14592,2000,Fenton River,Qualitative_electrofishing_presence indicated,"Brook Trout, Wild",MANSFIELD,3207,145922000,1,Tolland,-72.21,41.7925000000001
53525,14595,2001,Quanduck Brook,Qualitative_electrofishing_presence indicated,"Brook Trout, Wild",STERLING,3501,145952001,4,Windham,-71.8360529999999,41.721906
53546,14652,2008,Hockanum Brook,Qualitative_electrofishing_presence indicated,"Brook Trout, Wild",BEACON FALLS,6900,146522008,24,New Haven,-73.0386,41.4392
53552,14686,2002,Blackberry River,Qualitative_electrofishing_presence indicated,"Brook Trout, Wild",NORTH CANAAN,6100,146862002,2,Litchfield,-73.2805999999999,42.0096
53563,14687,1998,Blackberry River,Qualitative_electrofishing_presence indicated,"Brook Trout, Wild",NORTH CANAAN,6100,146871998,1,Litchfield,-73.327636,42.0239550000001
53587,14687,2001,Blackberry River,Qualitative_electrofishing_presence indicated,"Brook Trout, Wild",NORTH CANAAN,6100,146872001,3,Litchfield,-73.327636,42.0239550000001
53631,14687,2007,Blackberry River,Qualitative_electrofishing_presence indicated,"Brook Trout, Wild",NORTH CANAAN,6100,146872007,1,Litchfield,-73.327636,42.0239550000001
53682,14721,2002,Shunock River,Qualitative_electrofishing_presence indicated,"Brook Trout, Wild",NORTH STONINGTON,1004,147212002,14,New London,-71.8452,41.4101000000001
53695,14721,2004,Shunock River,Qualitative_electrofishing_presence indicated,"Brook Trout, Wild",NORTH STONINGTON,1004,147212004,5,New London,-71.8452,41.4101000000001
53722,14772,2001,Transylvania Brook,Qualitative_electrofishing_presence indicated,"Brook Trout, Wild",SOUTHBURY,6806,147722001,1,New Haven,-73.2598,41.4884000000001
53774,14813,1998,Blackberry River,Qualitative_electrofishing_presence indicated,"Brook Trout, Wild",NORFOLK,6100,148131998,3,Litchfield,-73.2343,42.0065000000001
53784,14813,1999,Blackberry River,Qualitative_electrofishing_presence indicated,"Brook Trout, Wild",NORFOLK,6100,148131999,4,Litchfield,-73.2343,42.0065000000001
53796,14813,2000,Blackberry River,Qualitative_electrofishing_presence indicated,"Brook Trout, Wild",NORFOLK,6100,148132000,1,Litchfield,-73.2343,42.0065000000001
53821,14813,2007,Blackberry River,Qualitative_electrofishing_presence indicated,"Brook Trout, Wild",NORFOLK,6100,148132007,3,Litchfield,-73.2343,42.0065000000001
53845,14813,2009,Blackberry River,Qualitative_electrofishing_presence indicated,"Brook Trout, Wild",NORFOLK,6100,148132009,8,Litchfield,-73.2343,42.0065000000001
53856,14813,2010,Blackberry River,Qualitative_electrofishing_presence indicated,"Brook Trout, Wild",NORFOLK,6100,148132010,6,Litchfield,-73.2343,42.0065000000001
53864,14813,2012,Blackberry River,Qualitative_electrofishing_presence indicated,"Brook Trout, Wild",NORFOLK,6100,148132012,16,Litchfield,-73.2343,42.0065000000001
53874,14813,2013,Blackberry River,Qualitative_electrofishing_presence indicated,"Brook Trout, Wild",NORFOLK,6100,148132013,4,Litchfield,-73.2343,42.0065000000001
53882,14813,2014,Blackberry River,Qualitative_electrofishing_presence indicated,"Brook Trout, Wild",NORFOLK,6100,148132014,4,Litchfield,-73.2343,42.0065000000001
53894,14813,2015,Blackberry River,Qualitative_electrofishing_presence indicated,"Brook Trout, Wild",NORFOLK,6100,148132015,7,Litchfield,-73.2343,42.0065000000001
53903,14813,2016,Blackberry River,Qualitative_electrofishing_presence indicated,"Brook Trout, Wild",NORFOLK,6100,148132016,13,Litchfield,-73.2343,42.0065000000001
53910,14813,2017,Blackberry River,Qualitative_electrofishing_presence indicated,"Brook Trout, Wild",NORFOLK,6100,148132017,1,Litchfield,-73.2343,42.0065000000001
53934,14850,2000,Bladens River (Bladdens River),Qualitative_electrofishing_presence indicated,"Brook Trout, Wild",WOODBRIDGE,6919,148502000,288,New Haven,-73.0189999999999,41.3872000000001
53941,14850,2001,Bladens River (Bladdens River),Qualitative_electrofishing_presence indicated,"Brook Trout, Wild",WOODBRIDGE,6919,148502001,301,New Haven,-73.0189999999999,41.3872000000001
53946,14850,2002,Bladens River (Bladdens River),Qualitative_electrofishing_presence indicated,"Brook Trout, Wild",WOODBRIDGE,6919,148502002,196,New Haven,-73.0189999999999,41.3872000000001
53973,14850,2007,Bladens River (Bladdens River),Qualitative_electrofishing_presence indicated,"Brook Trout, Wild",WOODBRIDGE,6919,148502007,102,New Haven,-73.0189999999999,41.3872000000001
53980,14850,2008,Bladens River (Bladdens River),Qualitative_electrofishing_presence indicated,"Brook Trout, Wild",WOODBRIDGE,6919,148502008,58,New Haven,-73.0189999999999,41.3872000000001
53988,14850,2009,Bladens River (Bladdens River),Qualitative_electrofishing_presence indicated,"Brook Trout, Wild",WOODBRIDGE,6919,148502009,64,New Haven,-73.0189999999999,41.3872000000001
53995,14850,2010,Bladens River (Bladdens River),Qualitative_electrofishing_presence indicated,"Brook Trout, Wild",WOODBRIDGE,6919,148502010,87,New Haven,-73.0189999999999,41.3872000000001
54002,14850,2011,Bladens River (Bladdens River),Qualitative_electrofishing_presence indicated,"Brook Trout, Wild",WOODBRIDGE,6919,148502011,79,New Haven,-73.0189999999999,41.3872000000001
54010,14850,2012,Bladens River (Bladdens River),Qualitative_electrofishing_presence indicated,"Brook Trout, Wild",WOODBRIDGE,6919,148502012,115,New Haven,-73.0189999999999,41.3872000000001
54020,14850,2013,Bladens River (Bladdens River),Qualitative_electrofishing_presence indicated,"Brook Trout, Wild",WOODBRIDGE,6919,148502013,120,New Haven,-73.0189999999999,41.3872000000001
54120,15013,1989,Mill River,Qualitative_electrofishing_presence indicated,"Brook Trout, Wild",HAMDEN,5302,150131989,4,New Haven,-72.9055999999999,41.4259000000001
54154,15042,2015,Mill Brook,Qualitative_electrofishing_presence indicated,"Brook Trout, Wild",CORNWALL,6008,150422015,2,Litchfield,-73.3634,41.8720000000001
54193,15044,1995,Kent Falls Brook,Qualitative_electrofishing_presence indicated,"Brook Trout, Wild",KENT,6012,150441995,83,Litchfield,-73.4192,41.7769000000001
54208,15044,1998,Kent Falls Brook,Qualitative_electrofishing_presence indicated,"Brook Trout, Wild",KENT,6012,150441998,41,Litchfield,-73.4192,41.7769000000001
54217,15044,2000,Kent Falls Brook,Qualitative_electrofishing_presence indicated,"Brook Trout, Wild",KENT,6012,150442000,42,Litchfield,-73.4192,41.7769000000001
54227,15044,2001,Kent Falls Brook,Qualitative_electrofishing_presence indicated,"Brook Trout, Wild",KENT,6012,150442001,95,Litchfield,-73.4192,41.7769000000001
54237,15044,2002,Kent Falls Brook,Qualitative_electrofishing_presence indicated,"Brook Trout, Wild",KENT,6012,150442002,59,Litchfield,-73.4192,41.7769000000001
54253,15044,2003,Kent Falls Brook,Qualitative_electrofishing_presence indicated,"Brook Trout, Wild",KENT,6012,150442003,9,Litchfield,-73.4192,41.7769000000001
54284,15044,2007,Kent Falls Brook,Qualitative_electrofishing_presence indicated,"Brook Trout, Wild",KENT,6012,150442007,16,Litchfield,-73.4192,41.7769000000001
54294,15044,2008,Kent Falls Brook,Qualitative_electrofishing_presence indicated,"Brook Trout, Wild",KENT,6012,150442008,6,Litchfield,-73.4192,41.7769000000001
54305,15044,2009,Kent Falls Brook,Qualitative_electrofishing_presence indicated,"Brook Trout, Wild",KENT,6012,150442009,3,Litchfield,-73.4192,41.7769000000001
54316,15044,2010,Kent Falls Brook,Qualitative_electrofishing_presence indicated,"Brook Trout, Wild",KENT,6012,150442010,6,Litchfield,-73.4192,41.7769000000001
54328,15044,2011,Kent Falls Brook,Qualitative_electrofishing_presence indicated,"Brook Trout, Wild",KENT,6012,150442011,2,Litchfield,-73.4192,41.7769000000001
54347,15044,2013,Kent Falls Brook,Qualitative_electrofishing_presence indicated,"Brook Trout, Wild",KENT,6012,150442013,3,Litchfield,-73.4192,41.7769000000001
54359,15044,2014,Kent Falls Brook,Qualitative_electrofishing_presence indicated,"Brook Trout, Wild",KENT,6012,150442014,10,Litchfield,-73.4192,41.7769000000001
54369,15044,2015,Kent Falls Brook,Qualitative_electrofishing_presence indicated,"Brook Trout, Wild",KENT,6012,150442015,11,Litchfield,-73.4192,41.7769000000001
54382,15044,2016,Kent Falls Brook,Qualitative_electrofishing_presence indicated,"Brook Trout, Wild",KENT,6012,150442016,16,Litchfield,-73.4192,41.7769000000001
54398,15044,2017,Kent Falls Brook,Qualitative_electrofishing_presence indicated,"Brook Trout, Wild",KENT,6012,150442017,5,Litchfield,-73.4192,41.7769000000001
54575,15092,2005,Fenton River,Qualitative_electrofishing_presence indicated,"Brook Trout, Wild",MANSFIELD,3207,150922005,8,Tolland,-72.2429,41.8335000000001
54577,15092,2007,Fenton River,Qualitative_electrofishing_presence indicated,"Brook Trout, Wild",MANSFIELD,3207,150922007,1,Tolland,-72.2429,41.8335000000001
54596,15102,2002,Means Brook,Qualitative_electrofishing_presence indicated,"Brook Trout, Wild",SHELTON,6024,151022002,4,Fairfield,-73.1618,41.3191
54602,15128,2009,Kirby Brook,Qualitative_electrofishing_presence indicated,"Brook Trout, Wild",WASHINGTON,6700,151282009,3,Litchfield,-73.3226999999999,41.6173000000001
54608,15152,1998,Little River,Qualitative_electrofishing_presence indicated,"Brook Trout, Wild",PUTNAM,3708,151521998,3,Windham,-71.9227999999999,41.9208
54623,15154,2001,Freeman Hill Brook (Formerly Negro Hill Brook),Qualitative_electrofishing_presence indicated,"Brook Trout, Wild",BRISTOL,4314,151542001,40,Hartford,-72.9363999999999,41.7153000000001
54653,15164,2008,Furnace Brook,Qualitative_electrofishing_presence indicated,"Brook Trout, Wild",CORNWALL,6010,151642008,1,Litchfield,-73.357791,41.823876
54712,15171,2002,East Branch Salmon Brook,Qualitative_electrofishing_presence indicated,"Brook Trout, Wild",GRANBY,4320,151712002,11,Hartford,-72.7794,41.955
54731,15172,2000,Belden Brook,Qualitative_electrofishing_presence indicated,"Brook Trout, Wild",GRANBY,4320,151722000,30,Hartford,-72.8352,42.0013000000001
54748,15178,1998,Honeypot Brook,Qualitative_electrofishing_presence indicated,"Brook Trout, Wild",CHESHIRE,5200,151781998,25,New Haven,-72.8815999999999,41.5354
54768,15200,1998,Spruce Glen Brook,Qualitative_electrofishing_presence indicated,"Brook Trout, Wild",WALLINGFORD,5200,152001998,91,New Haven,-72.8006999999999,41.4978
54777,15205,1995,Tankerhoosen River,Qualitative_electrofishing_presence indicated,"Brook Trout, Wild",VERNON,4503,152051995,121,Tolland,-72.4482,41.8294000000001
54785,15210,1998,Beaver Brook,Qualitative_electrofishing_presence indicated,"Brook Trout, Wild",SCOTLAND,3802,152101998,2,Windham,-72.1092,41.6841000000001
54796,15210,2004,Beaver Brook,Qualitative_electrofishing_presence indicated,"Brook Trout, Wild",SCOTLAND,3802,152102004,12,Windham,-72.1092,41.6841000000001
54806,15210,2010,Beaver Brook,Qualitative_electrofishing_presence indicated,"Brook Trout, Wild",SCOTLAND,3802,152102010,5,Windham,-72.1092,41.6841000000001
54813,15210,2011,Beaver Brook,Qualitative_electrofishing_presence indicated,"Brook Trout, Wild",SCOTLAND,3802,152102011,3,Windham,-72.1092,41.6841000000001
54825,15210,2016,Beaver Brook,Qualitative_electrofishing_presence indicated,"Brook Trout, Wild",SCOTLAND,3802,152102016,10,Windham,-72.1092,41.6841000000001
54848,15211,2000,Merrick Brook,Qualitative_electrofishing_presence indicated,"Brook Trout, Wild",SCOTLAND,3803,152112000,24,Windham,-72.1048,41.6800000000001
54858,15211,2001,Merrick Brook,Qualitative_electrofishing_presence indicated,"Brook Trout, Wild",SCOTLAND,3803,152112001,6,Windham,-72.1048,41.6800000000001
54867,15211,2003,Merrick Brook,Qualitative_electrofishing_presence indicated,"Brook Trout, Wild",SCOTLAND,3803,152112003,9,Windham,-72.1048,41.6800000000001
54879,15211,2004,Merrick Brook,Qualitative_electrofishing_presence indicated,"Brook Trout, Wild",SCOTLAND,3803,152112004,11,Windham,-72.1048,41.6800000000001
54885,15211,2006,Merrick Brook,Qualitative_electrofishing_presence indicated,"Brook Trout, Wild",SCOTLAND,3803,152112006,70,Windham,-72.1048,41.6800000000001
54894,15211,2008,Merrick Brook,Qualitative_electrofishing_presence indicated,"Brook Trout, Wild",SCOTLAND,3803,152112008,44,Windham,-72.1048,41.6800000000001
54915,15211,2010,Merrick Brook,Qualitative_electrofishing_presence indicated,"Brook Trout, Wild",SCOTLAND,3803,152112010,62,Windham,-72.1048,41.6800000000001
54929,15211,2012,Merrick Brook,Qualitative_electrofishing_presence indicated,"Brook Trout, Wild",SCOTLAND,3803,152112012,104,Windham,-72.1048,41.6800000000001
54970,15240,2010,Hubbard Brook,Qualitative_electrofishing_presence indicated,"Brook Trout, Wild",HARTLAND,4307,152402010,34,Hartford,-72.9383999999999,42.0356
54975,15245,2014,Cobble Brook,Qualitative_electrofishing_presence indicated,"Brook Trout, Wild",KENT,6013,152452014,1,Litchfield,-73.4530999999999,41.7342
54986,15245,2015,Cobble Brook,Qualitative_electrofishing_presence indicated,"Brook Trout, Wild",KENT,6013,152452015,3,Litchfield,-73.4530999999999,41.7342
55062,15246,2016,Furnace Brook,Qualitative_electrofishing_presence indicated,"Brook Trout, Wild",CORNWALL,6010,152462016,4,Litchfield,-73.3661,41.8183000000001
55152,15278,2003,East Aspetuck River,Qualitative_electrofishing_presence indicated,"Brook Trout, Wild",NEW MILFORD,6502,152782003,1,Litchfield,-73.4,41.623
55190,15284,2002,Mill River,Qualitative_electrofishing_presence indicated,"Brook Trout, Wild",FAIRFIELD,7108,152842002,20,Fairfield,-73.2558,41.2218
55204,15284,2015,Mill River,Qualitative_electrofishing_presence indicated,"Brook Trout, Wild",FAIRFIELD,7108,152842015,1,Fairfield,-73.2558,41.2218
55215,15284,2016,Mill River,Qualitative_electrofishing_presence indicated,"Brook Trout, Wild",FAIRFIELD,7108,152842016,3,Fairfield,-73.2558,41.2218
55222,15309,2016,Blackberry River,Qualitative_electrofishing_presence indicated,"Brook Trout, Wild",NORTH CANAAN,6100,153092016,1,Litchfield,-73.3147,42.0156000000001
55261,15383,2000,Jordan Brook,Qualitative_electrofishing_presence indicated,"Brook Trout, Wild",WATERFORD,2201,153832000,29,New London,-72.1557999999999,41.3800000000001
55278,15481,1999,Gulf Stream,Qualitative_electrofishing_presence indicated,"Brook Trout, Wild",TORRINGTON,6900,154811999,5,Litchfield,-73.1195999999999,41.7908
55286,15486,1998,Quinnipiac River,Qualitative_electrofishing_presence indicated,"Brook Trout, Wild",SOUTHINGTON,5200,154861998,1,Hartford,-72.8799,41.5627000000001
55297,15506,2001,Hatch Brook,Qualitative_electrofishing_presence indicated,"Brook Trout, Wild",SHARON,6000,155062001,50,Litchfield,-73.3833999999999,41.8334
55304,15506,2002,Hatch Brook,Qualitative_electrofishing_presence indicated,"Brook Trout, Wild",SHARON,6000,155062002,9,Litchfield,-73.3833999999999,41.8334
55322,15507,2010,Guinea Brook,Qualitative_electrofishing_presence indicated,"Brook Trout, Wild",SHARON,6011,155072010,1,Litchfield,-73.3769,41.8144
55333,15507,2013,Guinea Brook,Qualitative_electrofishing_presence indicated,"Brook Trout, Wild",SHARON,6011,155072013,1,Litchfield,-73.3769,41.8144
55340,15507,2014,Guinea Brook,Qualitative_electrofishing_presence indicated,"Brook Trout, Wild",SHARON,6011,155072014,3,Litchfield,-73.3769,41.8144
55349,15508,2006,Bradford Brook,Qualitative_electrofishing_presence indicated,"Brook Trout, Wild",CORNWALL,6200,155082006,1,Litchfield,-73.2838,41.8962000000001
55358,15509,2014,Gunn Brook,Qualitative_electrofishing_presence indicated,"Brook Trout, Wild",CORNWALL,6000,155092014,36,Litchfield,-73.3903,41.806
55364,15509,2015,Gunn Brook,Qualitative_electrofishing_presence indicated,"Brook Trout, Wild",CORNWALL,6000,155092015,42,Litchfield,-73.3903,41.806
55368,15510,2010,Cobble Brook,Qualitative_electrofishing_presence indicated,"Brook Trout, Wild",KENT,6013,155102010,19,Litchfield,-73.4542,41.7454000000001
55384,15510,2012,Cobble Brook,Qualitative_electrofishing_presence indicated,"Brook Trout, Wild",KENT,6013,155102012,21,Litchfield,-73.4542,41.7454000000001
55397,15510,2013,Cobble Brook,Qualitative_electrofishing_presence indicated,"Brook Trout, Wild",KENT,6013,155102013,4,Litchfield,-73.4542,41.7454000000001
55411,15516,2000,Valley Brook,Qualitative_electrofishing_presence indicated,"Brook Trout, Wild",HARTLAND,4306,155162000,1,Hartford,-72.9318,42.0315000000001
55416,15516,2001,Valley Brook,Qualitative_electrofishing_presence indicated,"Brook Trout, Wild",HARTLAND,4306,155162001,137,Hartford,-72.9318,42.0315000000001
55424,15516,2002,Valley Brook,Qualitative_electrofishing_presence indicated,"Brook Trout, Wild",HARTLAND,4306,155162002,147,Hartford,-72.9318,42.0315000000001
55441,15516,2012,Valley Brook,Qualitative_electrofishing_presence indicated,"Brook Trout, Wild",HARTLAND,4306,155162012,60,Hartford,-72.9318,42.0315000000001
55451,15516,2017,Valley Brook,Qualitative_electrofishing_presence indicated,"Brook Trout, Wild",HARTLAND,4306,155162017,31,Hartford,-72.9318,42.0315000000001
55456,15525,1995,Macedonia Brook,Qualitative_electrofishing_presence indicated,"Brook Trout, Wild",KENT,6015,155251995,28,Litchfield,-73.4949999999999,41.7670000000001
55463,15525,2000,Macedonia Brook,Qualitative_electrofishing_presence indicated,"Brook Trout, Wild",KENT,6015,155252000,107,Litchfield,-73.4949999999999,41.7670000000001
55473,15525,2001,Macedonia Brook,Qualitative_electrofishing_presence indicated,"Brook Trout, Wild",KENT,6015,155252001,93,Litchfield,-73.4949999999999,41.7670000000001
55483,15525,2002,Macedonia Brook,Qualitative_electrofishing_presence indicated,"Brook Trout, Wild",KENT,6015,155252002,213,Litchfield,-73.4949999999999,41.7670000000001
55495,15525,2003,Macedonia Brook,Qualitative_electrofishing_presence indicated,"Brook Trout, Wild",KENT,6015,155252003,48,Litchfield,-73.4949999999999,41.7670000000001
55515,15525,2008,Macedonia Brook,Qualitative_electrofishing_presence indicated,"Brook Trout, Wild",KENT,6015,155252008,11,Litchfield,-73.4949999999999,41.7670000000001
55523,15525,2009,Macedonia Brook,Qualitative_electrofishing_presence indicated,"Brook Trout, Wild",KENT,6015,155252009,2,Litchfield,-73.4949999999999,41.7670000000001
55529,15525,2010,Macedonia Brook,Qualitative_electrofishing_presence indicated,"Brook Trout, Wild",KENT,6015,155252010,56,Litchfield,-73.4949999999999,41.7670000000001
55545,15529,2001,Macedonia Brook,Qualitative_electrofishing_presence indicated,"Brook Trout, Wild",KENT,6015,155292001,18,Litchfield,-73.4884,41.7298000000001
55563,15529,2002,Macedonia Brook,Qualitative_electrofishing_presence indicated,"Brook Trout, Wild",KENT,6015,155292002,4,Litchfield,-73.4884,41.7298000000001
55579,15529,2003,Macedonia Brook,Qualitative_electrofishing_presence indicated,"Brook Trout, Wild",KENT,6015,155292003,3,Litchfield,-73.4884,41.7298000000001
55621,15529,2007,Macedonia Brook,Qualitative_electrofishing_presence indicated,"Brook Trout, Wild",KENT,6015,155292007,303,Litchfield,-73.4884,41.7298000000001
55636,15529,2008,Macedonia Brook,Qualitative_electrofishing_presence indicated,"Brook Trout, Wild",KENT,6015,155292008,2,Litchfield,-73.4884,41.7298000000001
55646,15529,2009,Macedonia Brook,Qualitative_electrofishing_presence indicated,"Brook Trout, Wild",KENT,6015,155292009,11,Litchfield,-73.4884,41.7298000000001
55659,15529,2010,Macedonia Brook,Qualitative_electrofishing_presence indicated,"Brook Trout, Wild",KENT,6015,155292010,21,Litchfield,-73.4884,41.7298000000001
55674,15529,2012,Macedonia Brook,Qualitative_electrofishing_presence indicated,"Brook Trout, Wild",KENT,6015,155292012,7,Litchfield,-73.4884,41.7298000000001
55690,15529,2013,Macedonia Brook,Qualitative_electrofishing_presence indicated,"Brook Trout, Wild",KENT,6015,155292013,23,Litchfield,-73.4884,41.7298000000001
55709,15529,2014,Macedonia Brook,Qualitative_electrofishing_presence indicated,"Brook Trout, Wild",KENT,6015,155292014,29,Litchfield,-73.4884,41.7298000000001
55720,15529,2015,Macedonia Brook,Qualitative_electrofishing_presence indicated,"Brook Trout, Wild",KENT,6015,155292015,37,Litchfield,-73.4884,41.7298000000001
55731,15529,2016,Macedonia Brook,Qualitative_electrofishing_presence indicated,"Brook Trout, Wild",KENT,6015,155292016,29,Litchfield,-73.4884,41.7298000000001
55743,15529,2017,Macedonia Brook,Qualitative_electrofishing_presence indicated,"Brook Trout, Wild",KENT,6015,155292017,12,Litchfield,-73.4884,41.7298000000001
55759,15530,2000,Weekeepeemee River,Qualitative_electrofishing_presence indicated,"Brook Trout, Wild",WOODBURY,6804,155302000,6,Litchfield,-73.2155,41.5575000000001
55773,15530,2001,Weekeepeemee River,Qualitative_electrofishing_presence indicated,"Brook Trout, Wild",WOODBURY,6804,155302001,8,Litchfield,-73.2155,41.5575000000001
55787,15530,2002,Weekeepeemee River,Qualitative_electrofishing_presence indicated,"Brook Trout, Wild",WOODBURY,6804,155302002,23,Litchfield,-73.2155,41.5575000000001
55842,15530,2007,Weekeepeemee River,Qualitative_electrofishing_presence indicated,"Brook Trout, Wild",WOODBURY,6804,155302007,11,Litchfield,-73.2155,41.5575000000001
55857,15530,2008,Weekeepeemee River,Qualitative_electrofishing_presence indicated,"Brook Trout, Wild",WOODBURY,6804,155302008,2,Litchfield,-73.2155,41.5575000000001
55870,15530,2009,Weekeepeemee River,Qualitative_electrofishing_presence indicated,"Brook Trout, Wild",WOODBURY,6804,155302009,2,Litchfield,-73.2155,41.5575000000001
55881,15530,2010,Weekeepeemee River,Qualitative_electrofishing_presence indicated,"Brook Trout, Wild",WOODBURY,6804,155302010,5,Litchfield,-73.2155,41.5575000000001
55893,15530,2011,Weekeepeemee River,Qualitative_electrofishing_presence indicated,"Brook Trout, Wild",WOODBURY,6804,155302011,2,Litchfield,-73.2155,41.5575000000001
55900,15530,2012,Weekeepeemee River,Qualitative_electrofishing_presence indicated,"Brook Trout, Wild",WOODBURY,6804,155302012,2,Litchfield,-73.2155,41.5575000000001
55916,15530,2013,Weekeepeemee River,Qualitative_electrofishing_presence indicated,"Brook Trout, Wild",WOODBURY,6804,155302013,2,Litchfield,-73.2155,41.5575000000001
55943,15543,1998,Pease Brook,Qualitative_electrofishing_presence indicated,"Brook Trout, Wild",LEBANON,3905,155431998,17,New London,-72.1923,41.5947
55955,15543,1999,Pease Brook,Qualitative_electrofishing_presence indicated,"Brook Trout, Wild",LEBANON,3905,155431999,30,New London,-72.1923,41.5947
55966,15543,2000,Pease Brook,Qualitative_electrofishing_presence indicated,"Brook Trout, Wild",LEBANON,3905,155432000,26,New London,-72.1923,41.5947
55975,15543,2001,Pease Brook,Qualitative_electrofishing_presence indicated,"Brook Trout, Wild",LEBANON,3905,155432001,51,New London,-72.1923,41.5947
55982,15543,2002,Pease Brook,Qualitative_electrofishing_presence indicated,"Brook Trout, Wild",LEBANON,3905,155432002,86,New London,-72.1923,41.5947
55988,15543,2004,Pease Brook,Qualitative_electrofishing_presence indicated,"Brook Trout, Wild",LEBANON,3905,155432004,18,New London,-72.1923,41.5947
55995,15543,2008,Pease Brook,Qualitative_electrofishing_presence indicated,"Brook Trout, Wild",LEBANON,3905,155432008,42,New London,-72.1923,41.5947
56004,15543,2010,Pease Brook,Qualitative_electrofishing_presence indicated,"Brook Trout, Wild",LEBANON,3905,155432010,52,New London,-72.1923,41.5947
56013,15543,2012,Pease Brook,Qualitative_electrofishing_presence indicated,"Brook Trout, Wild",LEBANON,3905,155432012,31,New London,-72.1923,41.5947
56024,15551,1998,Roaring Brook,Qualitative_electrofishing_presence indicated,"Brook Trout, Wild",WILLINGTON,3104,155511998,5,Tolland,-72.2612999999999,41.9353
56031,15551,1999,Roaring Brook,Qualitative_electrofishing_presence indicated,"Brook Trout, Wild",WILLINGTON,3104,155511999,1,Tolland,-72.2612999999999,41.9353
56052,15558,1999,Roaring Brook,Qualitative_electrofishing_presence indicated,"Brook Trout, Wild",WILLINGTON,3104,155581999,1,Tolland,-72.2655999999999,41.9152
56063,15558,2007,Roaring Brook,Qualitative_electrofishing_presence indicated,"Brook Trout, Wild",WILLINGTON,3104,155582007,12,Tolland,-72.2655999999999,41.9152
56073,15567,1996,Pease Brook,Qualitative_electrofishing_presence indicated,"Brook Trout, Wild",BOZRAH,3905,155671996,35,New London,-72.187,41.5807
56085,15567,2016,Pease Brook,Qualitative_electrofishing_presence indicated,"Brook Trout, Wild",BOZRAH,3905,155672016,87,New London,-72.187,41.5807
56103,15581,2008,Pond Brook,Qualitative_electrofishing_presence indicated,"Brook Trout, Wild",NEWTOWN,6018,155812008,2,Fairfield,-73.3275,41.4597000000001
56122,15593,2012,Tankerhoosen River,Qualitative_electrofishing_presence indicated,"Brook Trout, Wild",VERNON,4503,155932012,3,Tolland,-72.4343,41.8442000000001
56147,15710,1995,Little River,Qualitative_electrofishing_presence indicated,"Brook Trout, Wild",CANTERBURY,3805,157101995,3,Windham,-72.0488999999999,41.6916000000001
56154,15710,2001,Little River,Qualitative_electrofishing_presence indicated,"Brook Trout, Wild",CANTERBURY,3805,157102001,4,Windham,-72.0488999999999,41.6916000000001
56165,15711,2000,Little River,Qualitative_electrofishing_presence indicated,"Brook Trout, Wild",HAMPTON,3805,157112000,46,Windham,-72.0473,41.7561000000001
56179,15711,2001,Little River,Qualitative_electrofishing_presence indicated,"Brook Trout, Wild",HAMPTON,3805,157112001,4,Windham,-72.0473,41.7561000000001
56190,15732,2004,Fenton River,Qualitative_electrofishing_presence indicated,"Brook Trout, Wild",WILLINGTON,3207,157322004,1,Tolland,-72.2415,41.8509000000001
56204,15733,2004,Fenton River,Qualitative_electrofishing_presence indicated,"Brook Trout, Wild",MANSFIELD,3207,157332004,6,Tolland,-72.2123,41.8011000000001
56223,15735,2004,Fenton River,Qualitative_electrofishing_presence indicated,"Brook Trout, Wild",MANSFIELD,3207,157352004,13,Tolland,-72.2254,41.8147000000001
56233,15735,2010,Fenton River,Qualitative_electrofishing_presence indicated,"Brook Trout, Wild",MANSFIELD,3207,157352010,28,Tolland,-72.2254,41.8147000000001
56261,15764,2000,Deep Brook,Qualitative_electrofishing_presence indicated,"Brook Trout, Wild",NEWTOWN,6019,157642000,32,Fairfield,-73.2866999999999,41.4082000000001
56270,15764,2001,Deep Brook,Qualitative_electrofishing_presence indicated,"Brook Trout, Wild",NEWTOWN,6019,157642001,97,Fairfield,-73.2866999999999,41.4082000000001
56321,15764,2007,Deep Brook,Qualitative_electrofishing_presence indicated,"Brook Trout, Wild",NEWTOWN,6019,157642007,3,Fairfield,-73.2866999999999,41.4082000000001
56329,15764,2008,Deep Brook,Qualitative_electrofishing_presence indicated,"Brook Trout, Wild",NEWTOWN,6019,157642008,5,Fairfield,-73.2866999999999,41.4082000000001
56348,15764,2010,Deep Brook,Qualitative_electrofishing_presence indicated,"Brook Trout, Wild",NEWTOWN,6019,157642010,1,Fairfield,-73.2866999999999,41.4082000000001
56362,15764,2012,Deep Brook,Qualitative_electrofishing_presence indicated,"Brook Trout, Wild",NEWTOWN,6019,157642012,1,Fairfield,-73.2866999999999,41.4082000000001
56404,15777,2007,Mill River,Qualitative_electrofishing_presence indicated,"Brook Trout, Wild",EASTON,7108,157772007,1,Fairfield,-73.248525,41.2318700000001
56409,15777,2009,Mill River,Qualitative_electrofishing_presence indicated,"Brook Trout, Wild",EASTON,7108,157772009,1,Fairfield,-73.248525,41.2318700000001
56416,15777,2012,Mill River,Qualitative_electrofishing_presence indicated,"Brook Trout, Wild",EASTON,7108,157772012,1,Fairfield,-73.248525,41.2318700000001
56426,15777,2014,Mill River,Qualitative_electrofishing_presence indicated,"Brook Trout, Wild",EASTON,7108,157772014,1,Fairfield,-73.248525,41.2318700000001
56433,15777,2015,Mill River,Qualitative_electrofishing_presence indicated,"Brook Trout, Wild",EASTON,7108,157772015,4,Fairfield,-73.248525,41.2318700000001
56439,15777,2016,Mill River,Qualitative_electrofishing_presence indicated,"Brook Trout, Wild",EASTON,7108,157772016,5,Fairfield,-73.248525,41.2318700000001
56449,15777,2017,Mill River,Qualitative_electrofishing_presence indicated,"Brook Trout, Wild",EASTON,7108,157772017,6,Fairfield,-73.248525,41.2318700000001
56486,15881,2009,Mount Hope River,Qualitative_electrofishing_presence indicated,"Brook Trout, Wild",ASHFORD,3206,158812009,1,Windham,-72.1607999999999,41.8685
56489,15881,2010,Mount Hope River,Qualitative_electrofishing_presence indicated,"Brook Trout, Wild",ASHFORD,3206,158812010,1,Windham,-72.1607999999999,41.8685
56558,15995,2004,Fourmile River,Qualitative_electrofishing_presence indicated,"Brook Trout, Wild",SEYMOUR,6000,159952004,2,New Haven,-73.1399,41.3645000000001
56563,16022,1998,Weekeepeemee River,Qualitative_electrofishing_presence indicated,"Brook Trout, Wild",WOODBURY,6804,160221998,3,Litchfield,-73.2291999999999,41.5856000000001
56575,16022,1999,Weekeepeemee River,Qualitative_electrofishing_presence indicated,"Brook Trout, Wild",WOODBURY,6804,160221999,49,Litchfield,-73.2291999999999,41.5856000000001
56592,16023,2006,Menunketesuck River,Quantified_Electrofishing_all_species_cencus,"Brook Trout, Wild",KILLINGWORTH,5103,160232006,6,Middlesex,-72.5519,41.3898
56648,16058,2000,Sandy Brook,Qualitative_electrofishing_presence indicated,"Brook Trout, Wild",COLEBROOK,4304,160582000,1,Litchfield,-73.1231999999999,42.0327
56656,16058,2001,Sandy Brook,Qualitative_electrofishing_presence indicated,"Brook Trout, Wild",COLEBROOK,4304,160582001,2,Litchfield,-73.1231999999999,42.0327
56668,16058,2002,Sandy Brook,Qualitative_electrofishing_presence indicated,"Brook Trout, Wild",COLEBROOK,4304,160582002,2,Litchfield,-73.1231999999999,42.0327
56678,16059,2001,Sandy Brook,Qualitative_electrofishing_presence indicated,"Brook Trout, Wild",COLEBROOK,4304,160592001,2,Litchfield,-73.1154999999999,42.0190000000001
56688,16059,2002,Sandy Brook,Qualitative_electrofishing_presence indicated,"Brook Trout, Wild",COLEBROOK,4304,160592002,3,Litchfield,-73.1154999999999,42.0190000000001
56745,16061,2003,Willimantic River,Qualitative_electrofishing_presence indicated,"Brook Trout, Wild",WILLINGTON,3100,160612003,2,Tolland,-72.307,41.8820000000001
56767,16083,2001,Halfway River,Qualitative_electrofishing_presence indicated,"Brook Trout, Wild",NEWTOWN,6022,160832001,3,Fairfield,-73.1885,41.3887
56774,16089,2002,Morgan Brook,Qualitative_electrofishing_presence indicated,"Brook Trout, Wild",BARKHAMSTED,4305,160892002,5,Litchfield,-73.0006999999999,41.9086
56783,16089,2003,Morgan Brook,Qualitative_electrofishing_presence indicated,"Brook Trout, Wild",BARKHAMSTED,4305,160892003,1,Litchfield,-73.0006999999999,41.9086
56816,16089,2007,Morgan Brook,Qualitative_electrofishing_presence indicated,"Brook Trout, Wild",BARKHAMSTED,4305,160892007,1,Litchfield,-73.0006999999999,41.9086
56836,16089,2010,Morgan Brook,Qualitative_electrofishing_presence indicated,"Brook Trout, Wild",BARKHAMSTED,4305,160892010,1,Litchfield,-73.0006999999999,41.9086
56894,16094,2017,Pootatuck River,Qualitative_electrofishing_presence indicated,"Brook Trout, Wild",NEWTOWN,6020,160942017,1,Fairfield,-73.282,41.4222
56906,16125,2006,Whiting Brook,Qualitative_electrofishing_presence indicated,"Brook Trout, Wild",CANAAN,6200,161252006,1,Litchfield,-73.3178,41.9730000000001
56931,16192,1998,Trading Cove Brook,Qualitative_electrofishing_presence indicated,"Brook Trout, Wild",MONTVILLE,3001,161921998,28,New London,-72.1161,41.5012
56939,16192,2000,Trading Cove Brook,Qualitative_electrofishing_presence indicated,"Brook Trout, Wild",MONTVILLE,3001,161922000,63,New London,-72.1161,41.5012
56944,16192,2001,Trading Cove Brook,Qualitative_electrofishing_presence indicated,"Brook Trout, Wild",MONTVILLE,3001,161922001,102,New London,-72.1161,41.5012
56951,16192,2004,Trading Cove Brook,Qualitative_electrofishing_presence indicated,"Brook Trout, Wild",MONTVILLE,3001,161922004,116,New London,-72.1161,41.5012
56958,16192,2008,Trading Cove Brook,Qualitative_electrofishing_presence indicated,"Brook Trout, Wild",MONTVILLE,3001,161922008,64,New London,-72.1161,41.5012
56969,16192,2009,Trading Cove Brook,Qualitative_electrofishing_presence indicated,"Brook Trout, Wild",MONTVILLE,3001,161922009,25,New London,-72.1161,41.5012
56977,16192,2013,Trading Cove Brook,Qualitative_electrofishing_presence indicated,"Brook Trout, Wild",MONTVILLE,3001,161922013,15,New London,-72.1161,41.5012
56983,16192,2016,Trading Cove Brook,Qualitative_electrofishing_presence indicated,"Brook Trout, Wild",MONTVILLE,3001,161922016,75,New London,-72.1161,41.5012
56989,16192,2017,Trading Cove Brook,Qualitative_electrofishing_presence indicated,"Brook Trout, Wild",MONTVILLE,3001,161922017,36,New London,-72.1161,41.5012
57032,16232,2008,Salmon Brook,Qualitative_electrofishing_presence indicated,"Brook Trout, Wild",EAST GRANBY,4320,162322008,7,Hartford,-72.7671,41.9256
57058,16232,2010,Salmon Brook,Qualitative_electrofishing_presence indicated,"Brook Trout, Wild",EAST GRANBY,4320,162322010,46,Hartford,-72.7671,41.9256
57091,16254,2010,Shepaug River,Qualitative_electrofishing_presence indicated,"Brook Trout, Wild",WASHINGTON,6700,162542010,12,Litchfield,-73.318,41.6568
57107,16254,2014,Shepaug River,Qualitative_electrofishing_presence indicated,"Brook Trout, Wild",WASHINGTON,6700,162542014,1,Litchfield,-73.318,41.6568
57118,16261,2002,Aspetuck River,Qualitative_electrofishing_presence indicated,"Brook Trout, Wild",EASTON,7202,162612002,5,Fairfield,-73.3275,41.2771000000001
57133,16265,2004,Roaring Brook,Qualitative_electrofishing_presence indicated,"Brook Trout, Wild",GLASTONBURY,4009,162652004,87,Hartford,-72.52573,41.698068
57142,16265,2006,Roaring Brook,Qualitative_electrofishing_presence indicated,"Brook Trout, Wild",GLASTONBURY,4009,162652006,38,Hartford,-72.52573,41.698068
57156,16265,2007,Roaring Brook,Qualitative_electrofishing_presence indicated,"Brook Trout, Wild",GLASTONBURY,4009,162652007,86,Hartford,-72.52573,41.698068
57172,16265,2009,Roaring Brook,Qualitative_electrofishing_presence indicated,"Brook Trout, Wild",GLASTONBURY,4009,162652009,29,Hartford,-72.52573,41.698068
57196,16294,1998,Shunock River,Qualitative_electrofishing_presence indicated,"Brook Trout, Wild",NORTH STONINGTON,1004,162941998,31,New London,-71.8543999999999,41.4196000000001
57215,16295,1998,Latimer Brook,Qualitative_electrofishing_presence indicated,"Brook Trout, Wild",EAST LYME,2202,162951998,1,New London,-72.2001999999999,41.3695000000001
57250,16298,2004,Stony Brook,Qualitative_electrofishing_presence indicated,"Brook Trout, Wild",MONTVILLE,3005,162982004,26,New London,-72.1181999999999,41.4716000000001
57261,16298,2007,Stony Brook,Qualitative_electrofishing_presence indicated,"Brook Trout, Wild",MONTVILLE,3005,162982007,22,New London,-72.1181999999999,41.4716000000001
57273,16298,2011,Stony Brook,Qualitative_electrofishing_presence indicated,"Brook Trout, Wild",MONTVILLE,3005,162982011,1,New London,-72.1181999999999,41.4716000000001
57283,16298,2012,Stony Brook,Qualitative_electrofishing_presence indicated,"Brook Trout, Wild",MONTVILLE,3005,162982012,3,New London,-72.1181999999999,41.4716000000001
57291,16298,2013,Stony Brook,Qualitative_electrofishing_presence indicated,"Brook Trout, Wild",MONTVILLE,3005,162982013,1,New London,-72.1181999999999,41.4716000000001
57301,16298,2017,Stony Brook,Qualitative_electrofishing_presence indicated,"Brook Trout, Wild",MONTVILLE,3005,162982017,23,New London,-72.1181999999999,41.4716000000001
57341,16330,1998,Naromiyocknowhusunkatankshunk Brook (FKA Morrisey),Qualitative_electrofishing_presence indicated,"Brook Trout, Wild",SHERMAN,6017,163301998,64,Fairfield,-73.49,41.5996000000001
57350,16369,2005,Punch Brook,Qualitative_electrofishing_presence indicated,"Brook Trout, Wild",BURLINGTON,4311,163692005,4,Hartford,-72.9259,41.7815000000001
57354,16420,1999,Pootatuck River,Qualitative_electrofishing_presence indicated,"Brook Trout, Wild",NEWTOWN,6020,164201999,2,Fairfield,-73.2702,41.4376
57368,16421,2001,Halfway River,Qualitative_electrofishing_presence indicated,"Brook Trout, Wild",NEWTOWN,6022,164212001,1,Fairfield,-73.201,41.3811000000001
57376,16425,2011,Pond Brook,Qualitative_electrofishing_presence indicated,"Brook Trout, Wild",NEWTOWN,6018,164252011,2,Fairfield,-73.3545,41.4432
57384,16425,2012,Pond Brook,Qualitative_electrofishing_presence indicated,"Brook Trout, Wild",NEWTOWN,6018,164252012,2,Fairfield,-73.3545,41.4432
57395,16425,2013,Pond Brook,Qualitative_electrofishing_presence indicated,"Brook Trout, Wild",NEWTOWN,6018,164252013,1,Fairfield,-73.3545,41.4432
57420,16428,1998,Little River,Qualitative_electrofishing_presence indicated,"Brook Trout, Wild",REDDING,7201,164281998,42,Fairfield,-73.3658,41.309
57428,16428,1999,Little River,Qualitative_electrofishing_presence indicated,"Brook Trout, Wild",REDDING,7201,164281999,16,Fairfield,-73.3658,41.309
57435,16428,2000,Little River,Qualitative_electrofishing_presence indicated,"Brook Trout, Wild",REDDING,7201,164282000,263,Fairfield,-73.3658,41.309
57441,16428,2001,Little River,Qualitative_electrofishing_presence indicated,"Brook Trout, Wild",REDDING,7201,164282001,81,Fairfield,-73.3658,41.309
57447,16428,2002,Little River,Qualitative_electrofishing_presence indicated,"Brook Trout, Wild",REDDING,7201,164282002,137,Fairfield,-73.3658,41.309
57462,16428,2011,Little River,Qualitative_electrofishing_presence indicated,"Brook Trout, Wild",REDDING,7201,164282011,71,Fairfield,-73.3658,41.309
57469,16428,2012,Little River,Qualitative_electrofishing_presence indicated,"Brook Trout, Wild",REDDING,7201,164282012,181,Fairfield,-73.3658,41.309
57478,16428,2013,Little River,Qualitative_electrofishing_presence indicated,"Brook Trout, Wild",REDDING,7201,164282013,209,Fairfield,-73.3658,41.309
57486,16428,2014,Little River,Qualitative_electrofishing_presence indicated,"Brook Trout, Wild",REDDING,7201,164282014,255,Fairfield,-73.3658,41.309
57494,16428,2015,Little River,Qualitative_electrofishing_presence indicated,"Brook Trout, Wild",REDDING,7201,164282015,206,Fairfield,-73.3658,41.309
57505,16428,2016,Little River,Qualitative_electrofishing_presence indicated,"Brook Trout, Wild",REDDING,7201,164282016,92,Fairfield,-73.3658,41.309
57514,16428,2017,Little River,Qualitative_electrofishing_presence indicated,"Brook Trout, Wild",REDDING,7201,164282017,198,Fairfield,-73.3658,41.309
57524,16431,1998,Sprain Brook,Qualitative_electrofishing_presence indicated,"Brook Trout, Wild",WOODBURY,6803,164311998,76,Litchfield,-73.2259,41.5696
57551,16447,2007,Fenton River,Qualitative_electrofishing_presence indicated,"Brook Trout, Wild",WILLINGTON,3207,164472007,11,Tolland,-72.2213,41.9225000000001
57559,16447,2010,Fenton River,Qualitative_electrofishing_presence indicated,"Brook Trout, Wild",WILLINGTON,3207,164472010,1,Tolland,-72.2213,41.9225000000001
57565,16469,1994,Aborn Brook,Qualitative_electrofishing_presence indicated,"Brook Trout, Wild",ELLINGTON,3101,164691994,6,Tolland,-72.3674999999999,41.9308
57664,16494,2000,Beaver Brook,Qualitative_electrofishing_presence indicated,"Brook Trout, Wild",SCOTLAND,3802,164942000,3,Windham,-72.1113999999999,41.6903
57671,16494,2001,Beaver Brook,Qualitative_electrofishing_presence indicated,"Brook Trout, Wild",SCOTLAND,3802,164942001,10,Windham,-72.1113999999999,41.6903
57678,16502,2002,Belden Brook,Qualitative_electrofishing_presence indicated,"Brook Trout, Wild",GRANBY,4320,165022002,140,Hartford,-72.8507999999999,42.0056000000001
57683,16502,2003,Belden Brook,Qualitative_electrofishing_presence indicated,"Brook Trout, Wild",GRANBY,4320,165022003,18,Hartford,-72.8507999999999,42.0056000000001
57693,16502,2007,Belden Brook,Qualitative_electrofishing_presence indicated,"Brook Trout, Wild",GRANBY,4320,165022007,79,Hartford,-72.8507999999999,42.0056000000001
57700,16502,2008,Belden Brook,Qualitative_electrofishing_presence indicated,"Brook Trout, Wild",GRANBY,4320,165022008,51,Hartford,-72.8507999999999,42.0056000000001
57704,16502,2009,Belden Brook,Qualitative_electrofishing_presence indicated,"Brook Trout, Wild",GRANBY,4320,165022009,38,Hartford,-72.8507999999999,42.0056000000001
57708,16502,2010,Belden Brook,Qualitative_electrofishing_presence indicated,"Brook Trout, Wild",GRANBY,4320,165022010,74,Hartford,-72.8507999999999,42.0056000000001
57712,16502,2011,Belden Brook,Qualitative_electrofishing_presence indicated,"Brook Trout, Wild",GRANBY,4320,165022011,40,Hartford,-72.8507999999999,42.0056000000001
57718,16502,2013,Belden Brook,Qualitative_electrofishing_presence indicated,"Brook Trout, Wild",GRANBY,4320,165022013,39,Hartford,-72.8507999999999,42.0056000000001
57724,16502,2014,Belden Brook,Qualitative_electrofishing_presence indicated,"Brook Trout, Wild",GRANBY,4320,165022014,58,Hartford,-72.8507999999999,42.0056000000001
57731,16502,2015,Belden Brook,Qualitative_electrofishing_presence indicated,"Brook Trout, Wild",GRANBY,4320,165022015,114,Hartford,-72.8507999999999,42.0056000000001
57737,16502,2016,Belden Brook,Qualitative_electrofishing_presence indicated,"Brook Trout, Wild",GRANBY,4320,165022016,162,Hartford,-72.8507999999999,42.0056000000001
57741,16502,2017,Belden Brook,Qualitative_electrofishing_presence indicated,"Brook Trout, Wild",GRANBY,4320,165022017,44,Hartford,-72.8507999999999,42.0056000000001
57745,16567,1994,Charters Brook,Qualitative_electrofishing_presence indicated,"Brook Trout, Wild",TOLLAND,4501,165671994,273,Tolland,-72.4156,41.9006000000001
57775,16583,1998,Comstock Brook,Qualitative_electrofishing_presence indicated,"Brook Trout, Wild",WILTON,7301,165831998,81,Fairfield,-73.4621999999999,41.2125
57784,16583,1999,Comstock Brook,Qualitative_electrofishing_presence indicated,"Brook Trout, Wild",WILTON,7301,165831999,38,Fairfield,-73.4621999999999,41.2125
57791,16592,2003,Cory Brook,Qualitative_electrofishing_presence indicated,"Brook Trout, Wild",CANTERBURY,3715,165922003,2,Windham,-71.9804999999999,41.64
57803,16612,2000,Dividend Brook,Qualitative_electrofishing_presence indicated,"Brook Trout, Wild",ROCKY HILL,4000,166122000,23,Hartford,-72.6417,41.6419000000001
57809,16616,2002,Dry Brook,Qualitative_electrofishing_presence indicated,"Brook Trout, Wild",SOUTH WINDSOR,4200,166162002,1,Hartford,-72.5810999999999,41.8600000000001
57815,16624,2000,East Branch Naugatuck River,Qualitative_electrofishing_presence indicated,"Brook Trout, Wild",TORRINGTON,6905,166242000,23,Litchfield,-73.1197,41.8308000000001
57824,16624,2001,East Branch Naugatuck River,Qualitative_electrofishing_presence indicated,"Brook Trout, Wild",TORRINGTON,6905,166242001,31,Litchfield,-73.1197,41.8308000000001
57833,16624,2002,East Branch Naugatuck River,Qualitative_electrofishing_presence indicated,"Brook Trout, Wild",TORRINGTON,6905,166242002,4,Litchfield,-73.1197,41.8308000000001
57842,16624,2003,East Branch Naugatuck River,Qualitative_electrofishing_presence indicated,"Brook Trout, Wild",TORRINGTON,6905,166242003,3,Litchfield,-73.1197,41.8308000000001
57872,16624,2007,East Branch Naugatuck River,Qualitative_electrofishing_presence indicated,"Brook Trout, Wild",TORRINGTON,6905,166242007,3,Litchfield,-73.1197,41.8308000000001
57882,16624,2008,East Branch Naugatuck River,Qualitative_electrofishing_presence indicated,"Brook Trout, Wild",TORRINGTON,6905,166242008,4,Litchfield,-73.1197,41.8308000000001
57958,16657,2005,Fenton River,Qualitative_electrofishing_presence indicated,"Brook Trout, Wild",MANSFIELD,3207,166572005,3,Tolland,-72.2030999999999,41.7831
57964,16657,2007,Fenton River,Qualitative_electrofishing_presence indicated,"Brook Trout, Wild",MANSFIELD,3207,166572007,6,Tolland,-72.2030999999999,41.7831
57973,16657,2010,Fenton River,Qualitative_electrofishing_presence indicated,"Brook Trout, Wild",MANSFIELD,3207,166572010,5,Tolland,-72.2030999999999,41.7831
57994,16701,1998,Great Brook,Qualitative_electrofishing_presence indicated,"Brook Trout, Wild",NEW MILFORD,6000,167011998,6,Litchfield,-73.4019,41.5881000000001
58006,16718,2000,Halfway River,Qualitative_electrofishing_presence indicated,"Brook Trout, Wild",MONROE,6022,167182000,1,Fairfield,-73.1935999999999,41.3886000000001
58016,16718,2001,Halfway River,Qualitative_electrofishing_presence indicated,"Brook Trout, Wild",MONROE,6022,167182001,1,Fairfield,-73.1935999999999,41.3886000000001
58024,16718,2002,Halfway River,Qualitative_electrofishing_presence indicated,"Brook Trout, Wild",MONROE,6022,167182002,4,Fairfield,-73.1935999999999,41.3886000000001
58041,16718,2007,Halfway River,Qualitative_electrofishing_presence indicated,"Brook Trout, Wild",MONROE,6022,167182007,1,Fairfield,-73.1935999999999,41.3886000000001
58047,16718,2008,Halfway River,Qualitative_electrofishing_presence indicated,"Brook Trout, Wild",MONROE,6022,167182008,1,Fairfield,-73.1935999999999,41.3886000000001
58055,16718,2009,Halfway River,Qualitative_electrofishing_presence indicated,"Brook Trout, Wild",MONROE,6022,167182009,2,Fairfield,-73.1935999999999,41.3886000000001
58119,16731,2000,Hawleys Brook,Qualitative_electrofishing_presence indicated,"Brook Trout, Wild",WESTON,7200,167312000,20,Fairfield,-73.3439,41.2458
58126,16731,2001,Hawleys Brook,Qualitative_electrofishing_presence indicated,"Brook Trout, Wild",WESTON,7200,167312001,50,Fairfield,-73.3439,41.2458
58131,16731,2002,Hawleys Brook,Qualitative_electrofishing_presence indicated,"Brook Trout, Wild",WESTON,7200,167312002,60,Fairfield,-73.3439,41.2458
58136,16731,2003,Hawleys Brook,Qualitative_electrofishing_presence indicated,"Brook Trout, Wild",WESTON,7200,167312003,14,Fairfield,-73.3439,41.2458
58145,16731,2007,Hawleys Brook,Qualitative_electrofishing_presence indicated,"Brook Trout, Wild",WESTON,7200,167312007,90,Fairfield,-73.3439,41.2458
58150,16731,2008,Hawleys Brook,Qualitative_electrofishing_presence indicated,"Brook Trout, Wild",WESTON,7200,167312008,111,Fairfield,-73.3439,41.2458
58155,16731,2009,Hawleys Brook,Qualitative_electrofishing_presence indicated,"Brook Trout, Wild",WESTON,7200,167312009,28,Fairfield,-73.3439,41.2458
58161,16731,2010,Hawleys Brook,Qualitative_electrofishing_presence indicated,"Brook Trout, Wild",WESTON,7200,167312010,53,Fairfield,-73.3439,41.2458
58166,16731,2012,Hawleys Brook,Qualitative_electrofishing_presence indicated,"Brook Trout, Wild",WESTON,7200,167312012,36,Fairfield,-73.3439,41.2458
58171,16731,2013,Hawleys Brook,Qualitative_electrofishing_presence indicated,"Brook Trout, Wild",WESTON,7200,167312013,9,Fairfield,-73.3439,41.2458
58175,16731,2014,Hawleys Brook,Qualitative_electrofishing_presence indicated,"Brook Trout, Wild",WESTON,7200,167312014,62,Fairfield,-73.3439,41.2458
58181,16731,2015,Hawleys Brook,Qualitative_electrofishing_presence indicated,"Brook Trout, Wild",WESTON,7200,167312015,118,Fairfield,-73.3439,41.2458
58187,16731,2016,Hawleys Brook,Qualitative_electrofishing_presence indicated,"Brook Trout, Wild",WESTON,7200,167312016,60,Fairfield,-73.3439,41.2458
58195,16731,2017,Hawleys Brook,Qualitative_electrofishing_presence indicated,"Brook Trout, Wild",WESTON,7200,167312017,137,Fairfield,-73.3439,41.2458
58225,16745,1998,Hollenbeck River,Qualitative_electrofishing_presence indicated,"Brook Trout, Wild",CANAAN,6200,167451998,1,Litchfield,-73.33,41.9475
58275,16770,2002,Hurds Brook,Qualitative_electrofishing_presence indicated,"Brook Trout, Wild",MONROE,6024,167702002,74,Fairfield,-73.1903,41.3600000000001
58288,16801,1995,Leadmine Brook,Qualitative_electrofishing_presence indicated,"Brook Trout, Wild",HARWINTON,6908,168011995,7,Litchfield,-73.0544,41.7308
58299,16821,2002,Macedonia Brook,Qualitative_electrofishing_presence indicated,"Brook Trout, Wild",KENT,6015,168212002,130,Litchfield,-73.4947,41.7753000000001
58310,16821,2003,Macedonia Brook,Qualitative_electrofishing_presence indicated,"Brook Trout, Wild",KENT,6015,168212003,36,Litchfield,-73.4947,41.7753000000001
58332,16821,2008,Macedonia Brook,Qualitative_electrofishing_presence indicated,"Brook Trout, Wild",KENT,6015,168212008,2,Litchfield,-73.4947,41.7753000000001
58337,16821,2009,Macedonia Brook,Qualitative_electrofishing_presence indicated,"Brook Trout, Wild",KENT,6015,168212009,3,Litchfield,-73.4947,41.7753000000001
58342,16821,2010,Macedonia Brook,Qualitative_electrofishing_presence indicated,"Brook Trout, Wild",KENT,6015,168212010,15,Litchfield,-73.4947,41.7753000000001
58434,16898,2014,Freeman Hill Brook (Formerly NEGRO HILL BROOK),Qualitative_electrofishing_presence indicated,"Brook Trout, Wild",BURLINGTON,4314,168982014,83,Hartford,-72.9497,41.7253000000001
58440,16898,2015,Freeman Hill Brook (Formerly NEGRO HILL BROOK),Qualitative_electrofishing_presence indicated,"Brook Trout, Wild",BURLINGTON,4314,168982015,51,Hartford,-72.9497,41.7253000000001
58444,16898,2017,Freeman Hill Brook (Formerly NEGRO HILL BROOK),Qualitative_electrofishing_presence indicated,"Brook Trout, Wild",BURLINGTON,4314,168982017,69,Hartford,-72.9497,41.7253000000001
58448,16921,2016,North Branch Pootatuck Brook,Qualitative_electrofishing_presence indicated,"Brook Trout, Wild",NEWTOWN,6020,169212016,20,Fairfield,-73.2839,41.3772000000001
58455,16929,2006,Ocain Brook,Qualitative_electrofishing_presence indicated,"Brook Trout, Wild",GOSHEN,6200,169292006,1,Litchfield,-73.2653,41.8964
58470,16931,2001,Oil Mill Brook,Qualitative_electrofishing_presence indicated,"Brook Trout, Wild",EAST LYME,2203,169312001,16,New London,-72.1915,41.3731000000001
58556,16955,2007,Pequabuck River,Qualitative_electrofishing_presence indicated,"Brook Trout, Wild",PLAINVILLE,4315,169552007,2,Hartford,-72.8767,41.6714000000001
58591,16963,2001,Phelps Brook,Qualitative_electrofishing_presence indicated,"Brook Trout, Wild",NORTH STONINGTON,1004,169632001,10,New London,-71.9143999999999,41.4672
58606,16979,1995,Pond Mountain Brook,Qualitative_electrofishing_presence indicated,"Brook Trout, Wild",KENT,6015,169791995,37,Litchfield,-73.4804999999999,41.7678000000001
58614,16986,2001,Quanduck Brook,Qualitative_electrofishing_presence indicated,"Brook Trout, Wild",STERLING,3501,169862001,2,Windham,-71.8027999999999,41.7306
58644,17009,1994,Roaring Brook,Qualitative_electrofishing_presence indicated,"Brook Trout, Wild",WILLINGTON,3104,170091994,3,Tolland,-72.2825,41.9047
58681,17032,1998,Sawmill Brook,Qualitative_electrofishing_presence indicated,"Brook Trout, Wild",SHERMAN,6401,170321998,40,Fairfield,-73.4933,41.5767000000001
58690,17032,1999,Sawmill Brook,Qualitative_electrofishing_presence indicated,"Brook Trout, Wild",SHERMAN,6401,170321999,28,Fairfield,-73.4933,41.5767000000001
58700,17032,2000,Sawmill Brook,Qualitative_electrofishing_presence indicated,"Brook Trout, Wild",SHERMAN,6401,170322000,24,Fairfield,-73.4933,41.5767000000001
58713,17032,2001,Sawmill Brook,Qualitative_electrofishing_presence indicated,"Brook Trout, Wild",SHERMAN,6401,170322001,32,Fairfield,-73.4933,41.5767000000001
58723,17032,2002,Sawmill Brook,Qualitative_electrofishing_presence indicated,"Brook Trout, Wild",SHERMAN,6401,170322002,43,Fairfield,-73.4933,41.5767000000001
58776,17032,2007,Sawmill Brook,Qualitative_electrofishing_presence indicated,"Brook Trout, Wild",SHERMAN,6401,170322007,34,Fairfield,-73.4933,41.5767000000001
58791,17032,2008,Sawmill Brook,Qualitative_electrofishing_presence indicated,"Brook Trout, Wild",SHERMAN,6401,170322008,17,Fairfield,-73.4933,41.5767000000001
58809,17032,2009,Sawmill Brook,Qualitative_electrofishing_presence indicated,"Brook Trout, Wild",SHERMAN,6401,170322009,1,Fairfield,-73.4933,41.5767000000001
58823,17032,2010,Sawmill Brook,Qualitative_electrofishing_presence indicated,"Brook Trout, Wild",SHERMAN,6401,170322010,16,Fairfield,-73.4933,41.5767000000001
58840,17073,2011,Mill River,Qualitative_electrofishing_presence indicated,"Brook Trout, Wild",FAIRFIELD,7108,170732011,4,Fairfield,-73.2591,41.2147000000001
58850,17073,2012,Mill River,Qualitative_electrofishing_presence indicated,"Brook Trout, Wild",FAIRFIELD,7108,170732012,101,Fairfield,-73.2591,41.2147000000001
58862,17073,2013,Mill River,Qualitative_electrofishing_presence indicated,"Brook Trout, Wild",FAIRFIELD,7108,170732013,2,Fairfield,-73.2591,41.2147000000001
58874,17073,2014,Mill River,Qualitative_electrofishing_presence indicated,"Brook Trout, Wild",FAIRFIELD,7108,170732014,8,Fairfield,-73.2591,41.2147000000001
58884,17073,2015,Mill River,Qualitative_electrofishing_presence indicated,"Brook Trout, Wild",FAIRFIELD,7108,170732015,2,Fairfield,-73.2591,41.2147000000001
58894,17073,2016,Mill River,Qualitative_electrofishing_presence indicated,"Brook Trout, Wild",FAIRFIELD,7108,170732016,1,Fairfield,-73.2591,41.2147000000001
58914,17097,1995,Tankerhoosen River,Qualitative_electrofishing_presence indicated,"Brook Trout, Wild",VERNON,4503,170971995,116,Tolland,-72.453675,41.829893
58921,17097,2000,Tankerhoosen River,Qualitative_electrofishing_presence indicated,"Brook Trout, Wild",VERNON,4503,170972000,173,Tolland,-72.453675,41.829893
58930,17097,2004,Tankerhoosen River,Qualitative_electrofishing_presence indicated,"Brook Trout, Wild",VERNON,4503,170972004,102,Tolland,-72.453675,41.829893
58940,17097,2008,Tankerhoosen River,Qualitative_electrofishing_presence indicated,"Brook Trout, Wild",VERNON,4503,170972008,13,Tolland,-72.453675,41.829893
58946,17097,2009,Tankerhoosen River,Qualitative_electrofishing_presence indicated,"Brook Trout, Wild",VERNON,4503,170972009,39,Tolland,-72.453675,41.829893
58950,17097,2010,Tankerhoosen River,Qualitative_electrofishing_presence indicated,"Brook Trout, Wild",VERNON,4503,170972010,40,Tolland,-72.453675,41.829893
58962,17097,2011,Tankerhoosen River,Qualitative_electrofishing_presence indicated,"Brook Trout, Wild",VERNON,4503,170972011,5,Tolland,-72.453675,41.829893
58972,17097,2012,Tankerhoosen River,Qualitative_electrofishing_presence indicated,"Brook Trout, Wild",VERNON,4503,170972012,12,Tolland,-72.453675,41.829893
58984,17097,2013,Tankerhoosen River,Qualitative_electrofishing_presence indicated,"Brook Trout, Wild",VERNON,4503,170972013,8,Tolland,-72.453675,41.829893
58995,17097,2015,Tankerhoosen River,Qualitative_electrofishing_presence indicated,"Brook Trout, Wild",VERNON,4503,170972015,16,Tolland,-72.453675,41.829893
59010,17100,1999,Tankerhoosen River,Qualitative_electrofishing_presence indicated,"Brook Trout, Wild",VERNON,4503,171001999,59,Tolland,-72.4467,41.8317000000001
59017,17100,2000,Tankerhoosen River,Qualitative_electrofishing_presence indicated,"Brook Trout, Wild",VERNON,4503,171002000,21,Tolland,-72.4467,41.8317000000001
59025,17100,2001,Tankerhoosen River,Qualitative_electrofishing_presence indicated,"Brook Trout, Wild",VERNON,4503,171002001,86,Tolland,-72.4467,41.8317000000001
59032,17100,2004,Tankerhoosen River,Qualitative_electrofishing_presence indicated,"Brook Trout, Wild",VERNON,4503,171002004,29,Tolland,-72.4467,41.8317000000001
59040,17100,2009,Tankerhoosen River,Qualitative_electrofishing_presence indicated,"Brook Trout, Wild",VERNON,4503,171002009,2,Tolland,-72.4467,41.8317000000001
59043,17100,2010,Tankerhoosen River,Qualitative_electrofishing_presence indicated,"Brook Trout, Wild",VERNON,4503,171002010,10,Tolland,-72.4467,41.8317000000001
59051,17100,2011,Tankerhoosen River,Qualitative_electrofishing_presence indicated,"Brook Trout, Wild",VERNON,4503,171002011,1,Tolland,-72.4467,41.8317000000001
59062,17100,2016,Tankerhoosen River,Qualitative_electrofishing_presence indicated,"Brook Trout, Wild",VERNON,4503,171002016,14,Tolland,-72.4467,41.8317000000001
59069,17104,2002,Tatetuck Brook,Qualitative_electrofishing_presence indicated,"Brook Trout, Wild",EASTON,7108,171042002,103,Fairfield,-73.2819,41.2831
59078,17104,2003,Tatetuck Brook,Qualitative_electrofishing_presence indicated,"Brook Trout, Wild",EASTON,7108,171042003,53,Fairfield,-73.2819,41.2831
59086,17172,2006,Wangum Lake Brook,Qualitative_electrofishing_presence indicated,"Brook Trout, Wild",CANAAN,6202,171722006,1,Litchfield,-73.2791999999999,41.9528
59099,17180,2002,West Br Pequonnock River,Qualitative_electrofishing_presence indicated,"Brook Trout, Wild",MONROE,7105,171802002,18,Fairfield,-73.2619,41.3208000000001
59112,17186,2008,Wewaka Brook,Qualitative_electrofishing_presence indicated,"Brook Trout, Wild",BRIDGEWATER,6000,171862008,13,Litchfield,-73.3507999999999,41.4878
59151,17294,2001,Mount Hope River,Qualitative_electrofishing_presence indicated,"Brook Trout, Wild",ASHFORD,3206,172942001,16,Windham,-72.1713,41.8902
59313,17342,2007,Ball Pond Brook,Qualitative_electrofishing_presence indicated,"Brook Trout, Wild",NEW FAIRFIELD,6402,173422007,2,Fairfield,-73.465,41.465
59326,17342,2008,Ball Pond Brook,Qualitative_electrofishing_presence indicated,"Brook Trout, Wild",NEW FAIRFIELD,6402,173422008,1,Fairfield,-73.465,41.465
59353,17367,2004,Fenton River,Qualitative_electrofishing_presence indicated,"Brook Trout, Wild",WILLINGTON,3207,173672004,4,Tolland,-72.23,41.8965000000001
59360,17369,1998,Greenwoods Brook,Qualitative_electrofishing_presence indicated,"Brook Trout, Wild",SHERMAN,6401,173691998,14,Fairfield,-73.5001,41.5717000000001
59364,17369,1999,Greenwoods Brook,Qualitative_electrofishing_presence indicated,"Brook Trout, Wild",SHERMAN,6401,173691999,3,Fairfield,-73.5001,41.5717000000001
59368,17379,1998,Little River,Qualitative_electrofishing_presence indicated,"Brook Trout, Wild",REDDING,7201,173791998,8,Fairfield,-73.3692,41.2919000000001
59375,17379,1999,Little River,Qualitative_electrofishing_presence indicated,"Brook Trout, Wild",REDDING,7201,173791999,14,Fairfield,-73.3692,41.2919000000001
59380,17379,2000,Little River,Qualitative_electrofishing_presence indicated,"Brook Trout, Wild",REDDING,7201,173792000,61,Fairfield,-73.3692,41.2919000000001
59389,17379,2001,Little River,Qualitative_electrofishing_presence indicated,"Brook Trout, Wild",REDDING,7201,173792001,108,Fairfield,-73.3692,41.2919000000001
59398,17379,2002,Little River,Qualitative_electrofishing_presence indicated,"Brook Trout, Wild",REDDING,7201,173792002,40,Fairfield,-73.3692,41.2919000000001
59403,17379,2003,Little River,Qualitative_electrofishing_presence indicated,"Brook Trout, Wild",REDDING,7201,173792003,24,Fairfield,-73.3692,41.2919000000001
59429,17379,2007,Little River,Qualitative_electrofishing_presence indicated,"Brook Trout, Wild",REDDING,7201,173792007,34,Fairfield,-73.3692,41.2919000000001
59435,17379,2008,Little River,Qualitative_electrofishing_presence indicated,"Brook Trout, Wild",REDDING,7201,173792008,20,Fairfield,-73.3692,41.2919000000001
59442,17379,2009,Little River,Qualitative_electrofishing_presence indicated,"Brook Trout, Wild",REDDING,7201,173792009,9,Fairfield,-73.3692,41.2919000000001
59448,17379,2010,Little River,Qualitative_electrofishing_presence indicated,"Brook Trout, Wild",REDDING,7201,173792010,20,Fairfield,-73.3692,41.2919000000001
59454,17379,2011,Little River,Qualitative_electrofishing_presence indicated,"Brook Trout, Wild",REDDING,7201,173792011,13,Fairfield,-73.3692,41.2919000000001
59461,17379,2012,Little River,Qualitative_electrofishing_presence indicated,"Brook Trout, Wild",REDDING,7201,173792012,8,Fairfield,-73.3692,41.2919000000001
59470,17379,2013,Little River,Qualitative_electrofishing_presence indicated,"Brook Trout, Wild",REDDING,7201,173792013,17,Fairfield,-73.3692,41.2919000000001
59477,17379,2014,Little River,Qualitative_electrofishing_presence indicated,"Brook Trout, Wild",REDDING,7201,173792014,11,Fairfield,-73.3692,41.2919000000001
59485,17379,2015,Little River,Qualitative_electrofishing_presence indicated,"Brook Trout, Wild",REDDING,7201,173792015,4,Fairfield,-73.3692,41.2919000000001
59492,17379,2017,Little River,Qualitative_electrofishing_presence indicated,"Brook Trout, Wild",REDDING,7201,173792017,5,Fairfield,-73.3692,41.2919000000001
59501,17384,1995,Macedonia Brook,Qualitative_electrofishing_presence indicated,"Brook Trout, Wild",KENT,6015,173841995,15,Litchfield,-73.4885,41.7844000000001
59508,17384,2002,Macedonia Brook,Qualitative_electrofishing_presence indicated,"Brook Trout, Wild",KENT,6015,173842002,23,Litchfield,-73.4885,41.7844000000001
59525,17391,1999,Mill River,Qualitative_electrofishing_presence indicated,"Brook Trout, Wild",EASTON,7108,173911999,2,Fairfield,-73.254,41.2412
59543,17391,2002,Mill River,Qualitative_electrofishing_presence indicated,"Brook Trout, Wild",EASTON,7108,173912002,2,Fairfield,-73.254,41.2412
59556,17391,2007,Mill River,Qualitative_electrofishing_presence indicated,"Brook Trout, Wild",EASTON,7108,173912007,13,Fairfield,-73.254,41.2412
59562,17391,2008,Mill River,Qualitative_electrofishing_presence indicated,"Brook Trout, Wild",EASTON,7108,173912008,24,Fairfield,-73.254,41.2412
59566,17391,2009,Mill River,Qualitative_electrofishing_presence indicated,"Brook Trout, Wild",EASTON,7108,173912009,107,Fairfield,-73.254,41.2412
59570,17391,2010,Mill River,Qualitative_electrofishing_presence indicated,"Brook Trout, Wild",EASTON,7108,173912010,34,Fairfield,-73.254,41.2412
59575,17391,2011,Mill River,Qualitative_electrofishing_presence indicated,"Brook Trout, Wild",EASTON,7108,173912011,48,Fairfield,-73.254,41.2412
59580,17391,2012,Mill River,Qualitative_electrofishing_presence indicated,"Brook Trout, Wild",EASTON,7108,173912012,61,Fairfield,-73.254,41.2412
59586,17391,2013,Mill River,Qualitative_electrofishing_presence indicated,"Brook Trout, Wild",EASTON,7108,173912013,17,Fairfield,-73.254,41.2412
59592,17391,2014,Mill River,Qualitative_electrofishing_presence indicated,"Brook Trout, Wild",EASTON,7108,173912014,205,Fairfield,-73.254,41.2412
59600,17391,2015,Mill River,Qualitative_electrofishing_presence indicated,"Brook Trout, Wild",EASTON,7108,173912015,112,Fairfield,-73.254,41.2412
59603,17391,2016,Mill River,Qualitative_electrofishing_presence indicated,"Brook Trout, Wild",EASTON,7108,173912016,183,Fairfield,-73.254,41.2412
59608,17391,2017,Mill River,Qualitative_electrofishing_presence indicated,"Brook Trout, Wild",EASTON,7108,173912017,163,Fairfield,-73.254,41.2412
59613,17394,1998,Naromiyocknowhusunkatankshunk Brook (FKA Morrissey Brook),Qualitative_electrofishing_presence indicated,"Brook Trout, Wild",NEW MILFORD,6017,173941998,17,Litchfield,-73.4842,41.6240000000001
59630,17398,2000,Freeman Hill Brook (formerly Negro Hill Brook),Qualitative_electrofishing_presence indicated,"Brook Trout, Wild",BURLINGTON,4314,173982000,70,Hartford,-72.95,41.7254
59634,17398,2001,Freeman Hill Brook (formerly Negro Hill Brook),Qualitative_electrofishing_presence indicated,"Brook Trout, Wild",BURLINGTON,4314,173982001,145,Hartford,-72.95,41.7254
59638,17398,2002,Freeman Hill Brook (formerly Negro Hill Brook),Qualitative_electrofishing_presence indicated,"Brook Trout, Wild",BURLINGTON,4314,173982002,189,Hartford,-72.95,41.7254
59643,17398,2003,Freeman Hill Brook (formerly Negro Hill Brook),Qualitative_electrofishing_presence indicated,"Brook Trout, Wild",BURLINGTON,4314,173982003,49,Hartford,-72.95,41.7254
59648,17398,2005,Freeman Hill Brook (formerly Negro Hill Brook),Qualitative_electrofishing_presence indicated,"Brook Trout, Wild",BURLINGTON,4314,173982005,108,Hartford,-72.95,41.7254
59653,17398,2007,Freeman Hill Brook (formerly Negro Hill Brook),Qualitative_electrofishing_presence indicated,"Brook Trout, Wild",BURLINGTON,4314,173982007,141,Hartford,-72.95,41.7254
59657,17398,2008,Freeman Hill Brook (formerly Negro Hill Brook),Qualitative_electrofishing_presence indicated,"Brook Trout, Wild",BURLINGTON,4314,173982008,71,Hartford,-72.95,41.7254
59661,17398,2009,Freeman Hill Brook (formerly Negro Hill Brook),Qualitative_electrofishing_presence indicated,"Brook Trout, Wild",BURLINGTON,4314,173982009,79,Hartford,-72.95,41.7254
59666,17398,2010,Freeman Hill Brook (formerly Negro Hill Brook),Qualitative_electrofishing_presence indicated,"Brook Trout, Wild",BURLINGTON,4314,173982010,135,Hartford,-72.95,41.7254
59669,17398,2011,Freeman Hill Brook (formerly Negro Hill Brook),Qualitative_electrofishing_presence indicated,"Brook Trout, Wild",BURLINGTON,4314,173982011,27,Hartford,-72.95,41.7254
59674,17398,2013,Freeman Hill Brook (formerly Negro Hill Brook),Qualitative_electrofishing_presence indicated,"Brook Trout, Wild",BURLINGTON,4314,173982013,82,Hartford,-72.95,41.7254
59678,17398,2014,Freeman Hill Brook (formerly Negro Hill Brook),Qualitative_electrofishing_presence indicated,"Brook Trout, Wild",BURLINGTON,4314,173982014,108,Hartford,-72.95,41.7254
59682,17414,2016,Shepaug River,Qualitative_electrofishing_presence indicated,"Brook Trout, Wild",WARREN,6700,174142016,1,Litchfield,-73.2927999999999,41.7185000000001
59693,17430,2014,Tankerhoosen river,Qualitative_electrofishing_presence indicated,"Brook Trout, Wild",VERNON,4503,174302014,10,Tolland,-72.4512999999999,41.8289
59709,17430,2016,Tankerhoosen river,Qualitative_electrofishing_presence indicated,"Brook Trout, Wild",VERNON,4503,174302016,8,Tolland,-72.4512999999999,41.8289
59718,17430,2017,Tankerhoosen river,Qualitative_electrofishing_presence indicated,"Brook Trout, Wild",VERNON,4503,174302017,2,Tolland,-72.4512999999999,41.8289
59728,17433,2017,Trading Cove Brook,Qualitative_electrofishing_presence indicated,"Brook Trout, Wild",MONTVILLE,3001,174332017,21,New London,-72.1024,41.498
59733,17434,2000,Wachocastinook Creek,Qualitative_electrofishing_presence indicated,"Brook Trout, Wild",SALISBURY,6005,174342000,29,Litchfield,-73.4609,42.0046
59736,17434,2001,Wachocastinook Creek,Qualitative_electrofishing_presence indicated,"Brook Trout, Wild",SALISBURY,6005,174342001,31,Litchfield,-73.4609,42.0046
59737,17434,2008,Wachocastinook Creek,Qualitative_electrofishing_presence indicated,"Brook Trout, Wild",SALISBURY,6005,174342008,4,Litchfield,-73.4609,42.0046
59740,17434,2010,Wachocastinook Creek,Qualitative_electrofishing_presence indicated,"Brook Trout, Wild",SALISBURY,6005,174342010,3,Litchfield,-73.4609,42.0046
59742,17436,2001,Wachocastinook Creek,Qualitative_electrofishing_presence indicated,"Brook Trout, Wild",SALISBURY,6005,174362001,8,Litchfield,-73.4417,41.9967
59745,17436,2008,Wachocastinook Creek,Qualitative_electrofishing_presence indicated,"Brook Trout, Wild",SALISBURY,6005,174362008,5,Litchfield,-73.4417,41.9967
59748,17436,2010,Wachocastinook Creek,Qualitative_electrofishing_presence indicated,"Brook Trout, Wild",SALISBURY,6005,174362010,2,Litchfield,-73.4417,41.9967
59751,17455,1995,West Branch Pequonnock River,Qualitative_electrofishing_presence indicated,"Brook Trout, Wild",MONROE,7105,174551995,17,Fairfield,-73.2488999999999,41.301
59836,17638,1999,Mill River,Qualitative_electrofishing_presence indicated,"Brook Trout, Wild",EASTON,7108,176381999,7,Fairfield,-73.252166,41.2368910000001
59841,17654,2001,Reed Brook,Qualitative_electrofishing_presence indicated,"Brook Trout, Wild",CORNWALL,6000,176542001,19,Litchfield,-73.360033,41.9164730000001
59863,17657,1999,Blackberry River,Qualitative_electrofishing_presence indicated,"Brook Trout, Wild",NORFOLK,6100,176571999,4,Litchfield,-73.224781,42.002534
59870,17657,2000,Blackberry River,Qualitative_electrofishing_presence indicated,"Brook Trout, Wild",NORFOLK,6100,176572000,4,Litchfield,-73.224781,42.002534
59900,17761,2007,Battle Swamp Brook,Qualitative_electrofishing_presence indicated,"Brook Trout, Wild",ROXBURY,6700,177612007,101,Litchfield,-73.33167,41.5819300000001
59913,17793,2000,Trading Cove Brook,Qualitative_electrofishing_presence indicated,"Brook Trout, Wild",MONTVILLE,3001,177932000,3,New London,-72.1019699999999,41.4973600000001
59925,17793,2004,Trading Cove Brook,Qualitative_electrofishing_presence indicated,"Brook Trout, Wild",MONTVILLE,3001,177932004,8,New London,-72.1019699999999,41.4973600000001
59933,17793,2005,Trading Cove Brook,Qualitative_electrofishing_presence indicated,"Brook Trout, Wild",MONTVILLE,3001,177932005,9,New London,-72.1019699999999,41.4973600000001
59936,17793,2008,Trading Cove Brook,Qualitative_electrofishing_presence indicated,"Brook Trout, Wild",MONTVILLE,3001,177932008,19,New London,-72.1019699999999,41.4973600000001
59940,17793,2010,Trading Cove Brook,Qualitative_electrofishing_presence indicated,"Brook Trout, Wild",MONTVILLE,3001,177932010,22,New London,-72.1019699999999,41.4973600000001
59943,17793,2011,Trading Cove Brook,Qualitative_electrofishing_presence indicated,"Brook Trout, Wild",MONTVILLE,3001,177932011,10,New London,-72.1019699999999,41.4973600000001
59950,17793,2013,Trading Cove Brook,Qualitative_electrofishing_presence indicated,"Brook Trout, Wild",MONTVILLE,3001,177932013,7,New London,-72.1019699999999,41.4973600000001
59957,17793,2016,Trading Cove Brook,Qualitative_electrofishing_presence indicated,"Brook Trout, Wild",MONTVILLE,3001,177932016,8,New London,-72.1019699999999,41.4973600000001
59965,17829,2000,North Leadmine Brook,Qualitative_electrofishing_presence indicated,"Brook Trout, Wild",ASHFORD,3203,178292000,2,Windham,-72.1640199999999,41.95822
59968,17830,2000,North Leadmine Brook,Qualitative_electrofishing_presence indicated,"Brook Trout, Wild",ASHFORD,3203,178302000,6,Windham,-72.163845,41.9584360000001
59970,17849,2008,Kelly Brook,Qualitative_electrofishing_presence indicated,"Brook Trout, Wild",KILLINGLY,3400,178492008,56,Windham,-71.8318,41.87992
59997,17914,2000,Dark Hollow Brook,Qualitative_electrofishing_presence indicated,"Brook Trout, Wild",GLASTONBURY,4008,179142000,54,Hartford,-72.51613,41.6574600000001
60012,18050,2008,Blackberry River,Qualitative_electrofishing_presence indicated,"Brook Trout, Wild",NORTH CANAAN,6100,180502008,2,Litchfield,-73.31191,42.0134600000001
60021,18061,2016,Shepaug River,Qualitative_electrofishing_presence indicated,"Brook Trout, Wild",WASHINGTON,6700,180612016,7,Litchfield,-73.297,41.6900000000001
60033,18062,2013,Shepaug River,Qualitative_electrofishing_presence indicated,"Brook Trout, Wild",WASHINGTON,6700,180622013,2,Litchfield,-73.32589,41.61319
60057,18125,1998,Beacon Hill Brook,Qualitative_electrofishing_presence indicated,"Brook Trout, Wild",NAUGATUCK,6918,181251998,3,New Haven,-73.02861,41.4675
60065,18125,1999,Beacon Hill Brook,Qualitative_electrofishing_presence indicated,"Brook Trout, Wild",NAUGATUCK,6918,181251999,9,New Haven,-73.02861,41.4675
60071,18125,2003,Beacon Hill Brook,Qualitative_electrofishing_presence indicated,"Brook Trout, Wild",NAUGATUCK,6918,181252003,3,New Haven,-73.02861,41.4675
60098,18125,2007,Beacon Hill Brook,Qualitative_electrofishing_presence indicated,"Brook Trout, Wild",NAUGATUCK,6918,181252007,101,New Haven,-73.02861,41.4675
60123,18125,2010,Beacon Hill Brook,Qualitative_electrofishing_presence indicated,"Brook Trout, Wild",NAUGATUCK,6918,181252010,2,New Haven,-73.02861,41.4675
60140,18125,2012,Beacon Hill Brook,Qualitative_electrofishing_presence indicated,"Brook Trout, Wild",NAUGATUCK,6918,181252012,2,New Haven,-73.02861,41.4675
60148,18125,2013,Beacon Hill Brook,Qualitative_electrofishing_presence indicated,"Brook Trout, Wild",NAUGATUCK,6918,181252013,3,New Haven,-73.02861,41.4675
60156,18125,2014,Beacon Hill Brook,Qualitative_electrofishing_presence indicated,"Brook Trout, Wild",NAUGATUCK,6918,181252014,7,New Haven,-73.02861,41.4675
60164,18125,2015,Beacon Hill Brook,Qualitative_electrofishing_presence indicated,"Brook Trout, Wild",NAUGATUCK,6918,181252015,2,New Haven,-73.02861,41.4675
60177,18126,1999,Beacon Hill Brook,Qualitative_electrofishing_presence indicated,"Brook Trout, Wild",BEACON FALLS,6918,181261999,2,New Haven,-73.03944,41.46639
60186,18126,2000,Beacon Hill Brook,Qualitative_electrofishing_presence indicated,"Brook Trout, Wild",BEACON FALLS,6918,181262000,3,New Haven,-73.03944,41.46639
60194,18126,2002,Beacon Hill Brook,Qualitative_electrofishing_presence indicated,"Brook Trout, Wild",BEACON FALLS,6918,181262002,2,New Haven,-73.03944,41.46639
60204,18126,2003,Beacon Hill Brook,Qualitative_electrofishing_presence indicated,"Brook Trout, Wild",BEACON FALLS,6918,181262003,2,New Haven,-73.03944,41.46639
60221,18126,2007,Beacon Hill Brook,Qualitative_electrofishing_presence indicated,"Brook Trout, Wild",BEACON FALLS,6918,181262007,101,New Haven,-73.03944,41.46639
60252,18126,2011,Beacon Hill Brook,Qualitative_electrofishing_presence indicated,"Brook Trout, Wild",BEACON FALLS,6918,181262011,1,New Haven,-73.03944,41.46639
60261,18126,2013,Beacon Hill Brook,Qualitative_electrofishing_presence indicated,"Brook Trout, Wild",BEACON FALLS,6918,181262013,1,New Haven,-73.03944,41.46639
60273,18126,2015,Beacon Hill Brook,Qualitative_electrofishing_presence indicated,"Brook Trout, Wild",BEACON FALLS,6918,181262015,3,New Haven,-73.03944,41.46639
60283,18127,2002,Beacon Hill Brook,Qualitative_electrofishing_presence indicated,"Brook Trout, Wild",BETHANY,6918,181272002,64,New Haven,-73.00195,41.4669500000001
60294,18127,2003,Beacon Hill Brook,Qualitative_electrofishing_presence indicated,"Brook Trout, Wild",BETHANY,6918,181272003,39,New Haven,-73.00195,41.4669500000001
60315,18127,2007,Beacon Hill Brook,Qualitative_electrofishing_presence indicated,"Brook Trout, Wild",BETHANY,6918,181272007,101,New Haven,-73.00195,41.4669500000001
60322,18127,2008,Beacon Hill Brook,Qualitative_electrofishing_presence indicated,"Brook Trout, Wild",BETHANY,6918,181272008,13,New Haven,-73.00195,41.4669500000001
60329,18127,2009,Beacon Hill Brook,Qualitative_electrofishing_presence indicated,"Brook Trout, Wild",BETHANY,6918,181272009,8,New Haven,-73.00195,41.4669500000001
60337,18127,2010,Beacon Hill Brook,Qualitative_electrofishing_presence indicated,"Brook Trout, Wild",BETHANY,6918,181272010,26,New Haven,-73.00195,41.4669500000001
60343,18127,2011,Beacon Hill Brook,Qualitative_electrofishing_presence indicated,"Brook Trout, Wild",BETHANY,6918,181272011,17,New Haven,-73.00195,41.4669500000001
60351,18127,2012,Beacon Hill Brook,Qualitative_electrofishing_presence indicated,"Brook Trout, Wild",BETHANY,6918,181272012,19,New Haven,-73.00195,41.4669500000001
60359,18127,2013,Beacon Hill Brook,Qualitative_electrofishing_presence indicated,"Brook Trout, Wild",BETHANY,6918,181272013,44,New Haven,-73.00195,41.4669500000001
60365,18127,2014,Beacon Hill Brook,Qualitative_electrofishing_presence indicated,"Brook Trout, Wild",BETHANY,6918,181272014,41,New Haven,-73.00195,41.4669500000001
60371,18127,2015,Beacon Hill Brook,Qualitative_electrofishing_presence indicated,"Brook Trout, Wild",BETHANY,6918,181272015,32,New Haven,-73.00195,41.4669500000001
60377,18127,2016,Beacon Hill Brook,Qualitative_electrofishing_presence indicated,"Brook Trout, Wild",BETHANY,6918,181272016,27,New Haven,-73.00195,41.4669500000001
60386,18127,2017,Beacon Hill Brook,Qualitative_electrofishing_presence indicated,"Brook Trout, Wild",BETHANY,6918,181272017,29,New Haven,-73.00195,41.4669500000001
60395,18134,2001,Canoe Brook,Qualitative_electrofishing_presence indicated,"Brook Trout, Wild",TRUMBULL,7106,181342001,1,Fairfield,-73.2411099999999,41.2605600000001
60400,18270,2000,Wewaka Brook,Qualitative_electrofishing_presence indicated,"Brook Trout, Wild",BRIDGEWATER,6000,182702000,25,Litchfield,-73.3497,41.5010300000001
60445,18456,2001,Hales Brook,Qualitative_electrofishing_presence indicated,"Brook Trout, Wild",PORTLAND,4000,184562001,14,Middlesex,-72.6024,41.6324700000001
60462,18496,2002,Mill River,Qualitative_electrofishing_presence indicated,"Brook Trout, Wild",MONROE,7108,184962002,181,Fairfield,-73.27415,41.30213
60480,18503,2006,Blackwell Brook,Qualitative_electrofishing_presence indicated,"Brook Trout, Wild",BROOKLYN,3711,185032006,1,Windham,-71.95136,41.7567500000001
60485,18504,2001,Quanduck Brook,Qualitative_electrofishing_presence indicated,"Brook Trout, Wild",STERLING,3501,185042001,3,Windham,-71.82363,41.72297
60497,18523,2010,Bonney Brook,Qualitative_electrofishing_presence indicated,"Brook Trout, Wild",CORNWALL,6000,185232010,8,Litchfield,-73.37541,41.8149530000001
60507,18535,2001,Grindle Brook,Qualitative_electrofishing_presence indicated,"Brook Trout, Wild",GLASTONBURY,4000,185352001,6,Hartford,-72.6047799999999,41.6504820000001
60510,18536,2001,"Hawleys Brook, Unnamed Tributary to",Qualitative_electrofishing_presence indicated,"Brook Trout, Wild",EASTON,7200,185362001,7,Fairfield,-73.34103,41.251918
60514,18536,2002,"Hawleys Brook, Unnamed Tributary to",Qualitative_electrofishing_presence indicated,"Brook Trout, Wild",EASTON,7200,185362002,8,Fairfield,-73.34103,41.251918
60519,18536,2007,"Hawleys Brook, Unnamed Tributary to",Qualitative_electrofishing_presence indicated,"Brook Trout, Wild",EASTON,7200,185362007,26,Fairfield,-73.34103,41.251918
60523,18536,2008,"Hawleys Brook, Unnamed Tributary to",Qualitative_electrofishing_presence indicated,"Brook Trout, Wild",EASTON,7200,185362008,26,Fairfield,-73.34103,41.251918
60527,18536,2009,"Hawleys Brook, Unnamed Tributary to",Qualitative_electrofishing_presence indicated,"Brook Trout, Wild",EASTON,7200,185362009,45,Fairfield,-73.34103,41.251918
60532,18536,2010,"Hawleys Brook, Unnamed Tributary to",Qualitative_electrofishing_presence indicated,"Brook Trout, Wild",EASTON,7200,185362010,32,Fairfield,-73.34103,41.251918
60535,18536,2011,"Hawleys Brook, Unnamed Tributary to",Qualitative_electrofishing_presence indicated,"Brook Trout, Wild",EASTON,7200,185362011,26,Fairfield,-73.34103,41.251918
60541,18536,2013,"Hawleys Brook, Unnamed Tributary to",Qualitative_electrofishing_presence indicated,"Brook Trout, Wild",EASTON,7200,185362013,18,Fairfield,-73.34103,41.251918
60547,18536,2014,"Hawleys Brook, Unnamed Tributary to",Qualitative_electrofishing_presence indicated,"Brook Trout, Wild",EASTON,7200,185362014,30,Fairfield,-73.34103,41.251918
60551,18536,2015,"Hawleys Brook, Unnamed Tributary to",Qualitative_electrofishing_presence indicated,"Brook Trout, Wild",EASTON,7200,185362015,72,Fairfield,-73.34103,41.251918
60556,18536,2016,"Hawleys Brook, Unnamed Tributary to",Qualitative_electrofishing_presence indicated,"Brook Trout, Wild",EASTON,7200,185362016,11,Fairfield,-73.34103,41.251918
60562,18536,2017,"Hawleys Brook, Unnamed Tributary to",Qualitative_electrofishing_presence indicated,"Brook Trout, Wild",EASTON,7200,185362017,40,Fairfield,-73.34103,41.251918
60569,18578,1996,Green Fall River,Qualitative_electrofishing_presence indicated,"Brook Trout, Wild",VOLUNTOWN,1002,185781996,5,New London,-71.80945,41.5197190000001
60682,18610,1998,Mixville Brook,Qualitative_electrofishing_presence indicated,"Brook Trout, Wild",PROSPECT,5202,186101998,18,New Haven,-72.94704,41.5051760000001
60699,18633,2008,Cathole Brook,Qualitative_electrofishing_presence indicated,"Brook Trout, Wild",MERIDEN,5205,186332008,29,New Haven,-72.80191,41.5529000000001
60702,18681,2000,Lantern Hill Brook,Qualitative_electrofishing_presence indicated,"Brook Trout, Wild",NORTH STONINGTON,2104,186812000,6,New London,-71.946759,41.4674600000001
60709,18734,2000,Pootatuck river,Qualitative_electrofishing_presence indicated,"Brook Trout, Wild",NEWTOWN,6020,187342000,7,Fairfield,-73.282188,41.419994
60723,18734,2001,Pootatuck river,Qualitative_electrofishing_presence indicated,"Brook Trout, Wild",NEWTOWN,6020,187342001,12,Fairfield,-73.282188,41.419994
60734,18734,2002,Pootatuck river,Qualitative_electrofishing_presence indicated,"Brook Trout, Wild",NEWTOWN,6020,187342002,12,Fairfield,-73.282188,41.419994
60770,18734,2007,Pootatuck river,Qualitative_electrofishing_presence indicated,"Brook Trout, Wild",NEWTOWN,6020,187342007,3,Fairfield,-73.282188,41.419994
60783,18734,2008,Pootatuck river,Qualitative_electrofishing_presence indicated,"Brook Trout, Wild",NEWTOWN,6020,187342008,1,Fairfield,-73.282188,41.419994
60851,18737,1998,Merrick Brook,Qualitative_electrofishing_presence indicated,"Brook Trout, Wild",SCOTLAND,3803,187371998,27,Windham,-72.112128,41.6771140000001
60862,18737,1999,Merrick Brook,Qualitative_electrofishing_presence indicated,"Brook Trout, Wild",SCOTLAND,3803,187371999,4,Windham,-72.112128,41.6771140000001
60866,18737,2000,Merrick Brook,Qualitative_electrofishing_presence indicated,"Brook Trout, Wild",SCOTLAND,3803,187372000,10,Windham,-72.112128,41.6771140000001
60878,18737,2001,Merrick Brook,Qualitative_electrofishing_presence indicated,"Brook Trout, Wild",SCOTLAND,3803,187372001,8,Windham,-72.112128,41.6771140000001
60889,18737,2004,Merrick Brook,Qualitative_electrofishing_presence indicated,"Brook Trout, Wild",SCOTLAND,3803,187372004,29,Windham,-72.112128,41.6771140000001
60902,18737,2007,Merrick Brook,Qualitative_electrofishing_presence indicated,"Brook Trout, Wild",SCOTLAND,3803,187372007,32,Windham,-72.112128,41.6771140000001
60922,18737,2010,Merrick Brook,Qualitative_electrofishing_presence indicated,"Brook Trout, Wild",SCOTLAND,3803,187372010,16,Windham,-72.112128,41.6771140000001
60935,18737,2011,Merrick Brook,Qualitative_electrofishing_presence indicated,"Brook Trout, Wild",SCOTLAND,3803,187372011,14,Windham,-72.112128,41.6771140000001
60952,18737,2012,Merrick Brook,Qualitative_electrofishing_presence indicated,"Brook Trout, Wild",SCOTLAND,3803,187372012,2,Windham,-72.112128,41.6771140000001
60968,18737,2013,Merrick Brook,Qualitative_electrofishing_presence indicated,"Brook Trout, Wild",SCOTLAND,3803,187372013,21,Windham,-72.112128,41.6771140000001
60982,18737,2014,Merrick Brook,Qualitative_electrofishing_presence indicated,"Brook Trout, Wild",SCOTLAND,3803,187372014,21,Windham,-72.112128,41.6771140000001
61003,18738,1996,Merrick Brook,Qualitative_electrofishing_presence indicated,"Brook Trout, Wild",SCOTLAND,3803,187381996,17,Windham,-72.1109979999999,41.6782700000001
61010,18738,1998,Merrick Brook,Qualitative_electrofishing_presence indicated,"Brook Trout, Wild",SCOTLAND,3803,187381998,27,Windham,-72.1109979999999,41.6782700000001
61018,18738,2000,Merrick Brook,Qualitative_electrofishing_presence indicated,"Brook Trout, Wild",SCOTLAND,3803,187382000,5,Windham,-72.1109979999999,41.6782700000001
61027,18738,2002,Merrick Brook,Qualitative_electrofishing_presence indicated,"Brook Trout, Wild",SCOTLAND,3803,187382002,16,Windham,-72.1109979999999,41.6782700000001
61041,18738,2004,Merrick Brook,Qualitative_electrofishing_presence indicated,"Brook Trout, Wild",SCOTLAND,3803,187382004,17,Windham,-72.1109979999999,41.6782700000001
61054,18738,2007,Merrick Brook,Qualitative_electrofishing_presence indicated,"Brook Trout, Wild",SCOTLAND,3803,187382007,38,Windham,-72.1109979999999,41.6782700000001
61076,18738,2009,Merrick Brook,Qualitative_electrofishing_presence indicated,"Brook Trout, Wild",SCOTLAND,3803,187382009,13,Windham,-72.1109979999999,41.6782700000001
61090,18738,2011,Merrick Brook,Qualitative_electrofishing_presence indicated,"Brook Trout, Wild",SCOTLAND,3803,187382011,16,Windham,-72.1109979999999,41.6782700000001
61098,18738,2012,Merrick Brook,Qualitative_electrofishing_presence indicated,"Brook Trout, Wild",SCOTLAND,3803,187382012,40,Windham,-72.1109979999999,41.6782700000001
61111,18738,2014,Merrick Brook,Qualitative_electrofishing_presence indicated,"Brook Trout, Wild",SCOTLAND,3803,187382014,23,Windham,-72.1109979999999,41.6782700000001
61125,18738,2016,Merrick Brook,Qualitative_electrofishing_presence indicated,"Brook Trout, Wild",SCOTLAND,3803,187382016,38,Windham,-72.1109979999999,41.6782700000001
61139,18780,2012,Tankerhoosen River,Qualitative_electrofishing_presence indicated,"Brook Trout, Wild",VERNON,4503,187802012,14,Tolland,-72.439497,41.840492
61144,18780,2013,Tankerhoosen River,Qualitative_electrofishing_presence indicated,"Brook Trout, Wild",VERNON,4503,187802013,1,Tolland,-72.439497,41.840492
61149,18780,2014,Tankerhoosen River,Qualitative_electrofishing_presence indicated,"Brook Trout, Wild",VERNON,4503,187802014,2,Tolland,-72.439497,41.840492
61155,18780,2016,Tankerhoosen River,Qualitative_electrofishing_presence indicated,"Brook Trout, Wild",VERNON,4503,187802016,6,Tolland,-72.439497,41.840492
61161,18780,2017,Tankerhoosen River,Qualitative_electrofishing_presence indicated,"Brook Trout, Wild",VERNON,4503,187802017,10,Tolland,-72.439497,41.840492
61167,18781,2014,Tankerhoosen River,Qualitative_electrofishing_presence indicated,"Brook Trout, Wild",VERNON,4503,187812014,12,Tolland,-72.43737,41.8406860000001
61242,18796,2001,Hawleys Brook,Qualitative_electrofishing_presence indicated,"Brook Trout, Wild",EASTON,7200,187962001,74,Fairfield,-73.3424889999999,41.2508300000001
61247,18796,2002,Hawleys Brook,Qualitative_electrofishing_presence indicated,"Brook Trout, Wild",EASTON,7200,187962002,61,Fairfield,-73.3424889999999,41.2508300000001
61263,18796,2007,Hawleys Brook,Qualitative_electrofishing_presence indicated,"Brook Trout, Wild",EASTON,7200,187962007,145,Fairfield,-73.3424889999999,41.2508300000001
61268,18796,2008,Hawleys Brook,Qualitative_electrofishing_presence indicated,"Brook Trout, Wild",EASTON,7200,187962008,129,Fairfield,-73.3424889999999,41.2508300000001
61274,18796,2009,Hawleys Brook,Qualitative_electrofishing_presence indicated,"Brook Trout, Wild",EASTON,7200,187962009,67,Fairfield,-73.3424889999999,41.2508300000001
61279,18796,2010,Hawleys Brook,Qualitative_electrofishing_presence indicated,"Brook Trout, Wild",EASTON,7200,187962010,83,Fairfield,-73.3424889999999,41.2508300000001
61283,18796,2011,Hawleys Brook,Qualitative_electrofishing_presence indicated,"Brook Trout, Wild",EASTON,7200,187962011,56,Fairfield,-73.3424889999999,41.2508300000001
61289,18796,2012,Hawleys Brook,Qualitative_electrofishing_presence indicated,"Brook Trout, Wild",EASTON,7200,187962012,56,Fairfield,-73.3424889999999,41.2508300000001
61293,18796,2013,Hawleys Brook,Qualitative_electrofishing_presence indicated,"Brook Trout, Wild",EASTON,7200,187962013,26,Fairfield,-73.3424889999999,41.2508300000001
61299,18796,2014,Hawleys Brook,Qualitative_electrofishing_presence indicated,"Brook Trout, Wild",EASTON,7200,187962014,9,Fairfield,-73.3424889999999,41.2508300000001
61304,18796,2015,Hawleys Brook,Qualitative_electrofishing_presence indicated,"Brook Trout, Wild",EASTON,7200,187962015,18,Fairfield,-73.3424889999999,41.2508300000001
61309,18796,2016,Hawleys Brook,Qualitative_electrofishing_presence indicated,"Brook Trout, Wild",EASTON,7200,187962016,11,Fairfield,-73.3424889999999,41.2508300000001
61317,18799,2008,Little River,Qualitative_electrofishing_presence indicated,"Brook Trout, Wild",OXFORD,6920,187992008,101,New Haven,-73.1361699999999,41.4469300000001
61323,18799,2011,Little River,Qualitative_electrofishing_presence indicated,"Brook Trout, Wild",OXFORD,6920,187992011,46,New Haven,-73.1361699999999,41.4469300000001
61334,18799,2012,Little River,Qualitative_electrofishing_presence indicated,"Brook Trout, Wild",OXFORD,6920,187992012,176,New Haven,-73.1361699999999,41.4469300000001
61346,18799,2013,Little River,Qualitative_electrofishing_presence indicated,"Brook Trout, Wild",OXFORD,6920,187992013,121,New Haven,-73.1361699999999,41.4469300000001
61356,18799,2014,Little River,Qualitative_electrofishing_presence indicated,"Brook Trout, Wild",OXFORD,6920,187992014,73,New Haven,-73.1361699999999,41.4469300000001
61364,18799,2015,Little River,Qualitative_electrofishing_presence indicated,"Brook Trout, Wild",OXFORD,6920,187992015,148,New Haven,-73.1361699999999,41.4469300000001
61374,18799,2016,Little River,Qualitative_electrofishing_presence indicated,"Brook Trout, Wild",OXFORD,6920,187992016,57,New Haven,-73.1361699999999,41.4469300000001
61383,18799,2017,Little River,Qualitative_electrofishing_presence indicated,"Brook Trout, Wild",OXFORD,6920,187992017,65,New Haven,-73.1361699999999,41.4469300000001
61392,18800,2000,Little River,Qualitative_electrofishing_presence indicated,"Brook Trout, Wild",OXFORD,6920,188002000,9,New Haven,-73.1110199999999,41.4292100000001
61400,18800,2003,Little River,Qualitative_electrofishing_presence indicated,"Brook Trout, Wild",OXFORD,6920,188002003,28,New Haven,-73.1110199999999,41.4292100000001
61434,18800,2007,Little River,Qualitative_electrofishing_presence indicated,"Brook Trout, Wild",OXFORD,6920,188002007,27,New Haven,-73.1110199999999,41.4292100000001
61445,18800,2008,Little River,Qualitative_electrofishing_presence indicated,"Brook Trout, Wild",OXFORD,6920,188002008,15,New Haven,-73.1110199999999,41.4292100000001
61455,18800,2009,Little River,Qualitative_electrofishing_presence indicated,"Brook Trout, Wild",OXFORD,6920,188002009,4,New Haven,-73.1110199999999,41.4292100000001
61468,18800,2012,Little River,Qualitative_electrofishing_presence indicated,"Brook Trout, Wild",OXFORD,6920,188002012,4,New Haven,-73.1110199999999,41.4292100000001
61475,18800,2013,Little River,Qualitative_electrofishing_presence indicated,"Brook Trout, Wild",OXFORD,6920,188002013,10,New Haven,-73.1110199999999,41.4292100000001
61489,18800,2014,Little River,Qualitative_electrofishing_presence indicated,"Brook Trout, Wild",OXFORD,6920,188002014,1,New Haven,-73.1110199999999,41.4292100000001
61498,18800,2015,Little River,Qualitative_electrofishing_presence indicated,"Brook Trout, Wild",OXFORD,6920,188002015,15,New Haven,-73.1110199999999,41.4292100000001
61506,18801,2014,Bonney Brook,Qualitative_electrofishing_presence indicated,"Brook Trout, Wild",CORNWALL,6000,188012014,13,Litchfield,-73.37479,41.81469
61511,18801,2015,Bonney Brook,Qualitative_electrofishing_presence indicated,"Brook Trout, Wild",CORNWALL,6000,188012015,7,Litchfield,-73.37479,41.81469
61514,18802,2001,"Housatonic River, Unnamed tributary to (POWERHOUSE  BROOK)",Qualitative_electrofishing_presence indicated,"Brook Trout, Wild",NEW MILFORD,6000,188022001,3,Litchfield,-73.49382,41.66164
61523,18802,2002,"Housatonic River, Unnamed tributary to (POWERHOUSE  BROOK)",Qualitative_electrofishing_presence indicated,"Brook Trout, Wild",NEW MILFORD,6000,188022002,8,Litchfield,-73.49382,41.66164
61533,18802,2003,"Housatonic River, Unnamed tributary to (POWERHOUSE  BROOK)",Qualitative_electrofishing_presence indicated,"Brook Trout, Wild",NEW MILFORD,6000,188022003,2,Litchfield,-73.49382,41.66164
61567,18802,2007,"Housatonic River, Unnamed tributary to (POWERHOUSE  BROOK)",Qualitative_electrofishing_presence indicated,"Brook Trout, Wild",NEW MILFORD,6000,188022007,101,Litchfield,-73.49382,41.66164
61587,18802,2009,"Housatonic River, Unnamed tributary to (POWERHOUSE  BROOK)",Qualitative_electrofishing_presence indicated,"Brook Trout, Wild",NEW MILFORD,6000,188022009,1,Litchfield,-73.49382,41.66164
61689,18804,2011,Furnace Brook,Qualitative_electrofishing_presence indicated,"Brook Trout, Wild",CORNWALL,6010,188042011,1,Litchfield,-73.3538599999999,41.82802
61706,18804,2014,Furnace Brook,Qualitative_electrofishing_presence indicated,"Brook Trout, Wild",CORNWALL,6010,188042014,1,Litchfield,-73.3538599999999,41.82802
61734,18808,1998,Sprain Brook,Qualitative_electrofishing_presence indicated,"Brook Trout, Wild",WOODBURY,6803,188081998,6,Litchfield,-73.24882,41.58295
61744,18808,2000,Sprain Brook,Qualitative_electrofishing_presence indicated,"Brook Trout, Wild",WOODBURY,6803,188082000,8,Litchfield,-73.24882,41.58295
61752,18808,2001,Sprain Brook,Qualitative_electrofishing_presence indicated,"Brook Trout, Wild",WOODBURY,6803,188082001,13,Litchfield,-73.24882,41.58295
61762,18808,2007,Sprain Brook,Qualitative_electrofishing_presence indicated,"Brook Trout, Wild",WOODBURY,6803,188082007,7,Litchfield,-73.24882,41.58295
61772,18808,2009,Sprain Brook,Qualitative_electrofishing_presence indicated,"Brook Trout, Wild",WOODBURY,6803,188082009,3,Litchfield,-73.24882,41.58295
61779,18808,2010,Sprain Brook,Qualitative_electrofishing_presence indicated,"Brook Trout, Wild",WOODBURY,6803,188082010,10,Litchfield,-73.24882,41.58295
61787,18808,2012,Sprain Brook,Qualitative_electrofishing_presence indicated,"Brook Trout, Wild",WOODBURY,6803,188082012,2,Litchfield,-73.24882,41.58295
61799,18808,2013,Sprain Brook,Qualitative_electrofishing_presence indicated,"Brook Trout, Wild",WOODBURY,6803,188082013,8,Litchfield,-73.24882,41.58295
61808,18808,2014,Sprain Brook,Qualitative_electrofishing_presence indicated,"Brook Trout, Wild",WOODBURY,6803,188082014,4,Litchfield,-73.24882,41.58295
61818,18808,2015,Sprain Brook,Qualitative_electrofishing_presence indicated,"Brook Trout, Wild",WOODBURY,6803,188082015,3,Litchfield,-73.24882,41.58295
61830,18808,2016,Sprain Brook,Qualitative_electrofishing_presence indicated,"Brook Trout, Wild",WOODBURY,6803,188082016,2,Litchfield,-73.24882,41.58295
61840,18808,2017,Sprain Brook,Qualitative_electrofishing_presence indicated,"Brook Trout, Wild",WOODBURY,6803,188082017,4,Litchfield,-73.24882,41.58295
61858,18810,2000,Little River,Qualitative_electrofishing_presence indicated,"Brook Trout, Wild",OXFORD,6920,188102000,1,New Haven,-73.0989499999999,41.4121200000001
61867,18810,2002,Little River,Qualitative_electrofishing_presence indicated,"Brook Trout, Wild",OXFORD,6920,188102002,2,New Haven,-73.0989499999999,41.4121200000001
61905,18810,2007,Little River,Qualitative_electrofishing_presence indicated,"Brook Trout, Wild",OXFORD,6920,188102007,1,New Haven,-73.0989499999999,41.4121200000001
61916,18810,2008,Little River,Qualitative_electrofishing_presence indicated,"Brook Trout, Wild",OXFORD,6920,188102008,7,New Haven,-73.0989499999999,41.4121200000001
61931,18810,2010,Little River,Qualitative_electrofishing_presence indicated,"Brook Trout, Wild",OXFORD,6920,188102010,1,New Haven,-73.0989499999999,41.4121200000001
61954,18810,2013,Little River,Qualitative_electrofishing_presence indicated,"Brook Trout, Wild",OXFORD,6920,188102013,3,New Haven,-73.0989499999999,41.4121200000001
61964,18810,2014,Little River,Qualitative_electrofishing_presence indicated,"Brook Trout, Wild",OXFORD,6920,188102014,3,New Haven,-73.0989499999999,41.4121200000001
61987,18811,2011,Pond Brook,Qualitative_electrofishing_presence indicated,"Brook Trout, Wild",NEWTOWN,6018,188112011,1,Fairfield,-73.34124,41.4508300000001
62000,18811,2012,Pond Brook,Qualitative_electrofishing_presence indicated,"Brook Trout, Wild",NEWTOWN,6018,188112012,1,Fairfield,-73.34124,41.4508300000001
62013,18811,2013,Pond Brook,Qualitative_electrofishing_presence indicated,"Brook Trout, Wild",NEWTOWN,6018,188112013,2,Fairfield,-73.34124,41.4508300000001
62035,18811,2015,Pond Brook,Qualitative_electrofishing_presence indicated,"Brook Trout, Wild",NEWTOWN,6018,188112015,1,Fairfield,-73.34124,41.4508300000001
62063,18849,2000,Belden Brook,Qualitative_electrofishing_presence indicated,"Brook Trout, Wild",GRANBY,4320,188492000,83,Hartford,-72.86744,42.008475
62071,18854,1998,Pequabuck River,Qualitative_electrofishing_presence indicated,"Brook Trout, Wild",BRISTOL,4315,188541998,3,Hartford,-72.9310869999999,41.6701620000001
62091,18857,2001,Sandy Brook,Qualitative_electrofishing_presence indicated,"Brook Trout, Wild",NORFOLK,4304,188572001,1,Litchfield,-73.130962,42.0392350000001
62099,18874,1998,Weekeepeemee River,Qualitative_electrofishing_presence indicated,"Brook Trout, Wild",WOODBURY,6804,188741998,14,Litchfield,-73.218045,41.5672010000001
62116,18887,1998,Sprain Brook tributary,Qualitative_electrofishing_presence indicated,"Brook Trout, Wild",WASHINGTON,6803,188871998,4,Litchfield,-73.250149,41.583871
62121,18904,2013,Stony Brook,Qualitative_electrofishing_presence indicated,"Brook Trout, Wild",MONTVILLE,3005,189042013,2,New London,-72.118173,41.468147
62127,18905,2004,Stony Brook,Qualitative_electrofishing_presence indicated,"Brook Trout, Wild",MONTVILLE,3005,189052004,5,New London,-72.115759,41.461012
62144,18905,2011,Stony Brook,Qualitative_electrofishing_presence indicated,"Brook Trout, Wild",MONTVILLE,3005,189052011,2,New London,-72.115759,41.461012
62154,18905,2012,Stony Brook,Qualitative_electrofishing_presence indicated,"Brook Trout, Wild",MONTVILLE,3005,189052012,1,New London,-72.115759,41.461012
62167,18905,2015,Stony Brook,Qualitative_electrofishing_presence indicated,"Brook Trout, Wild",MONTVILLE,3005,189052015,4,New London,-72.115759,41.461012
62182,18926,2001,Coppermine Brook,Qualitative_electrofishing_presence indicated,"Brook Trout, Wild",BRISTOL,4314,189262001,1,Hartford,-72.9078,41.6813000000001
62256,18927,1999,Blackberry River,Qualitative_electrofishing_presence indicated,"Brook Trout, Wild",NORTH CANAAN,6100,189271999,1,Litchfield,-73.2628,42.0083000000001
62275,18927,2001,Blackberry River,Qualitative_electrofishing_presence indicated,"Brook Trout, Wild",NORTH CANAAN,6100,189272001,2,Litchfield,-73.2628,42.0083000000001
62348,19019,1998,Wachocastinook Creek,Qualitative_electrofishing_presence indicated,"Brook Trout, Wild",SALISBURY,6005,190191998,5,Litchfield,-73.438412,41.9930890000001
62362,19109,2000,Buck Brook,Qualitative_electrofishing_presence indicated,"Brook Trout, Wild",PORTLAND,4011,191092000,53,Middlesex,-72.556666,41.625455
62365,19134,2016,Little River,Qualitative_electrofishing_presence indicated,"Brook Trout, Wild",HAMPTON,3805,191342016,36,Windham,-72.0573699999999,41.7351590000001
62389,19154,2002,Aspetuck River,Qualitative_electrofishing_presence indicated,"Brook Trout, Wild",EASTON,7202,191542002,2,Fairfield,-73.3225389999999,41.255056
62449,19194,2008,Cathole Brook,Qualitative_electrofishing_presence indicated,"Brook Trout, Wild",MERIDEN,5205,191942008,79,New Haven,-72.804422,41.5523690000001
62463,19196,2007,Center Brook,Qualitative_electrofishing_presence indicated,"Brook Trout, Wild",COLEBROOK,4304,191962007,1,Litchfield,-73.097566,41.9918950000001
62466,19196,2012,Center Brook,Qualitative_electrofishing_presence indicated,"Brook Trout, Wild",COLEBROOK,4304,191962012,1,Litchfield,-73.097566,41.9918950000001
62613,19208,1998,Coppermine Brook,Qualitative_electrofishing_presence indicated,"Brook Trout, Wild",BRISTOL,4314,192081998,5,Hartford,-72.914527,41.693876
62629,19236,1999,Farm River,Qualitative_electrofishing_presence indicated,"Brook Trout, Wild",NORTH BRANFORD,5112,192361999,1,New Haven,-72.788307,41.394388
62670,19245,1999,East Branch Salmon Brook,Qualitative_electrofishing_presence indicated,"Brook Trout, Wild",GRANBY,4320,192451999,12,Hartford,-72.830214,41.999081
62684,19246,2000,Salmon Brook,Qualitative_electrofishing_presence indicated,"Brook Trout, Wild",GLASTONBURY,4006,192462000,91,Hartford,-72.570217,41.721283
62734,19258,1998,West River,Qualitative_electrofishing_presence indicated,"Brook Trout, Wild",GUILFORD,5110,192581998,1,New Haven,-72.690342,41.2900440000001
62750,19261,1998,West River,Qualitative_electrofishing_presence indicated,"Brook Trout, Wild",GUILFORD,5110,192611998,1,New Haven,-72.6927939999999,41.2942400000001
62773,19272,2007,West Branch Salmon Brook,Qualitative_electrofishing_presence indicated,"Brook Trout, Wild",GRANBY,4319,192722007,1,Hartford,-72.843105,41.9545910000001
62793,19291,2000,Stoughton Brook,Qualitative_electrofishing_presence indicated,"Brook Trout, Wild",STAFFORD,3104,192912000,15,Tolland,-72.25532,41.949468
62798,19382,1998,Shunock River,Qualitative_electrofishing_presence indicated,"Brook Trout, Wild",NORTH STONINGTON,1004,193821998,11,New London,-71.851165,41.4178900000001
62815,19382,1999,Shunock River,Qualitative_electrofishing_presence indicated,"Brook Trout, Wild",NORTH STONINGTON,1004,193821999,20,New London,-71.851165,41.4178900000001
62828,19382,2000,Shunock River,Qualitative_electrofishing_presence indicated,"Brook Trout, Wild",NORTH STONINGTON,1004,193822000,8,New London,-71.851165,41.4178900000001
62839,19382,2001,Shunock River,Qualitative_electrofishing_presence indicated,"Brook Trout, Wild",NORTH STONINGTON,1004,193822001,38,New London,-71.851165,41.4178900000001
62892,19393,1998,Flat Brook,Qualitative_electrofishing_presence indicated,"Brook Trout, Wild",CANAAN,6200,193931998,36,Litchfield,-73.320782,41.9477830000001
62926,19416,2000,Haleys Brook,Qualitative_electrofishing_presence indicated,"Brook Trout, Wild",GROTON,2106,194162000,9,New London,-71.9952959999999,41.3894460000001
62931,19417,2007,Halsey Brook,Qualitative_electrofishing_presence indicated,"Brook Trout, Wild",LEDYARD,3003,194172007,1,New London,-72.049457,41.4933970000001
63031,19440,1998,Hollenbeck River,Qualitative_electrofishing_presence indicated,"Brook Trout, Wild",CORNWALL,6200,194401998,15,Litchfield,-73.2726499999999,41.9163130000001
63077,19452,1991,Hubbard Brook,Qualitative_electrofishing_presence indicated,"Brook Trout, Wild",GLASTONBURY,4007,194521991,10,Hartford,-72.593759,41.7039080000001
63123,19469,2006,Ledgy Brook,Qualitative_electrofishing_presence indicated,"Brook Trout, Wild",CANAAN,6200,194692006,1,Litchfield,-73.307607,41.9659950000001
63127,19472,1999,Little River,Qualitative_electrofishing_presence indicated,"Brook Trout, Wild",REDDING,7201,194721999,6,Fairfield,-73.370368,41.324458
63132,19473,1998,Little River,Qualitative_electrofishing_presence indicated,"Brook Trout, Wild",REDDING,7201,194731998,9,Fairfield,-73.374831,41.2852720000001
63155,19480,2002,Livermore Pond Outflow,Qualitative_electrofishing_presence indicated,"Brook Trout, Wild",EASTON,7202,194802002,14,Fairfield,-73.3283749999999,41.278128
63161,19484,2002,Lyons Swamp Brook,Qualitative_electrofishing_presence indicated,"Brook Trout, Wild",EASTON,7202,194842002,52,Fairfield,-73.322869,41.270583
63207,19504,1998,Naromiyocknowhusunkatankshunk Brook (FKA Morrisey),Qualitative_electrofishing_presence indicated,"Brook Trout, Wild",NEW MILFORD,6017,195041998,18,Litchfield,-73.479663,41.635343
63217,19504,2010,Naromiyocknowhusunkatankshunk Brook (FKA Morrisey),Qualitative_electrofishing_presence indicated,"Brook Trout, Wild",NEW MILFORD,6017,195042010,12,Litchfield,-73.479663,41.635343
63232,19504,2011,Naromiyocknowhusunkatankshunk Brook (FKA Morrisey),Qualitative_electrofishing_presence indicated,"Brook Trout, Wild",NEW MILFORD,6017,195042011,2,Litchfield,-73.479663,41.635343
63273,19545,2001,Nonewaug River,Qualitative_electrofishing_presence indicated,"Brook Trout, Wild",WOODBURY,6802,195452001,44,Litchfield,-73.190255,41.5651980000001
63285,19551,2014,Bladens River (Bladdens River),Qualitative_electrofishing_presence indicated,"Brook Trout, Wild",WOODBRIDGE,6919,195512014,99,New Haven,-73.0192309999999,41.387364
63290,19551,2015,Bladens River (Bladdens River),Qualitative_electrofishing_presence indicated,"Brook Trout, Wild",WOODBRIDGE,6919,195512015,169,New Haven,-73.0192309999999,41.387364
63296,19551,2016,Bladens River (Bladdens River),Qualitative_electrofishing_presence indicated,"Brook Trout, Wild",WOODBRIDGE,6919,195512016,231,New Haven,-73.0192309999999,41.387364
63303,19551,2017,Bladens River (Bladdens River),Qualitative_electrofishing_presence indicated,"Brook Trout, Wild",WOODBRIDGE,6919,195512017,129,New Haven,-73.0192309999999,41.387364
63316,19555,2001,Hawleys Brook,Qualitative_electrofishing_presence indicated,"Brook Trout, Wild",EASTON,7200,195552001,72,Fairfield,-73.3422199999999,41.24944
63322,19555,2002,Hawleys Brook,Qualitative_electrofishing_presence indicated,"Brook Trout, Wild",EASTON,7200,195552002,48,Fairfield,-73.3422199999999,41.24944
63328,19555,2003,Hawleys Brook,Qualitative_electrofishing_presence indicated,"Brook Trout, Wild",EASTON,7200,195552003,9,Fairfield,-73.3422199999999,41.24944
63341,19555,2007,Hawleys Brook,Qualitative_electrofishing_presence indicated,"Brook Trout, Wild",EASTON,7200,195552007,105,Fairfield,-73.3422199999999,41.24944
63346,19555,2008,Hawleys Brook,Qualitative_electrofishing_presence indicated,"Brook Trout, Wild",EASTON,7200,195552008,162,Fairfield,-73.3422199999999,41.24944
63351,19555,2009,Hawleys Brook,Qualitative_electrofishing_presence indicated,"Brook Trout, Wild",EASTON,7200,195552009,55,Fairfield,-73.3422199999999,41.24944
63357,19555,2010,Hawleys Brook,Qualitative_electrofishing_presence indicated,"Brook Trout, Wild",EASTON,7200,195552010,53,Fairfield,-73.3422199999999,41.24944
63362,19555,2011,Hawleys Brook,Qualitative_electrofishing_presence indicated,"Brook Trout, Wild",EASTON,7200,195552011,21,Fairfield,-73.3422199999999,41.24944
63368,19555,2012,Hawleys Brook,Qualitative_electrofishing_presence indicated,"Brook Trout, Wild",EASTON,7200,195552012,39,Fairfield,-73.3422199999999,41.24944
63375,19555,2013,Hawleys Brook,Qualitative_electrofishing_presence indicated,"Brook Trout, Wild",EASTON,7200,195552013,12,Fairfield,-73.3422199999999,41.24944
63386,19556,2000,Mill River,Qualitative_electrofishing_presence indicated,"Brook Trout, Wild",FAIRFIELD,7108,195562000,1,Fairfield,-73.25083,41.2302800000001
63398,19556,2001,Mill River,Qualitative_electrofishing_presence indicated,"Brook Trout, Wild",FAIRFIELD,7108,195562001,3,Fairfield,-73.25083,41.2302800000001
63408,19556,2002,Mill River,Qualitative_electrofishing_presence indicated,"Brook Trout, Wild",FAIRFIELD,7108,195562002,1,Fairfield,-73.25083,41.2302800000001
63449,19556,2007,Mill River,Qualitative_electrofishing_presence indicated,"Brook Trout, Wild",FAIRFIELD,7108,195562007,41,Fairfield,-73.25083,41.2302800000001
63455,19556,2008,Mill River,Qualitative_electrofishing_presence indicated,"Brook Trout, Wild",FAIRFIELD,7108,195562008,6,Fairfield,-73.25083,41.2302800000001
63461,19556,2009,Mill River,Qualitative_electrofishing_presence indicated,"Brook Trout, Wild",FAIRFIELD,7108,195562009,19,Fairfield,-73.25083,41.2302800000001
63470,19556,2010,Mill River,Qualitative_electrofishing_presence indicated,"Brook Trout, Wild",FAIRFIELD,7108,195562010,62,Fairfield,-73.25083,41.2302800000001
63479,19556,2011,Mill River,Qualitative_electrofishing_presence indicated,"Brook Trout, Wild",FAIRFIELD,7108,195562011,58,Fairfield,-73.25083,41.2302800000001
63489,19556,2012,Mill River,Qualitative_electrofishing_presence indicated,"Brook Trout, Wild",FAIRFIELD,7108,195562012,35,Fairfield,-73.25083,41.2302800000001
63498,19556,2013,Mill River,Qualitative_electrofishing_presence indicated,"Brook Trout, Wild",FAIRFIELD,7108,195562013,6,Fairfield,-73.25083,41.2302800000001
63506,19556,2014,Mill River,Qualitative_electrofishing_presence indicated,"Brook Trout, Wild",FAIRFIELD,7108,195562014,25,Fairfield,-73.25083,41.2302800000001
63515,19556,2015,Mill River,Qualitative_electrofishing_presence indicated,"Brook Trout, Wild",FAIRFIELD,7108,195562015,25,Fairfield,-73.25083,41.2302800000001
63524,19556,2016,Mill River,Qualitative_electrofishing_presence indicated,"Brook Trout, Wild",FAIRFIELD,7108,195562016,26,Fairfield,-73.25083,41.2302800000001
63535,19556,2017,Mill River,Qualitative_electrofishing_presence indicated,"Brook Trout, Wild",FAIRFIELD,7108,195562017,47,Fairfield,-73.25083,41.2302800000001
63544,19557,2002,Mill River,Qualitative_electrofishing_presence indicated,"Brook Trout, Wild",FAIRFIELD,7108,195572002,3,Fairfield,-73.2537,41.2412400000001
63563,19557,2007,Mill River,Qualitative_electrofishing_presence indicated,"Brook Trout, Wild",FAIRFIELD,7108,195572007,36,Fairfield,-73.2537,41.2412400000001
63570,19557,2008,Mill River,Qualitative_electrofishing_presence indicated,"Brook Trout, Wild",FAIRFIELD,7108,195572008,65,Fairfield,-73.2537,41.2412400000001
63576,19557,2009,Mill River,Qualitative_electrofishing_presence indicated,"Brook Trout, Wild",FAIRFIELD,7108,195572009,164,Fairfield,-73.2537,41.2412400000001
63583,19557,2010,Mill River,Qualitative_electrofishing_presence indicated,"Brook Trout, Wild",FAIRFIELD,7108,195572010,140,Fairfield,-73.2537,41.2412400000001
63589,19557,2011,Mill River,Qualitative_electrofishing_presence indicated,"Brook Trout, Wild",FAIRFIELD,7108,195572011,146,Fairfield,-73.2537,41.2412400000001
63596,19557,2012,Mill River,Qualitative_electrofishing_presence indicated,"Brook Trout, Wild",FAIRFIELD,7108,195572012,198,Fairfield,-73.2537,41.2412400000001
63604,19557,2013,Mill River,Qualitative_electrofishing_presence indicated,"Brook Trout, Wild",FAIRFIELD,7108,195572013,79,Fairfield,-73.2537,41.2412400000001
63610,19558,2001,Freeman Hill Brook (formerly Negro Hill Brook),Qualitative_electrofishing_presence indicated,"Brook Trout, Wild",BURLINGTON,4314,195582001,29,Hartford,-72.95168,41.7247300000001
63614,19558,2002,Freeman Hill Brook (formerly Negro Hill Brook),Qualitative_electrofishing_presence indicated,"Brook Trout, Wild",BURLINGTON,4314,195582002,42,Hartford,-72.95168,41.7247300000001
63619,19558,2003,Freeman Hill Brook (formerly Negro Hill Brook),Qualitative_electrofishing_presence indicated,"Brook Trout, Wild",BURLINGTON,4314,195582003,19,Hartford,-72.95168,41.7247300000001
63627,19558,2007,Freeman Hill Brook (formerly Negro Hill Brook),Qualitative_electrofishing_presence indicated,"Brook Trout, Wild",BURLINGTON,4314,195582007,50,Hartford,-72.95168,41.7247300000001
63630,19558,2008,Freeman Hill Brook (formerly Negro Hill Brook),Qualitative_electrofishing_presence indicated,"Brook Trout, Wild",BURLINGTON,4314,195582008,18,Hartford,-72.95168,41.7247300000001
63633,19558,2009,Freeman Hill Brook (formerly Negro Hill Brook),Qualitative_electrofishing_presence indicated,"Brook Trout, Wild",BURLINGTON,4314,195582009,18,Hartford,-72.95168,41.7247300000001
63639,19558,2010,Freeman Hill Brook (formerly Negro Hill Brook),Qualitative_electrofishing_presence indicated,"Brook Trout, Wild",BURLINGTON,4314,195582010,37,Hartford,-72.95168,41.7247300000001
63643,19558,2011,Freeman Hill Brook (formerly Negro Hill Brook),Qualitative_electrofishing_presence indicated,"Brook Trout, Wild",BURLINGTON,4314,195582011,13,Hartford,-72.95168,41.7247300000001
63648,19558,2012,Freeman Hill Brook (formerly Negro Hill Brook),Qualitative_electrofishing_presence indicated,"Brook Trout, Wild",BURLINGTON,4314,195582012,12,Hartford,-72.95168,41.7247300000001
63652,19558,2013,Freeman Hill Brook (formerly Negro Hill Brook),Qualitative_electrofishing_presence indicated,"Brook Trout, Wild",BURLINGTON,4314,195582013,13,Hartford,-72.95168,41.7247300000001
63655,19558,2016,Freeman Hill Brook (formerly Negro Hill Brook),Qualitative_electrofishing_presence indicated,"Brook Trout, Wild",BURLINGTON,4314,195582016,50,Hartford,-72.95168,41.7247300000001
63657,19558,2017,Freeman Hill Brook (formerly Negro Hill Brook),Qualitative_electrofishing_presence indicated,"Brook Trout, Wild",BURLINGTON,4314,195582017,26,Hartford,-72.95168,41.7247300000001
63663,19559,2000,Freeman Hill Brook (formerly Negro Hill Brook),Qualitative_electrofishing_presence indicated,"Brook Trout, Wild",BURLINGTON,4314,195592000,47,Hartford,-72.95805,41.7266700000001
63670,19559,2001,Freeman Hill Brook (formerly Negro Hill Brook),Qualitative_electrofishing_presence indicated,"Brook Trout, Wild",BURLINGTON,4314,195592001,37,Hartford,-72.95805,41.7266700000001
63673,19559,2002,Freeman Hill Brook (formerly Negro Hill Brook),Qualitative_electrofishing_presence indicated,"Brook Trout, Wild",BURLINGTON,4314,195592002,136,Hartford,-72.95805,41.7266700000001
63676,19559,2003,Freeman Hill Brook (formerly Negro Hill Brook),Qualitative_electrofishing_presence indicated,"Brook Trout, Wild",BURLINGTON,4314,195592003,37,Hartford,-72.95805,41.7266700000001
63678,19559,2005,Freeman Hill Brook (formerly Negro Hill Brook),Qualitative_electrofishing_presence indicated,"Brook Trout, Wild",BURLINGTON,4314,195592005,148.1,Hartford,-72.95805,41.7266700000001
63682,19559,2007,Freeman Hill Brook (formerly Negro Hill Brook),Qualitative_electrofishing_presence indicated,"Brook Trout, Wild",BURLINGTON,4314,195592007,88,Hartford,-72.95805,41.7266700000001
63686,19559,2008,Freeman Hill Brook (formerly Negro Hill Brook),Qualitative_electrofishing_presence indicated,"Brook Trout, Wild",BURLINGTON,4314,195592008,30,Hartford,-72.95805,41.7266700000001
63692,19559,2009,Freeman Hill Brook (formerly Negro Hill Brook),Qualitative_electrofishing_presence indicated,"Brook Trout, Wild",BURLINGTON,4314,195592009,48,Hartford,-72.95805,41.7266700000001
63694,19559,2010,Freeman Hill Brook (formerly Negro Hill Brook),Qualitative_electrofishing_presence indicated,"Brook Trout, Wild",BURLINGTON,4314,195592010,32,Hartford,-72.95805,41.7266700000001
63697,19559,2011,Freeman Hill Brook (formerly Negro Hill Brook),Qualitative_electrofishing_presence indicated,"Brook Trout, Wild",BURLINGTON,4314,195592011,21,Hartford,-72.95805,41.7266700000001
63700,19559,2012,Freeman Hill Brook (formerly Negro Hill Brook),Qualitative_electrofishing_presence indicated,"Brook Trout, Wild",BURLINGTON,4314,195592012,84,Hartford,-72.95805,41.7266700000001
63703,19559,2013,Freeman Hill Brook (formerly Negro Hill Brook),Qualitative_electrofishing_presence indicated,"Brook Trout, Wild",BURLINGTON,4314,195592013,51,Hartford,-72.95805,41.7266700000001
63705,19559,2016,Freeman Hill Brook (formerly Negro Hill Brook),Qualitative_electrofishing_presence indicated,"Brook Trout, Wild",BURLINGTON,4314,195592016,23,Hartford,-72.95805,41.7266700000001
63707,19559,2017,Freeman Hill Brook (formerly Negro Hill Brook),Qualitative_electrofishing_presence indicated,"Brook Trout, Wild",BURLINGTON,4314,195592017,15,Hartford,-72.95805,41.7266700000001
63710,19560,2016,Freeman Hill Brook (formerly Negro Hill Brook),Qualitative_electrofishing_presence indicated,"Brook Trout, Wild",BURLINGTON,4314,195602016,41,Hartford,-72.95278,41.7252800000001
63713,19560,2017,Freeman Hill Brook (formerly Negro Hill Brook),Qualitative_electrofishing_presence indicated,"Brook Trout, Wild",BURLINGTON,4314,195602017,17,Hartford,-72.95278,41.7252800000001
63750,19561,2007,Pootatuck River,Qualitative_electrofishing_presence indicated,"Brook Trout, Wild",NEWTOWN,6020,195612007,2,Fairfield,-73.2830299999999,41.4183400000001
63758,19561,2008,Pootatuck River,Qualitative_electrofishing_presence indicated,"Brook Trout, Wild",NEWTOWN,6020,195612008,3,Fairfield,-73.2830299999999,41.4183400000001
63881,19579,1998,Quinnipiac River,Qualitative_electrofishing_presence indicated,"Brook Trout, Wild",CHESHIRE,5200,195791998,3,New Haven,-72.8732419999999,41.539345
63905,19587,2004,Roaring Brook,Qualitative_electrofishing_presence indicated,"Brook Trout, Wild",GLASTONBURY,4009,195872004,1,Hartford,-72.544819,41.675758
63916,19588,2003,Roaring Brook,Qualitative_electrofishing_presence indicated,"Brook Trout, Wild",GLASTONBURY,4009,195882003,34,Hartford,-72.518016,41.7048310000001
63941,19589,2004,Roaring Brook,Qualitative_electrofishing_presence indicated,"Brook Trout, Wild",GLASTONBURY,4009,195892004,2,Hartford,-72.560019,41.673096
63949,19589,2005,Roaring Brook,Qualitative_electrofishing_presence indicated,"Brook Trout, Wild",GLASTONBURY,4009,195892005,1,Hartford,-72.560019,41.673096
63982,19589,2009,Roaring Brook,Qualitative_electrofishing_presence indicated,"Brook Trout, Wild",GLASTONBURY,4009,195892009,1,Hartford,-72.560019,41.673096
63989,19590,1998,Roaring Brook,Qualitative_electrofishing_presence indicated,"Brook Trout, Wild",NORFOLK,6100,195901998,5,Litchfield,-73.2442,42.00447
63998,19591,1995,Roaring Brook,Qualitative_electrofishing_presence indicated,"Brook Trout, Wild",WILLINGTON,3104,195911995,12,Tolland,-72.262235,41.9283830000001
64008,19593,2004,Roaring Brook,Qualitative_electrofishing_presence indicated,"Brook Trout, Wild",STAFFORD,3104,195932004,1,Tolland,-72.252193,41.953109
64033,19608,1999,Second Brook,Qualitative_electrofishing_presence indicated,"Brook Trout, Wild",SIMSBURY,4300,196081999,243,Hartford,-72.811589,41.8560170000001
64038,19616,2004,Skungamaug River Trib.,Qualitative_electrofishing_presence indicated,"Brook Trout, Wild",COVENTRY,3106,196162004,33,Tolland,-72.369984,41.7694930000001
64041,19622,2000,Spruce Brook,Qualitative_electrofishing_presence indicated,"Brook Trout, Wild",NAUGATUCK,6900,196222000,58,New Haven,-73.065479,41.4582780000001
64044,19623,2000,Spruce Brook Trib.,Qualitative_electrofishing_presence indicated,"Brook Trout, Wild",NAUGATUCK,6900,196232000,13,New Haven,-73.0700649999999,41.4602980000001
64047,19624,2000,Spruce Brook,Qualitative_electrofishing_presence indicated,"Brook Trout, Wild",NAUGATUCK,6900,196242000,47,New Haven,-73.074038,41.4675080000001
64052,19633,1999,Stratton Brook,Qualitative_electrofishing_presence indicated,"Brook Trout, Wild",SIMSBURY,4318,196331999,30,Hartford,-72.832682,41.86479
64065,19635,1998,Tenmile River,Qualitative_electrofishing_presence indicated,"Brook Trout, Wild",CHESHIRE,5202,196351998,7,New Haven,-72.923415,41.5385220000001
64078,19640,2000,Roaring Brook,Qualitative_electrofishing_presence indicated,"Brook Trout, Wild",WILLINGTON,3104,196402000,3,Tolland,-72.256256,41.949103
64083,19652,1995,Rock Brook,Qualitative_electrofishing_presence indicated,"Brook Trout, Wild",HARWINTON,6908,196521995,11,Litchfield,-73.04562,41.7592440000001
64098,19670,2000,Dark Hollow Brook,Qualitative_electrofishing_presence indicated,"Brook Trout, Wild",GLASTONBURY,4008,196702000,2,Hartford,-72.5093249999999,41.6593140000001
64101,19671,2000,Dark Hollow Brook,Qualitative_electrofishing_presence indicated,"Brook Trout, Wild",GLASTONBURY,4008,196712000,2,Hartford,-72.507021,41.662791
64104,19671,2003,Dark Hollow Brook,Qualitative_electrofishing_presence indicated,"Brook Trout, Wild",GLASTONBURY,4008,196712003,8,Hartford,-72.507021,41.662791
64115,19884,1995,Wilson Pond Brook,Qualitative_electrofishing_presence indicated,"Brook Trout, Wild",HARWINTON,6907,198841995,11,Litchfield,-73.0476199999999,41.7387660000001
64129,19937,2002,Quinnipiac River,Qualitative_electrofishing_presence indicated,"Brook Trout, Wild",SOUTHINGTON,5200,199372002,1,Hartford,-72.88656,41.5954790000001
64156,19937,2007,Quinnipiac River,Qualitative_electrofishing_presence indicated,"Brook Trout, Wild",SOUTHINGTON,5200,199372007,2,Hartford,-72.88656,41.5954790000001
64165,19937,2008,Quinnipiac River,Qualitative_electrofishing_presence indicated,"Brook Trout, Wild",SOUTHINGTON,5200,199372008,4,Hartford,-72.88656,41.5954790000001
64180,19937,2010,Quinnipiac River,Qualitative_electrofishing_presence indicated,"Brook Trout, Wild",SOUTHINGTON,5200,199372010,5,Hartford,-72.88656,41.5954790000001
64192,19937,2012,Quinnipiac River,Qualitative_electrofishing_presence indicated,"Brook Trout, Wild",SOUTHINGTON,5200,199372012,4,Hartford,-72.88656,41.5954790000001
64201,19937,2013,Quinnipiac River,Qualitative_electrofishing_presence indicated,"Brook Trout, Wild",SOUTHINGTON,5200,199372013,2,Hartford,-72.88656,41.5954790000001
64217,20006,1998,Great Brook,Qualitative_electrofishing_presence indicated,"Brook Trout, Wild",NEW MILFORD,6000,200061998,4,Litchfield,-73.4061599999999,41.581147
64220,20008,1998,Great Brook,Qualitative_electrofishing_presence indicated,"Brook Trout, Wild",NEW MILFORD,6000,200081998,2,Litchfield,-73.401371,41.6036920000001
64229,20016,2002,Means Brook,Qualitative_electrofishing_presence indicated,"Brook Trout, Wild",MONROE,6024,200162002,58,Fairfield,-73.179719,41.356455
64233,20017,2002,Means Brook,Qualitative_electrofishing_presence indicated,"Brook Trout, Wild",MONROE,6024,200172002,145,Fairfield,-73.174612,41.3539040000001
64321,20039,2001,Blackberry River,Qualitative_electrofishing_presence indicated,"Brook Trout, Wild",CANAAN,6100,200392001,1,Litchfield,-73.304448,42.0105570000001
64373,20039,2008,Blackberry River,Qualitative_electrofishing_presence indicated,"Brook Trout, Wild",CANAAN,6100,200392008,3,Litchfield,-73.304448,42.0105570000001
64391,20039,2010,Blackberry River,Qualitative_electrofishing_presence indicated,"Brook Trout, Wild",CANAAN,6100,200392010,11,Litchfield,-73.304448,42.0105570000001
64402,20076,1998,Hollenbeck River Trib,Qualitative_electrofishing_presence indicated,"Brook Trout, Wild",CORNWALL,6200,200761998,10,Litchfield,-73.2731229999999,41.9160850000001
64409,20091,1998,Weekeepeemee River,Qualitative_electrofishing_presence indicated,"Brook Trout, Wild",WOODBURY,6804,200911998,8,Litchfield,-73.2229,41.5736000000001
64439,20104,2000,East Branch Salmon Brook,Qualitative_electrofishing_presence indicated,"Brook Trout, Wild",GRANBY,4320,201042000,41,Hartford,-72.83417,42.00167
64446,20105,2005,East Branch Salmon Brook,Qualitative_electrofishing_presence indicated,"Brook Trout, Wild",GRANBY,4320,201052005,20,Hartford,-72.8033,41.97101
64452,20105,2007,East Branch Salmon Brook,Qualitative_electrofishing_presence indicated,"Brook Trout, Wild",GRANBY,4320,201052007,42,Hartford,-72.8033,41.97101
64475,20107,2009,East Branch Salmon Brook,Qualitative_electrofishing_presence indicated,"Brook Trout, Wild",GRANBY,4320,201072009,38,Hartford,-72.7961109999999,41.98278
64487,20108,1998,Furnace Brook,Qualitative_electrofishing_presence indicated,"Brook Trout, Wild",CORNWALL,6010,201081998,2,Litchfield,-73.34903,41.83068
64509,20109,2000,Hawleys Brook,Qualitative_electrofishing_presence indicated,"Brook Trout, Wild",WESTON,7200,201092000,24,Fairfield,-73.34327,41.24575
64516,20109,2001,Hawleys Brook,Qualitative_electrofishing_presence indicated,"Brook Trout, Wild",WESTON,7200,201092001,122,Fairfield,-73.34327,41.24575
64523,20109,2002,Hawleys Brook,Qualitative_electrofishing_presence indicated,"Brook Trout, Wild",WESTON,7200,201092002,54,Fairfield,-73.34327,41.24575
64530,20109,2003,Hawleys Brook,Qualitative_electrofishing_presence indicated,"Brook Trout, Wild",WESTON,7200,201092003,37,Fairfield,-73.34327,41.24575
64553,20109,2007,Hawleys Brook,Qualitative_electrofishing_presence indicated,"Brook Trout, Wild",WESTON,7200,201092007,139,Fairfield,-73.34327,41.24575
64561,20109,2008,Hawleys Brook,Qualitative_electrofishing_presence indicated,"Brook Trout, Wild",WESTON,7200,201092008,107,Fairfield,-73.34327,41.24575
64570,20109,2009,Hawleys Brook,Qualitative_electrofishing_presence indicated,"Brook Trout, Wild",WESTON,7200,201092009,81,Fairfield,-73.34327,41.24575
64575,20109,2010,Hawleys Brook,Qualitative_electrofishing_presence indicated,"Brook Trout, Wild",WESTON,7200,201092010,76,Fairfield,-73.34327,41.24575
64584,20109,2011,Hawleys Brook,Qualitative_electrofishing_presence indicated,"Brook Trout, Wild",WESTON,7200,201092011,44,Fairfield,-73.34327,41.24575
64591,20109,2013,Hawleys Brook,Qualitative_electrofishing_presence indicated,"Brook Trout, Wild",WESTON,7200,201092013,17,Fairfield,-73.34327,41.24575
64596,20113,2002,Macedonia Brook,Qualitative_electrofishing_presence indicated,"Brook Trout, Wild",KENT,6015,201132002,10,Litchfield,-73.49416,41.7499990000001
64600,20114,2002,Macedonia Brook,Qualitative_electrofishing_presence indicated,"Brook Trout, Wild",KENT,6015,201142002,14,Litchfield,-73.49055,41.781389
64605,20115,1995,Macedonia Brook,Qualitative_electrofishing_presence indicated,"Brook Trout, Wild",KENT,6015,201151995,35,Litchfield,-73.49333,41.7597190000001
64727,20118,1998,Wachocastinook Brook,Qualitative_electrofishing_presence indicated,"Brook Trout, Wild",SALISBURY,6005,201181998,2,Litchfield,-73.42081,41.9798000000001
64733,20130,2001,Housatonic River-KF Refuge,Qualitative_electrofishing_presence indicated,"Brook Trout, Wild",KENT,6000,201302001,1,Litchfield,-73.419382,41.7770800000001
